time,latitude,longitude,depth,mag,magType,nst,gap,dmin,rms,net,id,updated,place,type,horizontalError,depthError,magError,magNst,status,locationSource,magSource
2026-03-31T23:29:47.277Z,-22.1796,-179.6895,562.749,4.5,mb,23,111,4.896,0.85,us,us7000s98i,2026-04-01T00:56:47.040Z,"south of the Fiji Islands",earthquake,14.62,11.992,0.14,17,reviewed,us,us
2026-03-31T22:40:43.430Z,19.2428,-64.8535,23,3.51,md,18,245,0.8605,0.38,pr,pr2026090017,2026-04-01T04:37:56.662Z,"100 km N of Charlotte Amalie, U.S. Virgin Islands",earthquake,1.6,29.99,0.19,16,reviewed,pr,pr
2026-03-31T21:56:33.682Z,-12.732,169.2141,642.156,5.1,mb,67,44,3.33,0.55,us,us7000s97y,2026-03-31T22:10:36.040Z,"220 km NE of Sola, Vanuatu",earthquake,11.2,7.766,0.08,51,reviewed,us,us
2026-03-31T21:38:31.620Z,19.602,-63.7088,37,3.87,md,15,319,1.4955,0.39,pr,pr2026090015,2026-04-01T01:39:05.389Z,"167 km NNW of The Valley, Anguilla",earthquake,3.76,24.98,0.09,7,reviewed,pr,pr
2026-03-31T21:32:37.680Z,19.2313,-64.9078,7,3.6,ml,21,255,0.866,0.67,pr,pr2026090014,2026-04-01T01:26:13.727Z,"98 km N of Charlotte Amalie, U.S. Virgin Islands",earthquake,5.89,5.53,0,0,reviewed,pr,pr
2026-03-31T21:15:38.200Z,19.2161,-64.8965,20,4.9,ml,31,222,0.8479,0.32,pr,pr2026090013,2026-04-01T14:56:07.991Z,"96 km N of Charlotte Amalie, U.S. Virgin Islands",earthquake,1.12,27.75,0,0,reviewed,pr,pr
2026-03-31T20:00:56.919Z,34.3459,83.332,10,4,mb,36,155,7.578,0.73,us,us7000s96f,2026-03-31T21:18:33.040Z,"265 km SSE of Aqqan, China",earthquake,10.8,1.93,0.119,19,reviewed,us,us
2026-03-31T19:54:47.190Z,19.5148,-63.7195,10,3.74,md,21,317,1.2311,0.46,pr,pr2026090011,2026-03-31T21:02:32.040Z,"159 km NNW of The Valley, Anguilla",earthquake,15.16,21.46,0.2,16,reviewed,pr,pr
2026-03-31T19:48:27.300Z,19.2096,-64.8765,25,3.79,md,25,241,0.8354,0.36,pr,pr2026090012,2026-03-31T20:51:42.040Z,"96 km N of Charlotte Amalie, U.S. Virgin Islands",earthquake,1.68,25.21,0.23,16,reviewed,pr,pr
2026-03-31T19:24:50.278Z,-30.2892,-178.7529,143.358,5.7,mww,87,47,7.654,0.89,us,us7000s963,2026-04-01T19:52:56.216Z,"Kermadec Islands, New Zealand",earthquake,10.24,6.5,0.048,42,reviewed,us,us
2026-03-31T17:09:03.253Z,-20.6658,-178.0031,555.77,4.8,mb,67,90,4.725,0.76,us,us7000s95j,2026-03-31T17:29:29.040Z,"286 km WNW of Houma, Tonga",earthquake,9.6,6.418,0.049,130,reviewed,us,us
2026-03-31T16:01:57.430Z,41.1722,-116.7034,7,3.77,mw,8,260,0.317,0.1529,nn,nn00913580,2026-03-31T22:50:52.906Z,"55 km NE of Valmy, Nevada",earthquake,,1.7616,,,reviewed,nn,nn
2026-03-31T15:45:35.750Z,24.6136,97.6233,10,4.4,mb,46,79,4.211,0.75,us,us7000s95e,2026-03-31T18:38:03.040Z,"23 km WSW of Taiping, China",earthquake,8.33,1.893,0.093,35,reviewed,us,us
2026-03-31T15:44:28.038Z,59.765,-152.359,81.4,4.1,ml,238,78,0.3,0.8,ak,aka2026gioyfa,2026-04-04T17:41:51.306Z,"29 km W of Anchor Point, Alaska",earthquake,1.9,1.347,0.2,150,reviewed,ak,ak
2026-03-31T15:38:48.865Z,33.9265,139.9842,116.409,4.5,mb,67,100,2.736,0.68,us,us7000s954,2026-04-01T01:22:57.607Z,"117 km S of Tateyama, Japan",earthquake,9.29,1.956,0.066,77,reviewed,us,us
2026-03-31T13:41:47.812Z,-10.2445,161.1958,83.52,4.4,mb,43,109,1.468,0.62,us,us7000s93l,2026-03-31T17:33:07.040Z,"82 km WNW of Kirakira, Solomon Islands",earthquake,9.39,4.999,0.091,39,reviewed,us,us
2026-03-31T13:20:36.865Z,36.4812,70.9885,217.563,4.3,mb,130,61,2.182,0.61,us,us7000s93i,2026-03-31T16:16:37.040Z,"44 km SSE of Jurm, Afghanistan",earthquake,8.86,6.397,0.049,125,reviewed,us,us
2026-03-31T12:44:05.720Z,19.3431,-64.0385,45,3.53,md,16,313,0.9271,0.54,pr,pr2026090010,2026-04-01T12:41:23.040Z,"137 km NE of Cruz Bay, U.S. Virgin Islands",earthquake,4.52,15.08,0.22,7,reviewed,pr,pr
2026-03-31T12:38:51.740Z,19.4586,-63.6115,42,4.16,md,22,250,1.2502,0.35,pr,pr2026090009,2026-03-31T13:59:38.102Z,"149 km NNW of The Valley, Anguilla",earthquake,2.08,11.08,0.14,16,reviewed,pr,pr
2026-03-31T11:57:32.900Z,19.5021,-63.841,49,3.92,md,16,319,1.157,0.44,pr,pr2026090008,2026-04-01T11:57:13.040Z,"163 km NE of Cruz Bay, U.S. Virgin Islands",earthquake,4.07,14.46,0.09,10,reviewed,pr,pr
2026-03-31T11:55:16.751Z,52.1534,-170.8531,57.535,3.8,mb,69,188,0.855,0.85,us,us7000s986,2026-04-01T11:42:56.040Z,"160 km WSW of Nikolski, Alaska",earthquake,8.23,9.263,0.09,32,reviewed,us,us
2026-03-31T11:14:24.054Z,2.009,121.8692,549.486,5.1,mb,69,79,6.24,0.83,us,us7000s92w,2026-03-31T11:25:44.040Z,"210 km NW of Gorontalo, Indonesia",earthquake,6.73,9.495,0.079,52,reviewed,us,us
2026-03-31T11:14:20.510Z,19.2946,-64.0328,60,3.94,md,13,313,0.8851,0.5,pr,pr2026090006,2026-03-31T11:54:56.830Z,"133 km NE of Cruz Bay, U.S. Virgin Islands",earthquake,4.59,9.41,0.1,8,reviewed,pr,pr
2026-03-31T10:03:48.641Z,-16.3201,167.6327,63.712,4.9,mb,28,117,0.961,0.49,us,us7000s92b,2026-03-31T10:20:00.040Z,"33 km SE of Lakatoro, Vanuatu",earthquake,7.86,7.807,0.126,20,reviewed,us,us
2026-03-31T09:58:26.260Z,19.4566,-63.6738,15,4.2,md,23,273,1.2101,0.4,pr,pr2026090007,2026-03-31T12:12:22.404Z,"151 km NNW of The Valley, Anguilla",earthquake,4.45,8.49,0.15,16,reviewed,pr,pr
2026-03-31T09:45:12.350Z,19.4741,-63.8168,33,4.12,md,18,319,1.1448,0.43,pr,pr2026090005,2026-03-31T12:36:46.040Z,"160 km NNW of Sandy Ground Village, Anguilla",earthquake,3.09,22.23,0.17,15,reviewed,pr,pr
2026-03-31T09:32:56.271Z,-20.4789,-177.9852,537.242,4.6,mb,40,154,4.629,0.75,us,us7000s920,2026-03-31T11:07:16.040Z,"289 km WNW of Houma, Tonga",earthquake,15.1,9.514,0.092,35,reviewed,us,us
2026-03-31T09:28:34.130Z,19.543,-63.7398,31,3.97,md,24,306,1.2437,0.46,pr,pr2026090002,2026-04-01T09:27:44.040Z,"163 km NNW of The Valley, Anguilla",earthquake,2.67,28.05,0.18,19,reviewed,pr,pr
2026-03-31T09:22:37.700Z,19.5763,-63.5653,15,5,ml,25,250,1.3711,0.3,pr,pr2026090003,2026-03-31T17:25:59.040Z,"159 km NNW of The Valley, Anguilla",earthquake,2.6,5.22,0.09,2,reviewed,pr,pr
2026-03-31T07:56:55.100Z,19.513,-63.5915,51,3.93,md,17,323,1.3051,0.55,pr,pr2026090001,2026-03-31T09:26:32.040Z,"154 km NNW of The Valley, Anguilla",earthquake,4.99,17.36,0.09,9,reviewed,pr,pr
2026-03-31T07:48:29.020Z,19.542,-63.8148,30,3.55,md,13,304,1.2046,0.49,pr,pr2026090004,2026-04-07T07:01:13.040Z,"166 km NNW of Sandy Ground Village, Anguilla",earthquake,2.81,30.34,0.19,6,reviewed,pr,pr
2026-03-31T07:39:33.240Z,19.5913,-63.6346,24,3.98,md,23,304,1.3422,0.39,pr,pr2026090000,2026-03-31T22:22:40.622Z,"163 km NNW of The Valley, Anguilla",earthquake,1.84,28.91,0.15,18,reviewed,pr,pr
2026-03-31T06:11:59.049Z,44.4797,79.6702,10,4.7,mb,74,72,1.16,1.06,us,us7000s91d,2026-04-01T02:01:03.061Z,"43 km NW of Zharkent, Kazakhstan",earthquake,6.69,1.878,0.062,80,reviewed,us,us
2026-03-31T04:39:03.977Z,-8.7445,-75.2588,123.61,4.3,mb,35,116,2.721,0.84,us,us7000s90r,2026-04-01T02:57:49.040Z,"10 km NNW of San Alejandro, Peru",earthquake,6.45,8.141,0.093,33,reviewed,us,us
2026-03-31T03:37:55.253Z,3.0073,126.4704,53.91,4.7,mb,68,100,4.132,0.89,us,us7000s902,2026-03-31T03:54:34.040Z,"222 km NW of Tobelo, Indonesia",earthquake,8.6,6.275,0.061,81,reviewed,us,us
2026-03-31T03:15:19.795Z,-3.496,146.8713,10,4.6,mb,24,175,1.525,0.86,us,us7000s8zx,2026-03-31T03:40:02.040Z,"167 km SSW of Lorengau, Papua New Guinea",earthquake,13.88,1.954,0.128,18,reviewed,us,us
2026-03-31T03:12:14.134Z,-55.3251,-27.1153,10,4.9,mb,44,84,5.521,0.68,us,us7000s8zw,2026-03-31T03:26:53.040Z,"South Sandwich Islands region",earthquake,10.81,1.896,0.086,43,reviewed,us,us
2026-03-30T23:04:35.606Z,55.127,-154.55,18.2,3.6,ml,63,280,2.2,0.9,ak,aka2026ghhuqc,2026-03-31T05:18:37.935Z,"203 km S of Akhiok, Alaska",earthquake,18.1,12.1439,0.2,48,reviewed,ak,ak
2026-03-30T22:35:33.339Z,-2.8955,134.308,61.71,4.1,mb,13,152,2.057,0.29,us,us7000s8yd,2026-03-30T23:55:14.040Z,"123 km SE of Bintuni, Indonesia",earthquake,11.14,7.837,0.15,12,reviewed,us,us
2026-03-30T22:09:11.193Z,-20.7992,-178.7732,698.129,4,mb,25,133,32.743,0.58,us,us7000s8y6,2026-03-30T23:08:34.040Z,"Fiji region",earthquake,14.42,12.079,0.108,23,reviewed,us,us
2026-03-30T19:50:27.008Z,-14.6979,167.2092,85.082,4.8,mb,31,146,0.745,0.77,us,us7000s8x0,2026-03-30T20:09:55.884Z,"40 km NNE of Port-Olry, Vanuatu",earthquake,13.47,7.879,0.114,24,reviewed,us,us
2026-03-30T19:23:05.747Z,54.583,-159.9368,35,3.9,mb,42,160,1.493,0.7,us,us7000s8wf,2026-03-31T04:25:49.035Z,"91 km SSE of Sand Point, Alaska",earthquake,4.95,1.944,0.148,12,reviewed,us,us
2026-03-30T19:14:22.188Z,54.0235,-163.4287,35,3.8,mb,40,159,0.893,0.57,us,us7000s8wc,2026-03-31T04:22:27.712Z,"92 km S of False Pass, Alaska",earthquake,6.42,1.968,0.153,11,reviewed,us,us
2026-03-30T19:05:48.857Z,38.3069,142.0259,54.379,4.4,mb,39,123,2.588,1.15,us,us7000s8wb,2026-03-30T19:31:00.040Z,"52 km ESE of Onagawa Chō, Japan",earthquake,6.21,7.661,0.098,30,reviewed,us,us
2026-03-30T15:22:34.845Z,-29.5924,-177.8572,55.246,4.7,mb,36,151,0.352,0.6,us,us7000s8ux,2026-03-30T17:19:12.040Z,"Kermadec Islands, New Zealand",earthquake,10.22,5.104,0.106,27,reviewed,us,us
2026-03-30T14:43:32.837Z,23.9957,-45.8423,10,5.3,mb,126,39,16.172,0.48,us,us7000s8um,2026-03-30T15:03:15.040Z,"northern Mid-Atlantic Ridge",earthquake,10.04,1.86,0.024,579,reviewed,us,us
2026-03-30T14:34:20.596Z,-18.5949,-175.6082,193.114,4.6,mb,61,65,5.401,0.98,us,us7000s8uh,2026-03-30T14:52:36.040Z,"171 km W of Neiafu, Tonga",earthquake,12.27,7.717,0.061,80,reviewed,us,us
2026-03-30T14:26:30.829Z,-23.266,-66.6631,206.036,4.5,mb,63,66,1.43,1.06,us,us7000s8u9,2026-03-30T14:43:25.040Z,"100 km W of El Aguilar, Argentina",earthquake,8.98,7.189,0.043,164,reviewed,us,us
2026-03-30T11:45:29.419Z,51.8693,176.4725,28.469,4.4,mb,82,151,1.303,0.85,us,us7000s8sz,2026-03-31T00:19:03.265Z,"248 km ESE of Attu Station, Alaska",earthquake,11.25,6.759,0.052,107,reviewed,us,us
2026-03-30T10:14:19.827Z,-47.8194,115.9394,10,5.1,mb,40,59,14.907,0.85,us,us7000s8sa,2026-03-30T10:31:53.040Z,"western Indian-Antarctic Ridge",earthquake,11.48,1.886,0.083,47,reviewed,us,us
2026-03-30T09:19:33.390Z,18.8773,-67.355,12,3.94,md,24,199,0.4768,0.45,pr,pr2026089000,2026-03-30T10:12:12.963Z,"50 km NNW of San Antonio, Puerto Rico",earthquake,1.16,2.11,0.09,22,reviewed,pr,pr
2026-03-30T09:02:32.124Z,-15.3663,167.5229,149.049,5,mb,39,129,6.795,0.63,us,us7000s8rs,2026-03-30T09:59:46.698Z,"42 km ENE of Luganville, Vanuatu",earthquake,13.14,6.947,0.101,31,reviewed,us,us
2026-03-30T08:44:13.823Z,-15.3139,167.5616,121.28,7.3,mww,181,25,0.37,0.89,us,us7000s8q0,2026-03-31T09:13:22.522Z,"48 km ENE of Luganville, Vanuatu",earthquake,9.79,4.133,0.034,85,reviewed,us,us
2026-03-30T08:44:07.642Z,-15.2696,167.4673,115.406,5.4,mb,148,25,0.31,0.65,us,us7000s8v7,2026-03-31T17:10:24.410Z,"42 km NE of Luganville, Vanuatu",earthquake,6.09,4.47,0.026,505,reviewed,us,us
2026-03-30T08:25:40.113Z,-19.9914,-70.9406,19,4.1,mwr,21,145,0.81,0.98,us,us7000s8py,2026-04-04T10:05:53.521Z,"85 km WNW of Puerto, Chile",earthquake,4.41,1.877,0.062,25,reviewed,us,us
2026-03-30T07:46:59.029Z,40.5605,142.7159,35.401,4.5,mb,95,119,1.277,0.69,us,us7000s8pt,2026-03-30T08:38:08.040Z,"90 km ENE of Kuji, Japan",earthquake,7.03,7.41,0.059,84,reviewed,us,us
2026-03-30T07:30:28.018Z,11.4154,-86.8927,57.537,5.4,mww,78,150,1.632,1.27,us,us7000s8pl,2026-03-31T17:38:43.040Z,"58 km SW of Masachapa, Nicaragua",earthquake,8.35,8.253,0.053,34,reviewed,us,us
2026-03-30T05:15:27.722Z,12.6049,-89.4064,31.192,4.6,mb,76,154,1.044,0.64,us,us7000s8p7,2026-03-30T05:58:42.040Z,"98 km S of La Libertad, El Salvador",earthquake,7.72,7.359,0.052,109,reviewed,us,us
2026-03-30T05:06:18.113Z,53.6945,-162.9865,35,3.8,mb,37,162,1.298,0.71,us,us7000s8p3,2026-03-30T20:00:33.036Z,"132 km SSE of False Pass, Alaska",earthquake,6,1.864,0.109,22,reviewed,us,us
2026-03-30T04:26:28.288Z,54.3294,-161.6849,21.844,3.6,mb,19,194,1.192,0.58,us,us7000s8nv,2026-03-30T19:53:53.181Z,"91 km SSE of King Cove, Alaska",earthquake,5.99,11.01,0.177,8,reviewed,us,us
2026-03-30T04:04:11.234Z,26.3013,128.9058,10,4.7,mb,32,96,0.778,0.9,us,us7000s8nq,2026-03-30T04:19:35.040Z,"83 km ESE of Taira, Japan",earthquake,3.99,1.906,0.104,28,reviewed,us,us
2026-03-30T04:00:23.658Z,-7.41,128.5886,149.278,4.9,mb,48,35,3.153,0.66,us,us7000s8nn,2026-03-30T04:14:12.040Z,"214 km NE of Lospalos, Timor Leste",earthquake,8.34,7.832,0.094,35,reviewed,us,us
2026-03-30T03:31:18.179Z,26.3319,128.9301,10,4.7,mb,42,69,0.774,1.12,us,us7000s8ng,2026-03-30T03:45:36.040Z,"84 km ESE of Taira, Japan",earthquake,5.57,1.882,0.082,45,reviewed,us,us
2026-03-30T02:22:47.156Z,26.2473,-88.281,10,3.9,ml,30,129,4.891,0.91,us,us7000s8na,2026-03-31T03:53:21.767Z,"Gulf of America",earthquake,8.46,1.996,0.148,6,reviewed,us,us
2026-03-30T02:12:44.937Z,26.1678,128.8256,10,4.6,mb,25,75,0.83,1.06,us,us7000s8n3,2026-03-30T02:25:52.040Z,"84 km SE of Taira, Japan",earthquake,4.37,2.258,0.122,20,reviewed,us,us
2026-03-30T01:29:07.432Z,2.3956,126.7675,35,4.4,mb,30,122,14.304,0.61,us,us7000s8mt,2026-03-30T01:47:09.040Z,"156 km WNW of Tobelo, Indonesia",earthquake,11.12,1.94,0.112,23,reviewed,us,us
2026-03-30T01:27:22.906Z,31.758,-103.834,8.83,3.7,ml,33,40,0,0.1,tx,tx2026gfqujs,2026-03-31T01:41:32.764Z,"22 km WNW of Mentone, Texas",earthquake,0.26572781503272,0.54868602706301,0.3,43,reviewed,tx,tx
2026-03-30T01:12:30.840Z,26.2155,128.8262,10,5.1,mww,51,65,0.792,1.04,us,us7000s8mj,2026-03-30T16:06:40.175Z,"81 km SE of Taira, Japan",earthquake,4.27,2.362,0.093,11,reviewed,us,us
2026-03-29T23:45:14.225Z,-16.4134,-173.6674,50.405,5.1,mb,79,54,3.084,0.65,us,us7000s8me,2026-03-30T01:36:10.040Z,"52 km SSE of Hihifo, Tonga",earthquake,12.6,5.338,0.028,411,reviewed,us,us
2026-03-29T22:58:43.326Z,-29.3772,-71.9446,34.656,4.3,mwr,27,196,0.818,0.76,us,us7000s8m4,2026-03-30T02:08:16.040Z,"86 km NW of Coquimbo, Chile",earthquake,5.42,6.436,0.046,46,reviewed,us,us
2026-03-29T18:46:50.949Z,-10.8288,113.9756,10,4.6,mb,33,93,2.35,0.84,us,us7000s8lc,2026-03-29T19:20:23.040Z,"260 km SSW of Jimbaran, Indonesia",earthquake,7.87,1.91,0.105,27,reviewed,us,us
2026-03-29T18:09:56.137Z,-5.4366,153.7281,43,5.4,mww,58,60,1.99,0.59,us,us7000s8kx,2026-03-30T18:32:12.458Z,"202 km SE of Kokopo, Papua New Guinea",earthquake,8.17,1.94,0.068,21,reviewed,us,us
2026-03-29T17:55:59.832Z,-36.3476,-73.8999,10,4.2,mb,29,117,2.094,0.83,us,us7000s8ks,2026-03-29T20:38:38.040Z,"81 km WNW of Talcahuano, Chile",earthquake,7.44,1.965,0.216,6,reviewed,us,us
2026-03-29T17:50:19.173Z,50.6869,-130.1261,10,4.2,mwr,97,132,1.269,0.5,us,us7000s8kp,2026-03-30T19:05:42.230Z,"215 km W of Port McNeill, Canada",earthquake,7.81,1.977,0.057,30,reviewed,us,us
2026-03-29T15:33:42.190Z,18.8985,-68.7705,102,3.69,md,20,149,0.5471,0.53,pr,pr2026088001,2026-03-29T16:40:00.428Z,"29 km NNW of Otra Banda, Dominican Republic",earthquake,4.4,4.33,0.18,15,reviewed,pr,pr
2026-03-29T15:06:26.560Z,13.6627,145.1891,93.066,4.5,mb,26,139,20.885,0.67,us,us7000s8jx,2026-04-01T02:56:20.526Z,"35 km ENE of Yigo Village, Guam",earthquake,15.6,8.559,0.072,57,reviewed,us,us
2026-03-29T12:51:28.886Z,36.7273,71.3125,136.523,4.1,mb,40,259,1.837,0.74,us,us7000s8jh,2026-03-29T13:50:06.040Z,"20 km WNW of Ashkāsham, Afghanistan",earthquake,6.8,8.661,0.095,30,reviewed,us,us
2026-03-29T12:47:43.563Z,-7.668,123.025,290.414,4.4,mb,20,89,2.41,0.46,us,us7000s8jg,2026-03-29T14:31:53.040Z,"138 km NE of Maumere, Indonesia",earthquake,9.02,7.595,0.126,18,reviewed,us,us
2026-03-29T09:25:12.383Z,-22.1587,-179.789,589.381,4.3,mb,43,125,4.837,0.83,us,us7000s8iq,2026-03-29T10:13:56.040Z,"south of the Fiji Islands",earthquake,14.25,9.642,0.089,37,reviewed,us,us
2026-03-29T07:07:55.296Z,27.9924,128.1032,10,5.1,mww,47,78,1.162,1.16,us,us7000s8id,2026-03-29T15:51:01.040Z,"80 km WNW of Amagi, Japan",earthquake,7.77,1.876,0.069,20,reviewed,us,us
2026-03-29T05:41:17.862Z,51.88,176.227,21.4,3.5,ml,19,342,1.4,0.5,ak,aka2026gednch,2026-03-30T22:33:41.857Z,"233 km ESE of Attu Station, Alaska",earthquake,28,17.6247,0.1,15,reviewed,ak,ak
2026-03-29T04:29:35.448Z,51.8034,176.2285,10,4,mb,35,204,1.422,1.22,us,us7000s8i2,2026-03-31T22:34:24.040Z,"237 km ESE of Attu Station, Alaska",earthquake,6.85,2.001,0.089,34,reviewed,us,us
2026-03-29T03:35:58.460Z,18.0333,-68.4855,81,3.56,md,22,220,0.4917,0.51,pr,pr2026088000,2026-03-29T04:33:17.040Z,"40 km SSE of Boca de Yuma, Dominican Republic",earthquake,3.53,2.85,0.09,11,reviewed,pr,pr
2026-03-29T03:14:39.624Z,27.182,87.9335,10,4.4,mb,41,161,3.771,0.76,us,us7000s8h7,2026-03-29T03:50:10.093Z,"30 km N of Ilām, Nepal",earthquake,6.84,1.908,0.086,39,reviewed,us,us
2026-03-29T03:12:17.360Z,22.2967,120.5361,10,4.6,mb,35,154,0.722,0.68,us,us7000s8h2,2026-03-29T04:04:19.040Z,"20 km SSE of Donggang, Taiwan",earthquake,1.77,1.898,0.081,47,reviewed,us,us
2026-03-29T03:01:58.177Z,38.2032,20.841,36.232,4.5,mb,74,81,1.336,1.22,us,us7000s8h1,2026-03-29T04:22:22.040Z,"8 km NE of Póros, Greece",earthquake,5.58,6.801,0.08,45,reviewed,us,us
2026-03-29T03:01:46.394Z,51.8064,176.1611,35,3.6,ml,16,205,1.464,0.79,us,us7000s8hy,2026-03-31T22:10:11.040Z,"233 km ESE of Attu Station, Alaska",earthquake,5.04,2.015,0.097,14,reviewed,us,us
2026-03-28T22:28:38.590Z,19.6806,-63.607,30,3.94,md,24,312,1.4315,0.28,pr,pr2026087002,2026-03-29T01:02:40.040Z,"172 km NNW of The Valley, Anguilla",earthquake,1.61,22.15,0.17,11,reviewed,pr,pr
2026-03-28T21:48:37.451Z,-20.8092,39.8502,10,4.5,mb,15,108,7.167,0.32,us,us7000s8fz,2026-03-28T22:45:17.040Z,"Mozambique Channel",earthquake,8.56,1.957,0.156,12,reviewed,us,us
2026-03-28T19:52:23.899Z,-32.5436,-71.7639,33.648,4.2,mwr,31,156,0.488,0.69,us,us7000s8fj,2026-03-28T22:21:32.118Z,"51 km WSW of La Ligua, Chile",earthquake,4.66,5.646,0.048,41,reviewed,us,us
2026-03-28T18:38:29.292Z,-7.5517,127.7983,159,5.8,mww,263,12,3.666,0.61,us,us7000s8ec,2026-04-02T18:47:28.001Z,"138 km NE of Lospalos, Timor Leste",earthquake,6.84,1.833,0.04,59,reviewed,us,us
2026-03-28T17:59:39.946Z,24.1877,123.1442,50.23,4.2,mb,45,86,0.303,0.62,us,us7000s8eb,2026-03-28T19:48:33.040Z,"34 km SSE of Yonakuni, Japan",earthquake,4.56,5.505,0.1,28,reviewed,us,us
2026-03-28T16:08:49.552Z,-6.9971,125.4548,499.174,4.2,mb,25,52,2.982,1.05,us,us7000s8dt,2026-03-28T16:30:16.040Z,"172 km N of Metinaro, Timor Leste",earthquake,13.96,12.665,0.128,17,reviewed,us,us
2026-03-28T15:59:08.560Z,52.1476,160.8257,10,4.7,mb,28,176,2.135,0.67,us,us7000s8dr,2026-03-28T16:27:36.040Z,"180 km SE of Petropavlovsk-Kamchatsky, Russia",earthquake,13.18,1.957,0.082,45,reviewed,us,us
2026-03-28T15:36:34.365Z,-18.4992,-175.5716,198.463,4.4,mb,28,97,5.378,0.54,us,us7000s8dq,2026-03-28T16:05:39.040Z,"168 km W of Neiafu, Tonga",earthquake,14.51,9.288,0.097,31,reviewed,us,us
2026-03-28T15:28:25.810Z,19.453,-63.9495,27,3.95,md,14,301,1.0638,0.4,pr,pr2026087001,2026-04-02T16:40:02.040Z,"152 km NE of Cruz Bay, U.S. Virgin Islands",earthquake,2.11,27.94,0.13,11,reviewed,pr,pr
2026-03-28T15:02:10.052Z,16.5453,-98.3736,10,4.9,mb,49,190,1.028,0.43,us,us7000s8dk,2026-03-28T15:31:35.545Z,"4 km NW of San Juan Bautista Lo de Soto, Mexico",earthquake,10.85,1.936,0.03,341,reviewed,us,us
2026-03-28T13:08:04.900Z,19.587,-66.2458,44,3.6,md,19,225,1.1455,0.47,pr,pr2026087000,2026-03-28T15:34:07.040Z,"124 km N of Brenas, Puerto Rico",earthquake,2.72,16.29,0.11,13,reviewed,pr,pr
2026-03-28T12:57:53.577Z,16.3416,-98.6324,10,5.1,mww,54,146,1.216,0.93,us,us7000s8d7,2026-03-30T11:59:36.040Z,"14 km SW of San Nicolás, Mexico",earthquake,8.22,1.923,0.053,34,reviewed,us,us
2026-03-28T12:29:16.595Z,16.3667,-98.4627,10,4.7,mb,42,192,1.193,0.96,us,us7000s8d2,2026-03-29T05:32:36.040Z,"3 km NNW of Santiago Tepextla, Mexico",earthquake,9.69,1.941,0.037,225,reviewed,us,us
2026-03-28T12:01:20.072Z,-18.191,-178.0828,580.446,4.4,mb,35,136,3.705,0.72,us,us7000s8d0,2026-03-28T13:01:44.040Z,"275 km E of Levuka, Fiji",earthquake,12.21,8.347,0.058,85,reviewed,us,us
2026-03-28T11:52:23.951Z,10.355,93.7028,10,4.6,mb,37,77,6.076,0.75,us,us7000s8fi,2026-03-29T05:54:36.040Z,"178 km SE of Port Blair, India",earthquake,11.47,1.895,0.103,28,reviewed,us,us
2026-03-28T11:25:26.169Z,24.8902,95.1664,124.733,4.2,mb,18,154,3.674,0.6,us,us7000s8cy,2026-03-29T06:00:13.040Z,"109 km SE of Phek, India",earthquake,14.13,8.745,0.187,8,reviewed,us,us
2026-03-28T10:36:16.785Z,34.9718,139.6338,33.192,4.1,mb,19,149,1.948,0.99,us,us7000s8cr,2026-03-29T00:31:23.297Z,"18 km S of Miura, Japan",earthquake,5.87,6.249,0.157,11,reviewed,us,us
2026-03-28T10:36:13.860Z,16.1292,-98.26,10,4.3,mb,33,233,1.455,0.56,us,us7000s8cn,2026-03-28T10:56:14.040Z,"14 km SSW of Corralero, Mexico",earthquake,9.24,1.993,0.051,110,reviewed,us,us
2026-03-28T10:16:55.041Z,-15.3896,-173.2887,10,4.8,mb,35,104,2.072,0.56,us,us7000s8cm,2026-03-28T10:34:54.040Z,"82 km NE of Hihifo, Tonga",earthquake,9.52,1.889,0.053,109,reviewed,us,us
2026-03-28T08:58:41.029Z,28.0963,139.0222,512.104,4.2,mb,90,138,7.147,0.71,us,us7000s8ci,2026-03-30T08:24:41.040Z,"Bonin Islands, Japan region",earthquake,12.18,9.069,0.036,218,reviewed,us,us
2026-03-28T08:51:01.786Z,-19.0711,-176.4154,10,4.7,mb,29,121,6.136,1.13,us,us7000s8ce,2026-03-30T08:45:06.040Z,"231 km WNW of Pangai, Tonga",earthquake,12.92,1.903,0.104,28,reviewed,us,us
2026-03-28T07:35:41.405Z,-3.5806,140.3182,10,5.4,mb,56,40,1.126,0.88,us,us7000s8c7,2026-03-29T08:02:04.635Z,"114 km SSW of Abepura, Indonesia",earthquake,6.76,1.858,0.061,92,reviewed,us,us
2026-03-28T06:29:14.125Z,16.1778,-98.605,10,4.7,mb,81,180,1.378,1.02,us,us7000s8bz,2026-03-28T06:49:08.040Z,"24 km SW of Santiago Tepextla, Mexico",earthquake,8.45,1.93,0.031,325,reviewed,us,us
2026-03-28T05:46:26.748Z,-27.9167,-66.8258,182.044,4.2,mb,28,121,3.18,0.72,us,us7000s8br,2026-03-30T07:53:14.040Z,"37 km SE of Londres, Argentina",earthquake,10.49,14.27,0.2,7,reviewed,us,us
2026-03-28T05:34:15.781Z,25.1366,125.3134,10,4.7,mb,89,72,1.237,0.82,us,us7000s8bm,2026-03-30T08:16:03.040Z,"36 km N of Hirara, Japan",earthquake,7.01,1.886,0.061,81,reviewed,us,us
2026-03-28T04:27:07.325Z,16.6052,-98.3177,35,4.6,mb,60,161,0.981,0.94,us,us7000s8b4,2026-03-28T04:49:06.040Z,"5 km SSW of Huixtepec, Mexico",earthquake,8.33,1.907,0.034,250,reviewed,us,us
2026-03-28T04:11:16.343Z,16.0007,-98.704,10,4.3,mb,39,205,0.677,1.01,us,us6000smf3,2026-04-04T00:41:17.040Z,"46 km SW of Santiago Tepextla, Mexico",earthquake,2.04,1.893,0.133,16,reviewed,us,us
2026-03-28T03:33:57.912Z,5.6351,125.5992,203.013,5.1,mb,53,37,1.425,0.87,us,us7000s8ay,2026-03-28T03:49:07.040Z,"14 km SE of Kalbay, Philippines",earthquake,9.36,5.787,0.081,51,reviewed,us,us
2026-03-28T01:20:01.558Z,32.6063,71.2898,10,4.5,mb,26,99,5.777,1.01,us,us7000s8ae,2026-03-28T04:36:30.722Z,"22 km W of Mianwali, Pakistan",earthquake,11.77,1.913,0.127,18,reviewed,us,us
2026-03-27T23:35:09.558Z,-15.9208,-172.4385,10,5.4,mww,31,83,2.099,1.21,us,us7000s8a0,2026-03-29T00:02:31.162Z,"145 km E of Hihifo, Tonga",earthquake,4.74,1.832,0.11,8,reviewed,us,us
2026-03-27T23:06:18.191Z,-23.2954,-179.8342,544.247,4.5,mb,26,171,5.866,1.07,us,us7000s89u,2026-03-28T01:52:09.040Z,"south of the Fiji Islands",earthquake,16.77,10.659,0.128,18,reviewed,us,us
2026-03-27T22:13:14.860Z,34.838666666667,-116.4105,1.43,4.109313102693,mw,50,38,0.06279,0.15,ci,ci41426656,2026-04-06T22:24:20.759Z,"26 km WNW of Ludlow, CA",earthquake,0.13,0.32,,10,reviewed,ci,ci
2026-03-27T21:26:06.680Z,17.7168,-63.59,139,4.23,md,19,320,1.1219,0.46,pr,pr2026086001,2026-03-27T22:04:03.234Z,"37 km WNW of The Bottom, Bonaire, Saint Eustatius and Saba ",earthquake,9.86,7.14,0.14,9,reviewed,pr,pr
2026-03-27T20:10:43.571Z,-57.031,-26.4035,115.952,4.7,mb,23,74,6.336,0.31,us,us7000s88b,2026-03-27T20:39:14.040Z,"South Sandwich Islands region",earthquake,13.79,8.729,0.118,22,reviewed,us,us
2026-03-27T18:58:10.231Z,51.217,-176.6302,35,3.7,mb,68,192,0.661,0.86,us,us7000s87v,2026-03-28T13:37:58.040Z,"73 km S of Adak, Alaska",earthquake,4.52,1.182,0.083,37,reviewed,us,us
2026-03-27T18:55:04.013Z,-17.5938,-69.6232,165.263,4.4,mb,24,86,0.745,0.69,us,us7000s87l,2026-03-28T15:15:11.040Z,"41 km ENE of Palca, Peru",earthquake,7.62,5.391,0.162,11,reviewed,us,us
2026-03-27T18:25:44.612Z,36.6415,71.1581,103.749,4.1,mb,39,163,1.974,0.56,us,us7000s87i,2026-03-27T20:57:37.040Z,"33 km W of Ashkāsham, Afghanistan",earthquake,7.37,8.584,0.099,28,reviewed,us,us
2026-03-27T17:19:15.094Z,41.0763,142.5808,47.86,4.2,mb,41,135,1.033,0.59,us,us7000s87f,2026-03-27T17:51:36.040Z,"109 km ENE of Misawa, Japan",earthquake,6.2,6.367,0.113,22,reviewed,us,us
2026-03-27T16:45:05.818Z,52.3752,160.5314,36.638,4.9,mb,41,162,14.497,0.75,us,us7000s86y,2026-03-27T17:16:20.040Z,"149 km ESE of Petropavlovsk-Kamchatsky, Russia",earthquake,15.25,8.167,0.055,104,reviewed,us,us
2026-03-27T16:38:52.752Z,39.733,143.3636,40.32,4.2,mb,16,198,2.051,0.57,us,us7000s866,2026-03-27T17:18:20.040Z,"122 km E of Miyako, Japan",earthquake,10.85,10.89,0.153,12,reviewed,us,us
2026-03-27T15:24:33.227Z,39.3975,143.1958,16.096,5.1,mb,55,135,2.146,1.01,us,us7000s83k,2026-03-27T15:39:29.040Z,"107 km E of Yamada, Japan",earthquake,7.86,5.085,0.062,83,reviewed,us,us
2026-03-27T14:55:43.581Z,12.5984,-87.3158,118.538,4.5,mb,22,153,1.309,0.8,us,us7000s83h,2026-03-27T16:25:38.040Z,"17 km WNW of El Realejo, Nicaragua",earthquake,9.19,11.537,0.084,42,reviewed,us,us
2026-03-27T11:44:45.613Z,52.0419,176.3796,9.89,3.9,mb,42,173,1.321,0.97,us,us7000s85k,2026-03-30T05:47:02.040Z,"234 km ESE of Attu Station, Alaska",earthquake,7.33,6.792,0.115,20,reviewed,us,us
2026-03-27T09:26:05.765Z,49.3082,154.7638,96.696,4.2,mb,54,126,4.229,0.59,us,us7000s82n,2026-04-03T08:18:32.040Z,"180 km SSW of Severo-Kuril’sk, Russia",earthquake,12.54,7.957,0.065,66,reviewed,us,us
2026-03-27T07:46:12.183Z,-6.3712,143.7117,11.606,4.5,mb,32,106,4.555,0.42,us,us7000s826,2026-03-27T08:54:46.040Z,"25 km SSE of Mendi, Papua New Guinea",earthquake,10.97,5.087,0.111,24,reviewed,us,us
2026-03-27T07:36:25.433Z,-23.4046,-68.1319,134.387,4.2,mb,24,98,0.453,0.71,us,us7000s822,2026-03-27T08:49:21.040Z,"55 km S of San Pedro de Atacama, Chile",earthquake,7.35,5.469,0.215,6,reviewed,us,us
2026-03-27T07:35:46.141Z,28.2585,67.2304,10,4.5,mb,35,225,10.404,0.55,us,us7000s825,2026-03-27T08:44:46.040Z,"72 km WNW of Chowki Jamali, Pakistan",earthquake,12.66,1.991,0.097,31,reviewed,us,us
2026-03-27T06:57:49.756Z,31.393,141.7105,10,4.7,mb,47,122,5.556,0.56,us,us7000s81u,2026-03-27T07:15:59.040Z,"Izu Islands, Japan region",earthquake,12.19,1.902,0.062,79,reviewed,us,us
2026-03-27T06:16:34.230Z,19.5398,-63.632,31,3.76,md,17,323,1.3018,0.39,pr,pr2026086000,2026-03-27T08:37:51.040Z,"158 km NNW of The Valley, Anguilla",earthquake,2.7,24.55,0.12,9,reviewed,pr,pr
2026-03-27T04:52:59.377Z,36.6726,74.3708,10,5,mb,43,61,2.22,1.13,us,us7000s817,2026-03-27T05:03:56.040Z,"48 km NW of Barishal, Pakistan",earthquake,8.35,1.919,0.107,28,reviewed,us,us
2026-03-27T04:40:10.239Z,36.6474,74.4394,10,5,mb,47,79,2.276,1.43,us,us7000s812,2026-03-29T14:20:38.119Z,"42 km NNW of Barishal, Pakistan",earthquake,8.15,1.867,0.061,85,reviewed,us,us
2026-03-27T03:59:54.121Z,-3.9072,-104.0683,10,4.9,mb,38,225,22.013,1.38,us,us7000s80u,2026-03-27T04:27:52.040Z,"central East Pacific Rise",earthquake,18.49,1.993,0.066,71,reviewed,us,us
2026-03-26T22:51:01.074Z,-3.1837,139.3807,53.94,5.7,mww,78,42,1.478,1.01,us,us7000s7z5,2026-03-27T23:18:59.757Z,"153 km WSW of Abepura, Indonesia",earthquake,8.51,6.777,0.069,20,reviewed,us,us
2026-03-26T22:11:08.216Z,13.2352,-89.221,69.15,4.9,mww,45,147,0.472,1.09,us,us7000s7yr,2026-03-27T02:15:54.626Z,"30 km SSE of La Libertad, El Salvador",earthquake,6.28,7.392,0.098,10,reviewed,us,us
2026-03-26T21:49:26.555Z,47.5321,152.9889,77.093,4.7,mb,55,133,6.343,0.68,us,us7000s7yl,2026-03-26T22:43:01.040Z,"Kuril Islands",earthquake,6.97,7.438,0.051,118,reviewed,us,us
2026-03-26T21:30:29.549Z,36.5475,74.341,10,4.2,mb,31,99,2.299,1.23,us,us7000s7yc,2026-03-27T00:56:57.040Z,"40 km NW of Barishal, Pakistan",earthquake,9.32,1.933,0.118,20,reviewed,us,us
2026-03-26T21:02:57.398Z,36.555,74.4535,10,5.3,mb,102,57,2.352,1.39,us,us7000s7xx,2026-03-27T23:22:23.779Z,"33 km NW of Barishal, Pakistan",earthquake,8.29,1.009,0.041,201,reviewed,us,us
2026-03-26T20:13:19.379Z,-7.5747,127.7236,159.076,4.3,mb,30,102,3.728,0.77,us,us7000s7xi,2026-04-05T14:54:57.040Z,"131 km NE of Lospalos, Timor Leste",earthquake,9.24,8.228,0.116,21,reviewed,us,us
2026-03-26T19:56:31.413Z,39.4245,143.3275,10,4.9,mww,84,129,2.207,0.67,us,us7000s7xc,2026-04-05T14:50:25.040Z,"118 km E of Yamada, Japan",earthquake,7.62,1.696,0.071,19,reviewed,us,us
2026-03-26T18:42:28.206Z,28.3073,104.9069,10,4.5,mb,72,63,4.461,0.55,us,us7000s7wv,2026-04-05T14:43:33.040Z,"14 km W of Bowangshan, China",earthquake,8.46,1.882,0.072,57,reviewed,us,us
2026-03-26T18:10:02.396Z,-1.364,-78.0183,171.372,4.1,mb,22,140,0.128,0.52,us,us7000s7wk,2026-04-05T13:44:39.040Z,"13 km N of Puyo, Ecuador",earthquake,5.7,4.126,0.139,14,reviewed,us,us
2026-03-26T17:24:54.900Z,39.2935,-122.77683333333,7.31,3.72,mw,78,49,0.1056,0.13,nc,nc75333407,2026-04-05T14:36:59.040Z,"18 km NE of Upper Lake, CA",earthquake,0.13,0.46,,5,reviewed,nc,nc
2026-03-26T17:15:44.551Z,12.1477,-86.3658,159.972,5.5,mww,93,126,1.631,1.07,us,us7000s7w6,2026-04-05T14:40:03.843Z,"2 km WSW of Ciudad Sandino, Nicaragua",earthquake,8.42,6.69,0.04,60,reviewed,us,us
2026-03-26T17:03:38.552Z,-35.756,-73.4866,10,4.3,mb,33,192,1.682,0.79,us,us7000s7uz,2026-04-05T14:22:45.040Z,"103 km NW of Quirihue, Chile",earthquake,7.36,1.962,0.161,11,reviewed,us,us
2026-03-26T16:20:32.961Z,39.5986,143.3643,10,4.8,mb,86,134,2.125,0.96,us,us7000s7uw,2026-03-26T16:40:18.040Z,"122 km E of Miyako, Japan",earthquake,8.1,1.892,0.057,94,reviewed,us,us
2026-03-26T15:59:45.355Z,39.5827,143.3051,10,4.6,mb,72,134,2.097,0.63,us,us7000s7up,2026-03-26T16:30:07.040Z,"117 km E of Yamada, Japan",earthquake,6.62,1.882,0.074,54,reviewed,us,us
2026-03-26T14:47:05.243Z,39.3964,143.4321,10,4.6,mb,46,139,2.288,0.59,us,us7000s7u7,2026-03-26T15:56:18.040Z,"127 km E of Yamada, Japan",earthquake,8.51,1.915,0.092,35,reviewed,us,us
2026-03-26T14:37:06.227Z,39.5022,143.1955,10,4.6,mb,39,178,2.079,0.88,us,us7000s7u5,2026-03-26T15:38:45.040Z,"107 km E of Yamada, Japan",earthquake,8.37,1.928,0.097,32,reviewed,us,us
2026-03-26T14:18:50.947Z,39.4462,143.3717,9.513,6.5,mww,121,45,2.22,0.82,us,us7000s7u4,2026-03-27T14:47:28.298Z,"122 km E of Yamada, Japan",earthquake,6.84,4.17,0.038,66,reviewed,us,us
2026-03-26T12:33:03.801Z,52.4344,-170.6028,136.417,3.6,mb,44,201,0.571,0.95,us,us7000s7z8,2026-03-27T06:22:35.040Z,"130 km WSW of Nikolski, Alaska",earthquake,12.49,7.424,0.188,7,reviewed,us,us
2026-03-26T11:13:21.743Z,26.3306,128.874,10,4.7,mb,41,72,0.737,1.08,us,us7000s7ru,2026-03-26T12:06:19.694Z,"79 km ESE of Taira, Japan",earthquake,6.65,1.902,0.08,47,reviewed,us,us
2026-03-26T11:07:00.798Z,15.5516,-93.1759,112.284,5.1,mb,71,119,1.235,1.25,us,us7000s7rp,2026-03-26T11:36:25.258Z,"5 km WSW of El Carmen, Mexico",earthquake,9.14,8.007,0.025,508,reviewed,us,us
2026-03-26T09:08:34.006Z,-23.3111,170.6301,10,4.7,mb,23,109,3.015,0.71,us,us7000s7re,2026-03-26T13:03:26.040Z,"southeast of the Loyalty Islands",earthquake,5.99,1.938,0.153,17,reviewed,us,us
2026-03-26T08:55:31.353Z,-32.508,-71.6951,24.471,4,mb,34,146,0.515,0.53,us,us7000s7rb,2026-03-26T09:36:01.040Z,"44 km W of La Ligua, Chile",earthquake,4.8,6.06,0.196,7,reviewed,us,us
2026-03-26T08:51:54.941Z,39.4982,143.1921,45.294,4.6,mb,51,135,2.079,0.66,us,us7000s7rc,2026-03-26T09:07:20.040Z,"106 km E of Yamada, Japan",earthquake,6.18,7.246,0.076,51,reviewed,us,us
2026-03-26T08:40:30.776Z,44.0376,10.9974,72.371,4.2,mb,26,104,0.313,1.11,us,us7000s7r8,2026-03-26T16:31:42.638Z,"6 km WNW of Cantagallo, Italy",earthquake,7.37,4.465,0.131,16,reviewed,us,us
2026-03-26T08:09:28.464Z,31.668,-104.491,6.0999,3.6,ml,55,67,0,0.1,tx,tx2026fyvfnb,2026-04-05T19:26:14.195Z,"57 km S of Whites City, New Mexico",earthquake,1.2483886546069,0.58757981589753,0.1,35,reviewed,tx,tx
2026-03-26T07:37:53.926Z,40.6953,142.5904,46.463,4.9,mb,61,131,1.163,0.6,us,us7000s7qu,2026-03-26T10:51:23.790Z,"89 km NE of Kuji, Japan",earthquake,8.66,7.386,0.054,108,reviewed,us,us
2026-03-26T05:32:24.716Z,-7.2914,120.2944,549.839,4.8,mb,49,72,2.326,0.6,us,us7000s7qi,2026-03-26T05:47:51.040Z,"140 km NNE of Labuan Bajo, Indonesia",earthquake,9.87,7.936,0.092,36,reviewed,us,us
2026-03-26T05:03:36.121Z,54.6301,-159.7286,35,4.3,mwr,69,149,1.479,0.88,us,us7000s7qb,2026-03-26T17:11:02.421Z,"92 km SSE of Sand Point, Alaska",earthquake,5.21,1.631,0.052,35,reviewed,us,us
2026-03-26T04:39:50.483Z,-3.7243,123.3284,10,5,mww,26,63,3.789,0.42,us,us7000s7qa,2026-03-26T04:58:38.040Z,"94 km ENE of Kendari, Indonesia",earthquake,8.69,1.878,0.08,15,reviewed,us,us
2026-03-26T04:26:35.070Z,-37.7813,-73.4011,35,4.2,mb,35,191,2.024,0.97,us,us7000s7q5,2026-03-26T04:48:46.040Z,"2 km N of Cañete, Chile",earthquake,6.98,1.993,0.146,13,reviewed,us,us
2026-03-26T04:23:10.704Z,23.2079,121.5963,38.496,4,mwr,39,84,0.331,0.74,us,us6000sm4e,2026-04-03T02:49:31.040Z,"85 km S of Hualien City, Taiwan",earthquake,4,4.331,0.073,18,reviewed,us,us
2026-03-26T03:30:24.393Z,-11.2904,165.8365,35,4.3,mb,13,146,4.34,1.33,us,us6000sm4a,2026-04-03T02:22:35.040Z,"62 km S of Lata, Solomon Islands",earthquake,6.78,1.964,0.177,9,reviewed,us,us
2026-03-26T02:42:29.844Z,31.681,-104.491,6.0999,3.5,ml,67,65,0,0.1,tx,tx2026fykjyv,2026-03-27T17:52:47.137Z,"55 km S of Whites City, New Mexico",earthquake,0.80662629398096,0.48939248606681,0.1,35,reviewed,tx,tx
2026-03-26T01:55:46.249Z,-19.7348,-178.1635,616.886,4.2,mb,32,167,14.571,0.66,us,us6000sm46,2026-04-02T23:27:10.040Z,"Fiji region",earthquake,14.51,10.096,0.105,25,reviewed,us,us
2026-03-26T01:52:44.441Z,-9.9074,160.316,35,4.3,mb,13,109,0.591,0.39,us,us6000sm47,2026-04-02T23:52:35.040Z,"66 km SE of Honiara, Solomon Islands",earthquake,6.86,1.967,0.188,8,reviewed,us,us
2026-03-26T01:06:18.914Z,-61.1426,154.6539,10,5.3,mww,23,103,7.043,0.94,us,us7000s7pa,2026-03-26T01:22:58.040Z,"Balleny Islands region",earthquake,9.8,1.918,0.08,15,reviewed,us,us
2026-03-26T01:00:03.890Z,18.1061,-68.692,158,3.72,md,11,301,0.5126,0.32,pr,pr2026085000,2026-03-26T03:41:31.040Z,"31 km SSW of Boca de Yuma, Dominican Republic",earthquake,6.02,2.09,0.01,3,reviewed,pr,pr
2026-03-26T00:26:53.809Z,30.3944,69.5344,10,4.3,mb,39,103,8.248,0.63,us,us7000s7p2,2026-03-26T00:48:41.040Z,"55 km N of Barkhan, Pakistan",earthquake,9.42,1.909,0.099,29,reviewed,us,us
2026-03-25T23:04:13.453Z,-24.0835,-67.0917,194.93,4.4,mb,18,104,1.505,0.82,us,us7000s7nl,2026-03-25T23:20:02.040Z,"79 km W of San Antonio de los Cobres, Argentina",earthquake,10.81,10.811,0.19,8,reviewed,us,us
2026-03-25T22:25:17.682Z,52.217,160.6922,26.504,5,mb,69,133,2.03,0.84,us,us7000s7nc,2026-03-25T22:40:47.040Z,"168 km SE of Petropavlovsk-Kamchatsky, Russia",earthquake,6.52,5.702,0.035,260,reviewed,us,us
2026-03-25T21:25:19.628Z,-7.5584,156.1295,86.697,4.9,mb,51,70,4.213,0.79,us,us7000s7n0,2026-03-25T21:53:49.040Z,"98 km NW of Gizo, Solomon Islands",earthquake,9.18,6.564,0.082,47,reviewed,us,us
2026-03-25T20:05:47.318Z,-24.9332,-179.8168,538.513,4.5,mb,11,240,4.612,0.41,us,us7000s7lv,2026-03-25T20:44:56.040Z,"south of the Fiji Islands",earthquake,16.87,22.086,0.144,14,reviewed,us,us
2026-03-25T19:08:24.891Z,40.3443,24.1041,10,4.9,mww,58,55,1.26,0.72,us,us7000s7l9,2026-03-26T20:40:55.665Z,"10 km E of Ouranoupolis, Greece",earthquake,3.21,1.868,0.057,30,reviewed,us,us
2026-03-25T18:14:52.637Z,-29.3346,-177.0648,35,4.7,mb,27,198,0.76,0.69,us,us6000sm3h,2026-04-07T15:24:14.040Z,"Kermadec Islands, New Zealand",earthquake,7.98,1.878,0.142,15,reviewed,us,us
2026-03-25T17:58:34.514Z,-25.8941,69.4296,10,4.2,mb,19,83,20.295,0.46,us,us6000sm3g,2026-04-07T13:48:57.040Z,"Indian Ocean Triple Junction",earthquake,12.93,1.899,0.167,10,reviewed,us,us
2026-03-25T16:01:24.855Z,23.1718,94.3994,88.688,4.2,mb,40,71,2.014,1.28,us,us7000s7jm,2026-04-04T03:20:15.040Z,"52 km S of Mawlaik, Burma (Myanmar)",earthquake,10.17,7.712,0.104,26,reviewed,us,us
2026-03-25T15:42:48.973Z,52.2591,160.6561,10,4.6,mb,60,123,1.991,0.86,us,us7000s7jj,2026-04-04T03:18:42.040Z,"163 km SE of Petropavlovsk-Kamchatsky, Russia",earthquake,9.06,1.895,0.082,45,reviewed,us,us
2026-03-25T15:33:17.911Z,-12.4629,166.5473,102.951,4.9,mww,89,45,3.034,0.85,us,us7000s7ji,2026-04-04T03:14:15.040Z,"190 km NW of Sola, Vanuatu",earthquake,9.21,6.724,0.093,11,reviewed,us,us
2026-03-25T15:12:46.503Z,15.3978,145.2432,312.1,4,mb,13,86,0.549,0.85,us,us6000sm3y,2026-04-02T22:46:16.040Z,"58 km WNW of Saipan, Northern Mariana Islands",earthquake,13.94,8.697,0.196,7,reviewed,us,us
2026-03-25T14:35:37.467Z,-13.6846,66.0263,10,4.7,mb,34,71,13.724,0.54,us,us7000s7jf,2026-03-25T15:23:34.040Z,"Mid-Indian Ridge",earthquake,10.56,1.821,0.106,27,reviewed,us,us
2026-03-25T14:16:48.907Z,51.8454,176.2656,10,3.9,mb,27,201,1.395,0.67,us,us7000s7ml,2026-04-01T13:59:21.040Z,"237 km ESE of Attu Station, Alaska",earthquake,7.62,1.999,0.133,15,reviewed,us,us
2026-03-25T13:25:36.267Z,52.5361,-131.652,10,4.1,mb,22,175,0.37,0.39,us,us7000s7j3,2026-03-26T13:53:51.563Z,"216 km SSW of Prince Rupert, Canada",earthquake,6.9,1.929,0.084,39,reviewed,us,us
2026-03-25T11:48:37.770Z,52.3251,160.8592,10,4.6,mb,63,176,2.076,0.67,us,us7000s7ir,2026-03-25T12:24:55.040Z,"171 km ESE of Petropavlovsk-Kamchatsky, Russia",earthquake,9.54,1.95,0.067,66,reviewed,us,us
2026-03-25T11:38:41.604Z,51.913,176.268,21.2,3.5,ml,15,198,1.4,0.8,ak,aka2026fxglgy,2026-03-25T20:47:47.873Z,"234 km ESE of Attu Station, Alaska",earthquake,60.4,25.3587,0.1,12,reviewed,ak,ak
2026-03-25T11:31:12.439Z,34.7434,135.1061,10,4.1,mb,25,112,1.434,1.21,us,us7000s7iw,2026-03-26T02:26:19.061Z,"9 km NW of Kobe, Japan",earthquake,4.33,1.642,0.175,9,reviewed,us,us
2026-03-25T10:59:33.633Z,-5.8203,152.0742,10,5,mb,38,141,1.621,0.51,us,us7000s7in,2026-03-25T11:15:38.040Z,"164 km S of Kokopo, Papua New Guinea",earthquake,11.94,1.92,0.095,35,reviewed,us,us
2026-03-25T10:56:44.089Z,51.864,176.252,18.9,3.9,ml,31,201,1.4,0.9,ak,aka2026fxeyre,2026-03-25T20:38:49.176Z,"235 km ESE of Attu Station, Alaska",earthquake,28.8,8.7764,0.1,25,reviewed,ak,ak
2026-03-25T10:17:29.823Z,-15.6261,-174.4632,198.051,5.2,mb,96,55,3.105,0.72,us,us7000s7ha,2026-03-25T10:31:26.040Z,"80 km WNW of Hihifo, Tonga",earthquake,9.69,7.204,0.105,30,reviewed,us,us
2026-03-25T10:10:59.550Z,-15.5143,-174.3933,198.327,5.6,mww,38,98,2.988,0.93,us,us7000s7h9,2026-03-26T10:29:21.971Z,"80 km NW of Hihifo, Tonga",earthquake,11.17,9.396,0.069,20,reviewed,us,us
2026-03-25T09:38:05.038Z,51.847,176.206,33,4,ml,27,203,1.4,0.8,ak,aka2026fxcllv,2026-03-25T20:31:21.703Z,"233 km ESE of Attu Station, Alaska",earthquake,30.1,23.7086,0.1,20,reviewed,ak,ak
2026-03-25T09:34:55.347Z,51.837,176.223,29.3,4.1,ml,23,203,1.4,0.6,ak,aka2026fxcime,2026-03-25T20:29:25.896Z,"235 km ESE of Attu Station, Alaska",earthquake,29.3,14.2763,0.1,17,reviewed,ak,ak
2026-03-25T08:53:40.970Z,-35.7419,-73.641,19.759,4.3,mb,30,165,1.808,0.49,us,us7000s7gz,2026-03-26T09:13:11.040Z,"115 km NNW of Tomé, Chile",earthquake,7.98,7.267,0.237,6,reviewed,us,us
2026-03-25T08:16:35.189Z,36.6253,70.8069,192.712,4.4,mb,29,159,2.149,0.92,us,us7000s7gs,2026-03-26T08:37:59.040Z,"26 km S of Jurm, Afghanistan",earthquake,9.52,8.962,0.169,10,reviewed,us,us
2026-03-25T07:35:09.202Z,-18.3714,-175.3058,238.847,4.6,mb,39,85,5.145,1.09,us,us7000s7gp,2026-03-25T07:58:25.040Z,"143 km WNW of Neiafu, Tonga",earthquake,12.01,8.352,0.063,75,reviewed,us,us
2026-03-25T05:50:29.378Z,44.8497,146.7254,168.308,4.4,mb,55,132,3.046,1.02,us,us7000s7gf,2026-03-25T07:01:16.040Z,"99 km WSW of Kuril’sk, Russia",earthquake,8.77,8.053,0.074,53,reviewed,us,us
2026-03-25T03:01:20.596Z,-16.7417,-173.7587,99.661,4.3,mb,15,126,3.401,0.53,us,us6000sm2g,2026-04-02T22:00:05.040Z,"87 km S of Hihifo, Tonga",earthquake,13.28,10.081,0.189,8,reviewed,us,us
2026-03-25T02:24:40.600Z,-18.6098,-175.4868,211.842,5,mb,69,52,5.285,0.94,us,us7000s7fx,2026-04-04T02:38:15.040Z,"158 km W of Neiafu, Tonga",earthquake,4.98,6.573,0.073,59,reviewed,us,us
2026-03-25T01:35:18.864Z,-10.1608,161.7997,82.701,4.4,mb,16,112,1.961,0.57,us,us6000sm2j,2026-04-02T22:14:09.040Z,"35 km NNW of Kirakira, Solomon Islands",earthquake,8.08,10.539,0.169,10,reviewed,us,us
2026-03-24T22:59:03.409Z,-5.6309,147.2365,175.248,4.4,mb,28,83,3.566,0.53,us,us7000s7f1,2026-03-25T01:02:41.040Z,"122 km NNW of Finschhafen, Papua New Guinea",earthquake,10.09,6.272,0.103,27,reviewed,us,us
2026-03-24T22:35:48.738Z,52.2052,160.7438,10,4.9,mb,61,99,2.063,0.52,us,us7000s7ex,2026-03-24T23:05:20.040Z,"172 km SE of Petropavlovsk-Kamchatsky, Russia",earthquake,9.54,1.873,0.036,247,reviewed,us,us
2026-03-24T22:02:17.627Z,-24.2287,-65.8955,275.713,4.3,mb,27,97,2.45,0.32,us,us7000s7es,2026-03-24T22:47:12.040Z,"25 km NNE of Santa Rosa de Tastil, Argentina",earthquake,12.45,13.941,0.265,4,reviewed,us,us
2026-03-24T21:57:36.710Z,-18.5821,-175.7059,268.101,4.6,mb,35,139,5.142,0.62,us,us7000s7er,2026-03-25T05:31:35.917Z,"181 km W of Neiafu, Tonga",earthquake,14.6,9.057,0.094,34,reviewed,us,us
2026-03-24T21:57:02.541Z,39.6162,20.5997,10,4.2,mb,21,103,1.534,0.64,us,us7000s7eq,2026-03-25T00:56:28.040Z,"14 km SW of Rodotópi, Greece",earthquake,3.95,1.958,0.146,13,reviewed,us,us
2026-03-24T21:03:37.913Z,51.9396,176.2823,10,3.9,ml,19,341,1.38,0.71,us,us7000s7eh,2026-03-24T21:26:29.848Z,"233 km ESE of Attu Station, Alaska",earthquake,5.37,2.028,0.105,12,reviewed,us,us
2026-03-24T20:59:35.952Z,52.2729,176.3839,10,5.2,mww,129,53,1.348,0.6,us,us7000s7ee,2026-04-06T19:24:21.040Z,"226 km ESE of Attu Station, Alaska",earthquake,6.79,1.796,0.083,14,reviewed,us,us
2026-03-24T20:47:59.248Z,-21.8456,68.8952,10,4.9,mb,67,71,5.571,0.65,us,us7000s7ed,2026-04-06T18:07:13.040Z,"Mid-Indian Ridge",earthquake,8.3,2.503,0.07,64,reviewed,us,us
2026-03-24T20:01:45.173Z,-15.0337,-173.588,104.177,4.3,mb,19,151,2.076,0.51,us,us6000sm1c,2026-04-06T17:58:32.040Z,"104 km NNE of Hihifo, Tonga",earthquake,8.55,12.626,0.137,15,reviewed,us,us
2026-03-24T19:52:04.818Z,-19.4462,-177.6217,570.907,4.1,mb,18,126,4.112,0.58,us,us6000sm1b,2026-04-06T17:37:07.040Z,"Fiji region",earthquake,22.61,18.588,0.157,11,reviewed,us,us
2026-03-24T19:21:43.382Z,46.8891,152.9888,40.363,4.2,mb,13,218,6.925,0.54,us,us6000sm1a,2026-04-06T17:20:37.040Z,"Kuril Islands",earthquake,14.98,15.068,0.198,7,reviewed,us,us
2026-03-24T17:31:03.086Z,-18.0538,-178.4527,570.392,4.2,mb,35,84,2.604,0.98,us,us6000sm18,2026-04-06T17:00:49.040Z,"236 km E of Levuka, Fiji",earthquake,15.42,10.892,0.1,28,reviewed,us,us
2026-03-24T17:18:51.147Z,-9.0662,160.5395,75.597,4.3,mb,31,112,0.692,0.63,us,us6000sm17,2026-04-06T16:48:19.040Z,"37 km SSW of Auki, Solomon Islands",earthquake,3.73,8.025,0.108,24,reviewed,us,us
2026-03-24T16:55:57.289Z,51.877,176.065,32.4,4.3,ml,18,203,1.5,1.6,ak,aka2026fvvfqb,2026-03-24T18:05:12.765Z,"223 km ESE of Attu Station, Alaska",earthquake,33.5,22.3397,0.1,13,reviewed,ak,ak
2026-03-24T16:43:29.836Z,51.4687,-176.6553,35,4.6,mb,76,146,0.423,1.42,us,us7000s7cn,2026-03-24T17:03:40.379Z,"45 km S of Adak, Alaska",earthquake,3.29,1.896,0.042,169,reviewed,us,us
2026-03-24T11:39:27.728Z,-7.6672,-80.05,43.978,4.4,mb,30,185,4.092,0.41,us,us7000s7ax,2026-03-24T12:16:22.040Z,"60 km WSW of Pacasmayo, Peru",earthquake,11,11.086,0.098,30,reviewed,us,us
2026-03-24T09:23:20.960Z,53.3005,159.6396,89.235,4.4,mb,142,115,1.183,0.55,us,us7000s7am,2026-03-24T11:43:55.040Z,"72 km ENE of Petropavlovsk-Kamchatsky, Russia",earthquake,9.78,7.186,0.044,149,reviewed,us,us
2026-03-24T09:07:19.643Z,-20.021,-70.9608,23.996,4.6,mb,40,146,0.818,0.65,us,us7000s7a9,2026-03-25T04:31:22.779Z,"87 km WNW of Puerto, Chile",earthquake,4.87,5.718,0.101,29,reviewed,us,us
2026-03-24T09:03:49.221Z,53.9306,-163.8081,35,3.5,ml,20,200,0.778,0.44,us,us7000s7a8,2026-03-24T23:56:35.366Z,"105 km SSW of False Pass, Alaska",earthquake,5.7,2.013,0.081,20,reviewed,us,us
2026-03-24T08:34:38.707Z,-23.9111,-179.6566,489.894,4.7,mb,54,100,5.533,1.31,us,us7000s7a4,2026-03-24T09:09:20.040Z,"south of the Fiji Islands",earthquake,12.19,7.662,0.068,65,reviewed,us,us
2026-03-24T06:45:57.643Z,-18.5916,-175.4885,192.935,4.6,mb,49,83,5.289,0.71,us,us7000s79u,2026-03-24T07:09:06.040Z,"158 km W of Neiafu, Tonga",earthquake,12.49,7.903,0.063,76,reviewed,us,us
2026-03-24T05:36:58.554Z,57.708,-153.967,31.9,4.1,ml,176,100,0.6,0.8,ak,aka2026fuysog,2026-03-24T06:50:08.071Z,"18 km N of Larsen Bay, Alaska",earthquake,2.4,4.7927,0.2,111,reviewed,ak,ak
2026-03-24T05:22:24.733Z,-18.4693,-175.46,216.14,5.2,mb,76,97,5.276,0.72,us,us7000s79e,2026-03-24T05:47:07.040Z,"157 km W of Neiafu, Tonga",earthquake,11.71,7.165,0.062,86,reviewed,us,us
2026-03-24T05:18:32.869Z,-18.2032,-175.2732,230.034,4.9,mb,38,93,5.142,1.15,us,us7000s799,2026-03-24T06:04:58.040Z,"145 km WNW of Neiafu, Tonga",earthquake,11.75,5.799,0.096,34,reviewed,us,us
2026-03-24T04:37:50.555Z,-18.6678,-175.5601,229.453,7.5,mww,147,21,5.349,0.93,us,us7000s789,2026-03-27T18:51:18.724Z,"166 km W of Neiafu, Tonga",earthquake,8.64,4.314,0.028,119,reviewed,us,us
2026-03-24T04:34:38.352Z,51.904,176,35.2,3.8,ml,14,203,1.4,1.2,ak,aka2026fuwray,2026-03-24T05:09:05.832Z,"218 km ESE of Attu Station, Alaska",earthquake,32.3,37.3474,0.1,13,reviewed,ak,ak
2026-03-24T02:03:10.947Z,-19.5474,-66.7398,260.695,4.3,mb,46,84,2.347,0.56,us,us7000s77m,2026-03-24T02:23:37.040Z,"71 km S of Challapata, Bolivia",earthquake,7.46,7.425,0.142,14,reviewed,us,us
2026-03-24T00:54:03.017Z,-59.4189,-25.9901,35,4.6,mb,22,110,19.567,0.61,us,us6000sm0c,2026-04-07T01:03:04.040Z,"South Sandwich Islands region",earthquake,15.96,1.966,0.119,21,reviewed,us,us
2026-03-24T00:51:03.188Z,30.879,50.1071,10,4.2,mb,29,162,6.127,0.76,us,us7000s7as,2026-04-07T00:42:56.040Z,"32 km NE of Aghajari, Iran",earthquake,10.09,1.893,0.118,20,reviewed,us,us
2026-03-24T00:30:04.050Z,-16.0545,-172.9567,10,4.9,mb,35,138,2.416,0.38,us,us7000s77c,2026-04-07T00:40:57.710Z,"90 km E of Hihifo, Tonga",earthquake,14.69,1.872,0.106,28,reviewed,us,us
2026-03-23T23:49:10.553Z,32.3287,142.4471,10,4.9,mb,72,93,5.345,0.52,us,us7000s774,2026-04-07T00:35:19.040Z,"Izu Islands, Japan region",earthquake,9.89,1.856,0.037,232,reviewed,us,us
2026-03-23T23:47:17.583Z,32.3148,142.6257,10,4.5,mb,39,136,5.215,0.64,us,us7000s775,2026-04-07T00:32:04.040Z,"Izu Islands, Japan region",earthquake,9.44,1.903,0.118,21,reviewed,us,us
2026-03-23T23:10:28.462Z,-16.0649,-172.9543,10,4.4,mb,12,138,2.424,0.25,us,us7000s9gc,2026-04-07T00:11:26.040Z,"90 km E of Hihifo, Tonga",earthquake,11.49,1.896,0.189,8,reviewed,us,us
2026-03-23T23:07:08.533Z,-15.9548,-173.0431,35,4.5,mb,31,130,27.761,0.45,us,us7000s76x,2026-04-06T23:28:42.040Z,"80 km E of Hihifo, Tonga",earthquake,15.04,1.899,0.103,28,reviewed,us,us
2026-03-23T23:03:19.200Z,-20.0155,-70.9673,14.442,4.3,mwr,37,138,0.826,0.7,us,us7000s76u,2026-04-06T23:18:49.364Z,"87 km WNW of Puerto, Chile",earthquake,4.54,4.073,0.05,38,reviewed,us,us
2026-03-23T22:52:19.254Z,-19.9926,-70.9334,32.303,4.9,mww,49,139,0.803,0.91,us,us7000s76q,2026-04-06T23:10:40.230Z,"85 km WNW of Puerto, Chile",earthquake,5.77,2.729,0.103,9,reviewed,us,us
2026-03-23T22:44:01.961Z,-21.5826,69.0753,10,4.4,mb,16,86,44.012,0.46,us,us7000s9gb,2026-04-06T22:58:16.040Z,"Mid-Indian Ridge",earthquake,11.65,1.896,0.202,7,reviewed,us,us
2026-03-23T22:23:15.862Z,44.5908,148.2036,107.058,4.3,mb,38,135,4.051,0.94,us,us7000s9ga,2026-04-06T22:42:13.040Z,"75 km SSE of Kuril’sk, Russia",earthquake,11.93,8.926,0.104,26,reviewed,us,us
2026-03-23T22:19:19.474Z,-20.0358,-71.011,12.552,4.6,mwr,58,137,0.859,0.88,us,us7000s76i,2026-04-06T21:03:23.058Z,"91 km WNW of Puerto, Chile",earthquake,4.31,3.548,0.048,41,reviewed,us,us
2026-03-23T21:31:54.524Z,53.1885,-166.8398,35,3.6,ml,33,203,0.606,0.74,us,us7000s7l7,2026-04-06T05:17:48.040Z,"78 km SSW of Unalaska, Alaska",earthquake,4.32,2.013,0.097,14,reviewed,us,us
2026-03-23T21:18:38.489Z,32.6412,90.3335,10,4,mb,30,99,3.007,0.74,us,us7000s769,2026-04-06T05:05:05.040Z,"207 km NW of Nagqu, China",earthquake,11.63,1.897,0.096,29,reviewed,us,us
2026-03-23T21:03:03.523Z,15.4312,-94.4278,35,4,mb,23,173,1.654,0.84,us,us7000s9gg,2026-04-06T04:58:41.040Z,"86 km SSW of La Gloria, Mexico",earthquake,6.41,1.993,0.138,14,reviewed,us,us
2026-03-23T20:37:22.444Z,52.2515,160.6756,10,4.2,mb,40,136,2.005,0.8,us,us7000s9g9,2026-04-04T17:39:22.040Z,"165 km SE of Petropavlovsk-Kamchatsky, Russia",earthquake,11.88,1.939,0.098,29,reviewed,us,us
2026-03-23T19:48:08.283Z,-57.8449,-25.7193,51.129,4.5,mb,19,96,7.004,0.41,us,us7000s9g7,2026-04-04T17:29:14.040Z,"South Sandwich Islands region",earthquake,12.91,9.31,0.127,18,reviewed,us,us
2026-03-23T19:09:30.208Z,-28.1572,-69.9199,132.785,4,mb,24,101,0.885,0.8,us,us7000s755,2026-04-04T18:51:10.040Z,"94 km ENE of Vallenar, Chile",earthquake,6.96,6.693,0.258,4,reviewed,us,us
2026-03-23T18:45:31.132Z,63.8668,-22.8147,10,4.1,mb,23,134,1.096,0.81,us,us7000s751,2026-03-23T19:28:39.040Z,"18 km W of Grindavík, Iceland",earthquake,11.63,1.96,0.124,18,reviewed,us,us
2026-03-23T17:27:41.787Z,25.1048,95.0874,118.403,4.2,mb,50,78,3.884,0.61,us,us7000s73v,2026-04-04T18:20:39.040Z,"85 km SE of Phek, India",earthquake,10.99,7.908,0.088,36,reviewed,us,us
2026-03-23T17:25:06.262Z,63.7246,-23.1194,10,4.2,mb,24,111,1.292,0.73,us,us7000s74d,2026-04-04T18:23:21.040Z,"35 km WSW of Grindavík, Iceland",earthquake,8.44,1.815,0.131,16,reviewed,us,us
2026-03-23T16:30:24.969Z,63.6962,-23.3023,10,4.4,mb,36,108,1.364,1.38,us,us7000s71q,2026-04-02T16:15:19.040Z,"45 km WSW of Grindavík, Iceland",earthquake,8.46,1.924,0.105,26,reviewed,us,us
2026-03-23T15:46:49.285Z,-16.2559,-174.0512,131.458,4.2,mb,14,150,3.201,0.67,us,us7000s9g0,2026-04-02T16:03:55.040Z,"43 km SW of Hihifo, Tonga",earthquake,6.72,12.44,0.186,8,reviewed,us,us
2026-03-23T15:37:24.590Z,-3.4935,129.1693,25.524,4,mb,20,65,1.258,0.5,us,us7000s9fz,2026-04-02T15:19:26.040Z,"31 km SE of Masohi, Indonesia",earthquake,9.5,5.149,0.149,12,reviewed,us,us
2026-03-23T14:22:00.035Z,63.3167,158.3418,10,4,mb,54,205,5.797,0.79,us,us7000s9fw,2026-04-02T14:48:45.040Z,"157 km ENE of Omsukchan, Russia",earthquake,13.21,1.974,0.077,45,reviewed,us,us
2026-03-23T13:25:59.216Z,32.3822,-104.4604,6.356,3.7,ml,27,91,0.493,0.37,us,us6000siwe,2026-04-07T01:11:24.121Z,"22 km W of Carlsbad, New Mexico",earthquake,3.32,8.079,0.081,20,reviewed,us,us
2026-03-23T12:39:46.121Z,29.4145,130.6161,39.887,4.6,mb,72,124,2.093,0.55,us,us6000sivm,2026-03-23T12:56:25.040Z,"91 km S of Koshima, Japan",earthquake,6.99,7.616,0.066,69,reviewed,us,us
2026-03-23T11:25:02.168Z,2.1907,126.8318,92.104,4.6,mb,57,85,5.005,0.69,us,us6000siv4,2026-03-23T11:45:22.040Z,"140 km WNW of Tobelo, Indonesia",earthquake,9.55,7.372,0.078,49,reviewed,us,us
2026-03-23T09:59:38.778Z,24.2077,125.2661,10.363,4.7,mb,63,81,0.956,1.14,us,us6000siul,2026-03-23T12:58:38.040Z,"64 km S of Miyakojima, Japan",earthquake,7.66,4.762,0.066,70,reviewed,us,us
2026-03-23T08:44:29.205Z,-15.6056,-172.6663,10,4.9,mb,41,99,2.44,1.11,us,us6000siu5,2026-03-23T09:02:27.040Z,"127 km ENE of Hihifo, Tonga",earthquake,8.37,1.822,0.048,137,reviewed,us,us
2026-03-23T06:26:57.388Z,18.6242,-102.6866,77.938,4.4,mb,132,173,1.714,0.6,us,us6000sisy,2026-03-23T14:50:00.040Z,"16 km SE of Aguililla, Mexico",earthquake,9.12,7.977,0.031,305,reviewed,us,us
2026-03-23T06:02:45.817Z,-15.3637,-172.9452,10,5.8,mww,42,51,2.556,0.62,us,us6000sisb,2026-03-24T06:30:10.135Z,"112 km NE of Hihifo, Tonga",earthquake,8.84,1.866,0.073,18,reviewed,us,us
2026-03-23T05:28:58.753Z,-36.0593,-72.2546,63.651,4.1,mb,29,138,0.741,0.42,us,us6000siry,2026-03-23T15:27:42.040Z,"11 km SSE of Cauquenes, Chile",earthquake,4.58,10.37,0.157,11,reviewed,us,us
2026-03-23T05:04:59.150Z,19.7653,-67.9255,51,3.67,md,21,314,1.3318,0.55,pr,pr2026082000,2026-03-23T11:14:15.040Z,"140 km NNE of Punta Cana, Dominican Republic",earthquake,4.9,25.08,0.05,10,reviewed,pr,pr
2026-03-23T04:44:14.276Z,-36.9598,-72.7797,29.655,4.3,mb,34,112,1.623,0.82,us,us6000sirm,2026-03-23T19:26:58.316Z,"22 km E of Chiguayante, Chile",earthquake,6.01,6.658,0.122,19,reviewed,us,us
2026-03-23T04:23:00.275Z,-23.3948,-175.4908,10,4.9,mb,45,130,6.737,0.84,us,us6000sirk,2026-03-23T04:53:05.040Z,"233 km SSW of ‘Ohonua, Tonga",earthquake,13.27,1.845,0.099,32,reviewed,us,us
2026-03-23T03:48:01.152Z,-19.333,168.2214,10,4.5,mb,22,78,3.284,0.74,us,us6000sire,2026-03-23T04:16:27.040Z,"113 km WNW of Isangel, Vanuatu",earthquake,8.41,1.762,0.128,18,reviewed,us,us
2026-03-23T02:10:30.811Z,11.4596,-86.3803,74.127,4,mb,24,159,1.19,0.69,us,us6000sipu,2026-03-23T02:39:20.040Z,"35 km S of El Rosario, Nicaragua",earthquake,8.21,13.209,0.144,13,reviewed,us,us
2026-03-23T02:04:53.854Z,51.9208,176.1054,10,4.3,mb,73,200,1.472,0.97,us,us6000sipr,2026-03-23T17:18:18.431Z,"223 km ESE of Attu Station, Alaska",earthquake,6.73,1.967,0.078,46,reviewed,us,us
2026-03-23T01:41:37.424Z,23.8773,-45.8698,10,5.1,mww,63,124,16.108,1.11,us,us6000sipj,2026-03-23T02:07:44.040Z,"northern Mid-Atlantic Ridge",earthquake,12.47,1.894,0.066,22,reviewed,us,us
2026-03-23T01:29:33.525Z,-48.7998,124.5947,10,5.2,mww,42,76,16.789,0.32,us,us6000sipe,2026-03-23T01:46:20.040Z,"western Indian-Antarctic Ridge",earthquake,11.63,1.9,0.086,13,reviewed,us,us
2026-03-23T00:37:42.796Z,-22.7607,-69.5201,87.966,4.2,mb,22,87,0.073,0.52,us,us6000sini,2026-04-06T02:10:18.040Z,"48 km SSE of María Elena, Chile",earthquake,2.77,3.455,0.167,10,reviewed,us,us
2026-03-22T23:17:41.011Z,55.522,-164.914,150.5,3.7,ml,16,348,3.9,0.4,ak,aka2026fsqlut,2026-03-25T12:15:10.488Z,"121 km NW of False Pass, Alaska",earthquake,56.3,37.0289,0.2,12,reviewed,ak,ak
2026-03-22T23:15:21.395Z,51.3598,179.7012,55.171,3.6,mb,37,194,0.251,0.5,us,us6000simk,2026-04-06T01:56:41.040Z,"260 km WSW of Adak, Alaska",earthquake,4.23,7.122,0.224,5,reviewed,us,us
2026-03-22T23:03:12.409Z,-20.9044,-178.2878,498.605,4.1,mb,23,196,4.671,0.4,us,us7000s9ew,2026-04-06T01:48:58.040Z,"Fiji region",earthquake,14.41,12.867,0.139,14,reviewed,us,us
2026-03-22T22:59:04.956Z,61.938,-151.012,2.4,3.7,ml,152,20,0.2,1,ak,aka2026fspuut,2026-04-07T01:05:27.079Z,"21 km ESE of Skwentna, Alaska",earthquake,1.9,1.643,0.1,109,reviewed,ak,ak
2026-03-22T22:26:14.332Z,-15.6311,-172.8184,13,5.9,mww,85,69,1.984,0.94,us,us6000siln,2026-04-06T01:22:47.910Z,"110 km ENE of Hihifo, Tonga",earthquake,9.63,1.566,0.058,29,reviewed,us,us
2026-03-22T22:11:53.331Z,51.4266,175.9155,10,4.3,mb,86,203,1.698,0.93,us,us6000sild,2026-04-06T01:09:32.040Z,"244 km SE of Attu Station, Alaska",earthquake,6.2,1.946,0.066,65,reviewed,us,us
2026-03-22T22:08:07.398Z,4.2088,126.3034,10,4.3,mb,14,151,2.932,0.6,us,us7000s9ev,2026-04-06T01:03:29.040Z,"161 km SE of Sarangani, Philippines",earthquake,13.36,1.808,0.153,12,reviewed,us,us
2026-03-22T22:00:52.334Z,-23.8303,-179.6714,528.183,4.3,mb,35,132,6.418,0.68,us,us7000s9eu,2026-04-06T00:04:11.040Z,"south of the Fiji Islands",earthquake,14.12,10.018,0.097,30,reviewed,us,us
2026-03-22T21:13:34.840Z,-30.2872,-177.3168,10,4.4,mb,13,207,1.167,0.7,us,us7000s9es,2026-04-05T23:21:08.040Z,"Kermadec Islands, New Zealand",earthquake,11.83,1.992,0.155,12,reviewed,us,us
2026-03-22T20:50:27.471Z,11.6658,-87.1112,35,4.3,mb,40,165,1.028,0.94,us,us6000sikv,2026-04-04T18:18:09.040Z,"66 km WSW of Masachapa, Nicaragua",earthquake,6.66,1.965,0.066,65,reviewed,us,us
2026-03-22T20:01:22.765Z,-11.4429,163.3124,10,4.9,mb,47,81,3.863,0.67,us,us6000sikr,2026-04-04T18:11:56.040Z,"187 km SE of Kirakira, Solomon Islands",earthquake,10.36,1.877,0.069,66,reviewed,us,us
2026-03-22T19:23:28.600Z,48.7685,-129.6019,10,4,mb,36,176,0.907,0.43,us,us6000sijy,2026-04-05T19:33:53.168Z,"272 km SW of Port McNeill, Canada",earthquake,7.71,1.985,0.113,21,reviewed,us,us
2026-03-22T18:09:27.182Z,-17.6633,-178.7528,545.181,4.7,mb,83,79,2.148,0.87,us,us6000siji,2026-04-04T17:57:40.040Z,"209 km ENE of Levuka, Fiji",earthquake,11.02,6.881,0.029,356,reviewed,us,us
2026-03-22T17:52:01.453Z,23.8113,-45.8348,10,4.3,mb,29,144,16.117,0.59,us,us7000s9el,2026-04-04T15:26:50.040Z,"northern Mid-Atlantic Ridge",earthquake,9.98,1.876,0.119,20,reviewed,us,us
2026-03-22T17:06:35.207Z,-35.1046,179.768,61.624,4.9,mb,52,69,2.722,1.04,us,us6000sij5,2026-04-04T17:47:55.040Z,"off the east coast of the North Island of New Zealand",earthquake,10.32,7.57,0.081,48,reviewed,us,us
2026-03-22T16:46:20.066Z,51.5389,175.7834,35,4.2,mb,26,226,1.58,1.13,us,us6000siis,2026-03-23T01:34:44.375Z,"229 km SE of Attu Station, Alaska",earthquake,6.75,2.002,0.118,20,reviewed,us,us
2026-03-22T16:23:14.794Z,-14.9043,-172.7747,10,4.8,mb,19,68,1.38,1.15,us,us6000siii,2026-03-22T17:01:24.040Z,"131 km SSW of Gataivai, Samoa",earthquake,6.02,1.903,0.168,11,reviewed,us,us
2026-03-22T16:00:18.888Z,-14.9649,-173.0424,10,5.6,mww,19,84,1.61,0.49,us,us6000siia,2026-03-23T16:25:47.188Z,"136 km NE of Hihifo, Tonga",earthquake,8.48,1.922,0.073,18,reviewed,us,us
2026-03-22T15:30:37.033Z,-15.2263,-172.6832,10,6.3,mww,9,127,1.574,1.12,us,us6000sii1,2026-03-24T04:51:55.846Z,"144 km NE of Hihifo, Tonga",earthquake,4.95,1.948,0.06,27,reviewed,us,us
2026-03-22T15:27:56.537Z,-15.1719,-172.5084,10,6.2,mww,6,180,1.439,0.42,us,us6000sii0,2026-03-23T16:03:42.085Z,"149 km SSW of Lotofagā, Samoa",earthquake,11.48,2.009,0.052,35,reviewed,us,us
2026-03-22T15:08:58.721Z,-6.8659,129.7297,117.954,4.5,mb,23,98,2.335,0.9,us,us6000sihv,2026-03-22T16:45:52.040Z,"Banda Sea",earthquake,9.52,10.148,0.112,23,reviewed,us,us
2026-03-22T15:06:17.024Z,-15.6416,-71.6388,173.983,4.6,mb,21,127,2.984,0.96,us,us6000siht,2026-03-22T16:40:41.040Z,"4 km W of Chivay, Peru",earthquake,10.25,12.015,0.152,13,reviewed,us,us
2026-03-22T14:08:10.689Z,-15.3446,-172.6522,10,4.7,mb,20,102,1.657,0.52,us,us6000sih1,2026-03-22T17:45:39.040Z,"139 km ENE of Hihifo, Tonga",earthquake,3.67,1.926,0.117,23,reviewed,us,us
2026-03-22T12:04:25.701Z,52.9644,171.0432,52.412,4.4,mb,150,150,5.303,0.76,us,us6000sifz,2026-03-23T01:38:16.837Z,"144 km W of Attu Station, Alaska",earthquake,11.15,8.573,0.041,173,reviewed,us,us
2026-03-22T11:39:46.591Z,-59.6689,-26.2588,77.499,5.1,mb,53,91,19.475,0.56,us,us6000sifv,2026-03-22T11:57:58.040Z,"South Sandwich Islands region",earthquake,14.36,7.796,0.078,53,reviewed,us,us
2026-03-22T09:51:51.980Z,19.1608,-63.7905,104,3.97,md,19,319,0.9077,0.59,pr,pr2026081000,2026-03-22T12:18:25.574Z,"129 km NW of Sandy Ground Village, Anguilla",earthquake,5.92,5.85,0.1,16,reviewed,pr,pr
2026-03-22T08:56:06.411Z,34.3646,140.1713,95.145,4.4,mb,47,126,2.623,0.72,us,us6000sif5,2026-04-04T06:07:42.173Z,"74 km SSE of Tateyama, Japan",earthquake,11.13,4.58,0.078,48,reviewed,us,us
2026-03-22T08:17:03.501Z,52.3058,160.6105,10,4.4,mb,42,152,1.945,0.83,us,us7000s9e7,2026-04-04T05:56:37.040Z,"158 km ESE of Petropavlovsk-Kamchatsky, Russia",earthquake,9.8,1.925,0.1,29,reviewed,us,us
2026-03-22T08:14:34.946Z,52.3166,160.5203,30.666,4.8,mb,52,134,1.891,1.15,us,us6000siep,2026-04-04T05:50:42.040Z,"152 km SE of Petropavlovsk-Kamchatsky, Russia",earthquake,12.62,6.114,0.056,99,reviewed,us,us
2026-03-22T08:07:08.759Z,52.1478,160.5909,10,4.7,mb,67,124,2.008,0.85,us,us6000siem,2026-04-04T05:36:43.040Z,"167 km SE of Petropavlovsk-Kamchatsky, Russia",earthquake,8.94,1.89,0.06,84,reviewed,us,us
2026-03-22T08:02:54.327Z,-17.7345,-69.5788,138.565,4.8,mb,57,95,0.601,1.36,us,us6000sieg,2026-04-03T13:00:11.040Z,"40 km E of Palca, Peru",earthquake,5.92,5.193,0.052,113,reviewed,us,us
2026-03-22T07:31:59.717Z,20.0689,-157.7739,10,3.8,ml,31,204,1.188,0.35,us,us6000siea,2026-04-03T12:47:34.859Z,"122 km SW of Lanai City, Hawaii",earthquake,3.44,1.944,0.051,50,reviewed,us,us
2026-03-22T07:31:24.665Z,51.9545,176.1557,10,4.1,mb,41,197,1.458,1.09,us,us6000siec,2026-04-03T12:46:57.040Z,"225 km ESE of Attu Station, Alaska",earthquake,6.81,1.979,0.12,19,reviewed,us,us
2026-03-22T07:23:48.727Z,52.2691,160.825,10,4.5,mb,20,177,2.08,1.27,us,us7000s9e5,2026-04-03T12:38:57.040Z,"172 km ESE of Petropavlovsk-Kamchatsky, Russia",earthquake,11.75,1.98,0.156,12,reviewed,us,us
2026-03-22T07:19:58.715Z,52.2156,160.8067,10,5.2,mb,79,116,2.093,0.78,us,us6000sie4,2026-04-03T12:32:22.040Z,"175 km ESE of Petropavlovsk-Kamchatsky, Russia",earthquake,9.27,1.868,0.038,230,reviewed,us,us
2026-03-22T06:15:36.306Z,-15.1922,-172.96,14,6.2,mww,107,50,1.711,1.28,us,us6000sidb,2026-04-05T07:15:33.056Z,"123 km NE of Hihifo, Tonga",earthquake,9.36,1.844,0.057,30,reviewed,us,us
2026-03-22T06:08:37.644Z,-32.0545,57.1527,10,5,mb,47,88,11.044,0.59,us,us6000sida,2026-04-03T11:21:12.040Z,"Southwest Indian Ridge",earthquake,11.12,1.875,0.077,54,reviewed,us,us
2026-03-22T06:07:13.857Z,-15.1768,-172.9283,10,4.4,mb,26,106,1.679,0.69,us,us7000s9e1,2026-04-03T07:39:55.040Z,"126 km NE of Hihifo, Tonga",earthquake,8.61,1.551,0.127,18,reviewed,us,us
2026-03-22T05:58:04.791Z,-38.9206,178.8205,10,4.3,mb,21,162,1.415,0.61,us,us7000s9e0,2026-04-03T07:08:14.040Z,"70 km ESE of Wainui, New Zealand",earthquake,4.83,1.855,0.177,9,reviewed,us,us
2026-03-22T05:30:10.601Z,13.602,120.82,148.282,4.6,mb,77,111,16.02,0.86,us,us6000sicx,2026-04-03T06:40:09.040Z,"8 km SW of Tingloy, Philippines",earthquake,11.71,6.298,0.064,73,reviewed,us,us
2026-03-22T05:26:15.488Z,23.9383,-45.76,10,4.6,mb,51,103,19.361,0.82,us,us6000sidm,2026-04-03T05:48:44.040Z,"northern Mid-Atlantic Ridge",earthquake,13.17,1.926,0.074,54,reviewed,us,us
2026-03-22T05:21:37.176Z,-0.5941,100.2754,10,4.1,mb,14,160,3.293,0.52,us,us7000s9dy,2026-04-03T05:45:31.040Z,"17 km E of Pariaman, Indonesia",earthquake,8.17,1.932,0.197,7,reviewed,us,us
2026-03-22T04:41:58.315Z,2.311,128.3504,46.105,4.4,mb,30,115,5.474,0.76,us,us7000s9dw,2026-04-03T01:42:09.040Z,"74 km NNE of Tobelo, Indonesia",earthquake,10.22,6.613,0.123,21,reviewed,us,us
2026-03-22T03:51:49.674Z,-6.188,103.9142,35,4.7,mb,38,137,2.051,0.83,us,us6000sicc,2026-04-03T01:33:12.040Z,"171 km WSW of Bandar Lampung, Indonesia",earthquake,8.26,1.932,0.097,34,reviewed,us,us
2026-03-22T03:03:45.129Z,-8.9092,-108.3968,10,5.7,mww,85,119,19.8,0.83,us,us6000sic3,2026-04-03T01:37:04.460Z,"central East Pacific Rise",earthquake,13.46,1.834,0.061,26,reviewed,us,us
2026-03-22T02:28:23.286Z,69.422,-143.689,0.6,3.8,ml,88,104,0.2,0.8,ak,aka2026frbagt,2026-03-25T02:37:09.960Z,"79 km S of Kaktovik, Alaska",earthquake,4.5,4.2953,0.2,63,reviewed,ak,ak
2026-03-22T01:31:38.203Z,-41.2577,175.577,54.425,3.8,ml,22,88,0.217,0.86,us,us6000sibh,2026-03-22T05:47:43.562Z,"17 km NNE of Waipawa, New Zealand",earthquake,4.5,6.737,0.055,44,reviewed,us,us
2026-03-22T01:29:46.073Z,-21.2307,-177.8661,416.243,4.3,mb,34,104,5.181,1.11,us,us6000sibi,2026-04-03T01:02:20.040Z,"266 km W of Houma, Tonga",earthquake,15.28,7.991,0.088,38,reviewed,us,us
2026-03-22T01:17:34.086Z,-10.3453,161.2049,126.282,4.2,mb,16,141,1.532,0.91,us,us7000s9dr,2026-04-03T00:57:29.040Z,"79 km W of Kirakira, Solomon Islands",earthquake,12.39,6.851,0.167,10,reviewed,us,us
2026-03-22T00:14:49.869Z,-28.1476,62.6632,10,4.9,mb,40,80,8.379,0.54,us,us6000sib0,2026-04-04T01:55:34.040Z,"Southwest Indian Ridge",earthquake,10.78,1.883,0.103,30,reviewed,us,us
2026-03-21T23:03:01.807Z,-7.8219,130.2425,10,4.3,mb,12,128,3.295,0.73,us,us7000s94q,2026-03-31T23:43:28.040Z,"Pulau Pulau Tanimbar, Indonesia",earthquake,8.52,1.786,0.177,9,reviewed,us,us
2026-03-21T22:25:09.951Z,-8.4982,158.876,101.462,4.3,mb,17,111,1.412,0.59,us,us7000s94n,2026-04-06T23:54:25.040Z,"88 km WSW of Buala, Solomon Islands",earthquake,11.84,6.203,0.147,13,reviewed,us,us
2026-03-21T21:13:05.837Z,36.6754,70.3504,202.051,4.2,mb,31,101,2.193,0.84,us,us6000sia3,2026-03-21T23:11:13.040Z,"45 km ENE of Farkhār, Afghanistan",earthquake,9.32,8.081,0.136,16,reviewed,us,us
2026-03-21T20:07:25.788Z,-29.2715,-179.0714,302.214,5,mb,58,47,0.999,0.8,us,us6000si9m,2026-03-21T20:24:53.040Z,"Kermadec Islands region",earthquake,12.65,6.978,0.04,203,reviewed,us,us
2026-03-21T20:04:55.476Z,51.2041,161.1028,10,4.3,mb,39,169,2.834,0.34,us,us7000s94j,2026-04-06T23:04:08.040Z,"266 km SE of Vilyuchinsk, Russia",earthquake,10.88,1.944,0.094,32,reviewed,us,us
2026-03-21T20:04:04.902Z,-6.8851,129.596,181.233,4.1,mb,17,123,2.367,0.97,us,us6000si9l,2026-03-21T22:47:56.040Z,"Banda Sea",earthquake,11.3,9.603,0.151,13,reviewed,us,us
2026-03-21T19:53:58.896Z,-2.0106,122.5358,10,4.2,mb,22,76,4.077,0.77,us,us6000si9k,2026-03-21T20:13:36.040Z,"120 km SSW of Luwuk, Indonesia",earthquake,9.72,1.916,0.141,14,reviewed,us,us
2026-03-21T19:47:09.714Z,-21.3268,-66.6723,232.48,4.5,mb,35,129,2.137,0.83,us,us6000si9i,2026-03-21T22:17:20.040Z,"63 km SW of Atocha, Bolivia",earthquake,8.68,10.419,0.128,18,reviewed,us,us
2026-03-21T19:14:45.372Z,8.4605,39.9824,10,4.3,mb,31,158,4.155,0.48,us,us6000si9g,2026-03-21T20:01:31.040Z,"49 km S of Metahāra, Ethiopia",earthquake,13.28,1.936,0.116,21,reviewed,us,us
2026-03-21T18:08:53.349Z,-7.4983,104.9624,10,5.1,mww,77,64,2.665,0.76,us,us6000si8m,2026-03-22T03:56:38.789Z,"156 km SW of Labuan, Indonesia",earthquake,4.25,1.68,0.093,11,reviewed,us,us
2026-03-21T18:04:58.392Z,38.079,14.5935,60.858,4.1,mb,41,152,2.135,0.95,us,us6000si8l,2026-03-21T18:37:55.040Z,"2 km NNE of Acquedolci, Italy",earthquake,7.38,10.864,0.136,15,reviewed,us,us
2026-03-21T17:30:42.321Z,53.4487,-162.9884,10,3.6,mb,55,218,1.278,0.58,us,us6000si89,2026-03-21T21:06:17.766Z,"158 km S of False Pass, Alaska",earthquake,6.76,1.988,0.177,8,reviewed,us,us
2026-03-21T17:13:50.502Z,36.2677,70.7264,95.778,4.4,mb,55,95,2.477,0.96,us,us6000si84,2026-03-21T17:36:24.040Z,"66 km S of Jurm, Afghanistan",earthquake,9.65,7.7,0.08,45,reviewed,us,us
2026-03-21T15:21:45.574Z,48.5553,149.7411,348.098,4.4,mb,76,110,6.793,0.6,us,us6000si77,2026-03-21T15:42:33.040Z,"northwest of the Kuril Islands",earthquake,11.5,6.808,0.034,251,reviewed,us,us
2026-03-21T14:17:57.651Z,12.9863,-88.8573,70.226,4.4,mb,36,152,0.708,0.75,us,us6000si6s,2026-04-06T19:12:23.040Z,"46 km SW of Puerto El Triunfo, El Salvador",earthquake,5.84,7.699,0.063,73,reviewed,us,us
2026-03-21T12:16:46.629Z,23.8601,-45.7987,10,6.6,mww,128,31,16.164,0.58,us,us6000si5l,2026-04-03T05:33:00.460Z,"northern Mid-Atlantic Ridge",earthquake,9.57,1.858,0.054,33,reviewed,us,us
2026-03-21T11:53:16.953Z,29.404,130.6401,39.742,4.6,mb,61,125,2.105,0.53,us,us6000si5j,2026-04-03T05:17:41.040Z,"92 km S of Koshima, Japan",earthquake,5.93,6.524,0.074,54,reviewed,us,us
2026-03-21T11:23:48.762Z,13.7989,144.7707,145.518,4.1,mb,14,197,0.229,0.31,us,us7000s947,2026-04-03T05:07:35.040Z,"31 km NNW of Yigo Village, Guam",earthquake,13.24,4.23,0.174,9,reviewed,us,us
2026-03-21T11:21:39.642Z,14.7624,108.2802,9.666,4.3,mb,28,116,4.251,0.54,us,us7000s946,2026-04-02T12:27:12.040Z,"53 km NNE of Kon Tum, Vietnam",earthquake,10.13,5.095,0.148,13,reviewed,us,us
2026-03-21T11:12:04.314Z,29.4858,130.6689,21.65,5.4,mww,98,110,2.025,0.87,us,us6000si57,2026-04-02T11:41:55.694Z,"84 km S of Koshima, Japan",earthquake,6.94,4.967,0.063,24,reviewed,us,us
2026-03-21T10:35:54.111Z,-55.5085,-124.7074,10,5.4,mww,64,90,30.396,0.84,us,us6000sieq,2026-04-02T10:14:45.113Z,"southern East Pacific Rise",earthquake,18,2.497,0.098,10,reviewed,us,us
2026-03-21T10:25:58.976Z,-30.2244,-177.2245,10,5,mb,33,132,1.152,0.82,us,us6000si52,2026-04-01T13:04:34.040Z,"Kermadec Islands, New Zealand",earthquake,9.77,1.909,0.1,32,reviewed,us,us
2026-03-21T10:10:22.616Z,-18.7602,-179.5462,658.242,4.1,mb,44,122,2.494,0.82,us,us7000s944,2026-04-01T12:07:49.040Z,"142 km ESE of Levuka, Fiji",earthquake,15.31,9.739,0.087,36,reviewed,us,us
2026-03-21T10:00:37.826Z,-24.0161,-66.994,191.861,5.6,mww,97,34,1.518,0.88,us,us6000si4j,2026-04-05T06:20:13.257Z,"72 km WNW of San Antonio de los Cobres, Argentina",earthquake,7.7,4.428,0.06,27,reviewed,us,us
2026-03-21T08:58:59.811Z,18.5105,-69.0404,119.716,4.2,mb,35,108,0.626,0.64,us,us6000si44,2026-04-05T09:07:15.990Z,"10 km SW of Guaymate, Dominican Republic",earthquake,7.16,8.156,0.121,19,reviewed,us,us
2026-03-21T08:06:14.757Z,-10.8347,165.7076,43.487,4.2,mb,20,140,4.81,0.43,us,us7000s941,2026-04-05T08:59:35.040Z,"15 km SW of Lata, Solomon Islands",earthquake,15.32,10.428,0.141,14,reviewed,us,us
2026-03-21T07:35:30.350Z,13.9371,-92.2218,35,4.1,mb,49,197,2.332,1.15,us,us7000s93z,2026-04-05T08:54:56.040Z,"51 km SW of Champerico, Guatemala",earthquake,8.35,1.987,0.086,37,reviewed,us,us
2026-03-21T05:56:05.860Z,-21.8996,-178.8162,498.581,4.8,mb,46,129,5.076,0.64,us,us6000si2t,2026-04-05T08:22:43.040Z,"Fiji region",earthquake,13.52,9.479,0.084,44,reviewed,us,us
2026-03-21T05:51:30.587Z,38.1553,20.3059,10,4.3,mb,29,95,1.613,1.14,us,us6000si2s,2026-04-05T08:11:44.040Z,"12 km WSW of Lixoúri, Greece",earthquake,5.3,1.899,0.123,19,reviewed,us,us
2026-03-21T05:14:43.783Z,49.9401,159.6013,10,4.1,mb,16,230,3.388,0.6,us,us7000s93y,2026-04-05T08:04:25.040Z,"260 km ESE of Severo-Kuril’sk, Russia",earthquake,12.98,1.987,0.174,9,reviewed,us,us
2026-03-21T04:52:34.400Z,-30.2636,-177.54,35,4.3,mb,11,198,1.07,1.04,us,us7000s93w,2026-04-02T23:45:50.040Z,"Kermadec Islands, New Zealand",earthquake,13.44,1.974,0.169,11,reviewed,us,us
2026-03-21T04:27:32.363Z,-45.1796,167.3764,115.863,4.2,mb,21,79,0.326,0.59,us,us6000si1x,2026-04-02T23:34:54.040Z,"37 km NW of Te Anau, New Zealand",earthquake,4.94,2.898,0.158,11,reviewed,us,us
2026-03-21T04:15:27.500Z,-16.0026,166.8422,32.059,4.5,mb,24,83,0.653,1.07,us,us6000si1v,2026-04-02T23:33:21.040Z,"59 km W of Norsup, Vanuatu",earthquake,7.74,5.556,0.144,20,reviewed,us,us
2026-03-21T03:20:58.592Z,-16.011,166.9002,22,5.7,mww,86,32,0.632,0.98,us,us6000si17,2026-04-02T23:38:51.359Z,"53 km W of Norsup, Vanuatu",earthquake,7.15,1.811,0.052,36,reviewed,us,us
2026-03-21T02:19:56.154Z,-9.0339,112.4858,53.014,4.3,mb,15,106,1.74,0.95,us,us7000s93u,2026-04-02T23:18:07.040Z,"95 km SSW of Dampit, Indonesia",earthquake,9,12.011,0.217,8,reviewed,us,us
2026-03-21T02:15:34.923Z,-10.1818,160.8623,35,4.2,mb,22,110,1.165,0.63,us,us7000s93t,2026-04-02T22:36:27.040Z,"119 km WNW of Kirakira, Solomon Islands",earthquake,9.52,1.78,0.167,17,reviewed,us,us
2026-03-21T02:01:51.302Z,35.104,69.9964,93.404,4.5,mb,66,94,3.635,0.67,us,us6000si0t,2026-04-02T22:07:35.040Z,"42 km NE of Tagāb, Afghanistan",earthquake,9.08,7.105,0.075,52,reviewed,us,us
2026-03-21T01:49:10.169Z,38.5003,14.3653,10,4.3,mb,48,85,1.868,1.28,us,us7000s93s,2026-04-02T22:04:29.040Z,"40 km W of Leni, Italy",earthquake,6.91,1.88,0.102,27,reviewed,us,us
2026-03-21T01:46:05.619Z,38.4955,14.3678,10,5.2,mb,94,59,1.87,0.74,us,us6000si0l,2026-04-02T21:48:54.055Z,"40 km W of Leni, Italy",earthquake,4.42,1.84,0.037,247,reviewed,us,us
2026-03-21T01:28:23.881Z,51.7695,160.1309,35,4.6,mb,48,134,2.003,0.77,us,us6000si0j,2026-04-02T21:41:41.040Z,"174 km SE of Vilyuchinsk, Russia",earthquake,11.75,1.937,0.081,45,reviewed,us,us
2026-03-21T00:31:30.926Z,13.9562,51.4318,10,4.5,mb,19,183,6.856,1.13,us,us6000si0c,2026-03-21T02:51:05.040Z,"214 km NNW of Kilmia, Yemen",earthquake,14.35,1.989,0.144,14,reviewed,us,us
2026-03-20T23:31:21.230Z,38.2516,20.2844,10,4.5,mb,67,48,1.685,1.3,us,us6000shzt,2026-03-21T00:11:19.040Z,"14 km WNW of Lixoúri, Greece",earthquake,4.69,1.859,0.07,60,reviewed,us,us
2026-03-20T22:17:05.737Z,-22.8558,-177.3746,234.643,4.4,mb,21,174,6.653,0.92,us,us6000shz5,2026-03-22T01:48:33.040Z,"283 km SW of Houma, Tonga",earthquake,17.69,9.411,0.123,19,reviewed,us,us
2026-03-20T22:16:51.902Z,49.4086,155.5877,48.244,4.3,mb,38,193,3.935,0.68,us,us6000si96,2026-03-22T01:35:07.040Z,"146 km SSW of Severo-Kuril’sk, Russia",earthquake,15.48,10.833,0.092,33,reviewed,us,us
2026-03-20T21:19:21.348Z,28.3965,129.343,59.694,4.6,mb,73,111,1.822,0.66,us,us6000shyj,2026-03-21T01:08:40.040Z,"14 km WNW of Naze, Japan",earthquake,6.82,7.96,0.061,80,reviewed,us,us
2026-03-20T20:38:50.354Z,-20.0214,-70.9683,27.079,4,mb,17,200,0.825,0.71,us,us6000shy8,2026-03-20T21:11:58.040Z,"87 km WNW of Puerto, Chile",earthquake,5.18,6.051,0.232,5,reviewed,us,us
2026-03-20T20:11:20.232Z,52.016,176.216,5,3.6,ml,15,192,1.4,1,ak,aka2026fosuze,2026-03-24T00:14:24.057Z,"225 km ESE of Attu Station, Alaska",earthquake,30.8,0,0.1,12,reviewed,ak,ak
2026-03-20T20:06:52.112Z,-19.9972,-71.0226,11.317,4.7,mb,28,145,0.881,1.13,us,us6000shxy,2026-03-21T01:56:19.337Z,"94 km WNW of Puerto, Chile",earthquake,5.08,4.844,0.147,17,reviewed,us,us
2026-03-20T19:55:20.816Z,-19.2594,168.3306,10,4.6,mb,37,109,3.401,0.84,us,us6000shxt,2026-03-20T20:51:02.040Z,"104 km WNW of Isangel, Vanuatu",earthquake,5.16,1.894,0.089,41,reviewed,us,us
2026-03-20T18:32:09.012Z,-4.916,145.1919,115.105,4.7,mb,112,47,3.585,0.79,us,us6000shx5,2026-03-20T18:58:02.040Z,"74 km WNW of Madang, Papua New Guinea",earthquake,7.14,6.178,0.05,130,reviewed,us,us
2026-03-20T16:17:50.508Z,-15.5243,-174.7407,282.634,4.3,mb,26,78,3.282,0.69,us,us6000shvq,2026-04-06T16:12:18.040Z,"111 km WNW of Hihifo, Tonga",earthquake,9,10.573,0.126,18,reviewed,us,us
2026-03-20T16:16:30.960Z,-61.1972,-56.003,10,4.4,mb,23,114,8.789,1,us,us7000s8tx,2026-04-06T16:10:58.040Z,"South Shetland Islands",earthquake,12.33,1.929,0.131,17,reviewed,us,us
2026-03-20T15:30:45.182Z,-32.1984,-71.7088,54.369,4.7,mb,31,75,0.642,0.37,us,us6000shvi,2026-04-06T15:57:16.195Z,"53 km WNW of La Ligua, Chile",earthquake,3.18,8.073,0.159,12,reviewed,us,us
2026-03-20T14:45:25.107Z,-20.6282,-178.4475,593.274,4.9,mb,54,54,4.378,0.72,us,us6000shus,2026-03-20T15:01:44.040Z,"Fiji region",earthquake,13.49,9.073,0.059,90,reviewed,us,us
2026-03-20T13:57:26.724Z,-5.2729,153.6662,56.278,4.8,mb,69,79,1.843,0.61,us,us6000shu0,2026-03-21T13:04:33.040Z,"186 km ESE of Kokopo, Papua New Guinea",earthquake,8.39,7.096,0.067,69,reviewed,us,us
2026-03-20T13:32:41.471Z,23.768,121.7116,29.077,4.9,mb,108,73,0.418,0.92,us,us6000shth,2026-03-21T13:49:22.040Z,"25 km SSE of Hualien City, Taiwan",earthquake,2.68,4.441,0.046,145,reviewed,us,us
2026-03-20T13:13:30.193Z,-24.5179,-66.8758,219.301,4.4,mb,22,134,1.964,0.91,us,us6000shtc,2026-03-20T13:30:34.040Z,"65 km WSW of San Antonio de los Cobres, Argentina",earthquake,10.54,6.466,0.241,7,reviewed,us,us
2026-03-20T12:32:39.382Z,54.4355,-159.7579,35,3.5,mb,62,166,1.414,0.8,us,us6000sht9,2026-03-20T23:14:11.498Z,"110 km SSE of Sand Point, Alaska",earthquake,5.78,1.996,0.201,6,reviewed,us,us
2026-03-20T12:28:09.166Z,2.2408,96.1171,10,4.9,mb,71,113,1.729,0.43,us,us6000sht8,2026-03-20T12:57:08.040Z,"39 km SW of Sinabang, Indonesia",earthquake,8.25,1.878,0.066,71,reviewed,us,us
2026-03-20T11:46:11.322Z,26.4388,144.7411,10,4.4,mb,74,119,21.15,0.4,us,us6000shsz,2026-03-20T12:28:28.040Z,"Bonin Islands, Japan region",earthquake,12.33,1.894,0.064,70,reviewed,us,us
2026-03-20T11:20:33.850Z,-8.4082,106.6966,22.034,4.4,mb,35,105,1.332,0.51,us,us6000shst,2026-03-20T13:36:25.729Z,"156 km SSW of Banjar, Indonesia",earthquake,6.28,4.276,0.102,28,reviewed,us,us
2026-03-20T10:29:56.887Z,-21.0656,-68.9377,117.65,4.1,mb,18,58,0.514,0.96,us,us6000shsg,2026-03-20T18:15:40.040Z,"73 km WNW of Ollagüe, Chile",earthquake,4.6,6.894,0.234,5,reviewed,us,us
2026-03-20T10:17:06.109Z,-21.1314,-68.952,132.09,4.2,mb,23,57,0.507,0.74,us,us6000shs9,2026-03-20T18:21:18.040Z,"73 km W of Ollagüe, Chile",earthquake,5.72,4.229,0.153,12,reviewed,us,us
2026-03-20T10:16:26.910Z,40.421666666667,-125.40916666667,10,3.63,mw,84,253,0.8136,0.38,nc,nc75330557,2026-03-20T21:07:24.182Z,"96 km W of Petrolia, CA",earthquake,1.21,31.61,,6,reviewed,nc,nc
2026-03-20T10:12:11.321Z,-19.2316,168.3539,10,4.4,mwr,23,128,3.437,1,us,us6000shsa,2026-03-20T10:52:22.040Z,"103 km WNW of Isangel, Vanuatu",earthquake,8.38,1.919,0.089,12,reviewed,us,us
2026-03-20T09:50:23.870Z,39.5919,20.6369,10,4.2,mb,38,120,1.436,1.37,us,us6000shry,2026-03-20T18:33:09.040Z,"15 km SSW of Rodotópi, Greece",earthquake,1.94,1.937,0.124,18,reviewed,us,us
2026-03-20T09:40:45.926Z,39.6989,20.6614,10,4.9,mww,60,46,1.463,1.08,us,us6000shrw,2026-03-20T18:01:11.340Z,"5 km W of Rodotópi, Greece",earthquake,4.73,1.644,0.071,19,reviewed,us,us
2026-03-20T09:14:05.625Z,62.98,-149.26,74.1,3.9,ml,180,21,0.2,0.9,ak,aka2026fnxaci,2026-03-21T09:33:38.212Z,"48 km SSW of Cantwell, Alaska",earthquake,1.6,2.041,0.2,128,reviewed,ak,ak
2026-03-20T09:05:32.112Z,39.5615,20.5423,10,4.7,mwr,88,46,1.493,1.08,us,us6000shrk,2026-03-20T10:32:40.040Z,"10 km NNE of Paramythiá, Greece",earthquake,4.55,1.864,0.093,11,reviewed,us,us
2026-03-20T07:38:35.058Z,27.4238,52.6079,10,4,mb,22,186,4.066,0.56,us,us7000s8tl,2026-04-01T10:49:22.040Z,"30 km WSW of Mohr, Iran",earthquake,12.13,1.954,0.129,16,reviewed,us,us
2026-03-20T07:32:31.108Z,-26.1412,-69.8485,111.487,4.5,mb,26,76,0.674,1.15,us,us6000shr1,2026-04-01T10:45:00.040Z,"33 km NE of Diego de Almagro, Chile",earthquake,6.94,7.23,0.145,14,reviewed,us,us
2026-03-20T06:46:06.290Z,50.69,-173.0092,10,3.8,mb,33,196,1.686,0.81,us,us6000shqs,2026-04-01T10:02:22.040Z,"186 km SSE of Atka, Alaska",earthquake,4.3,1.952,0.114,20,reviewed,us,us
2026-03-20T06:21:04.129Z,43.5884,146.6417,65.161,4.4,mb,49,134,2.976,0.44,us,us6000shqm,2026-04-01T09:49:04.040Z,"24 km SSW of Shikotan, Russia",earthquake,8.82,5.837,0.076,50,reviewed,us,us
2026-03-20T06:01:53.809Z,53.1042,159.6535,79.924,4.2,mb,60,135,1.178,0.57,us,us6000shqe,2026-04-01T09:42:59.040Z,"68 km E of Petropavlovsk-Kamchatsky, Russia",earthquake,10.69,7.475,0.074,51,reviewed,us,us
2026-03-20T05:48:32.338Z,30.0285,68.2883,10,4.2,mb,32,262,8.629,0.92,us,us7000s8th,2026-04-01T09:24:08.040Z,"30 km WSW of Duki, Pakistan",earthquake,14.13,1.986,0.115,21,reviewed,us,us
2026-03-20T05:47:37.476Z,27.4959,52.6582,10,4.3,mb,23,184,4.074,0.85,us,us6000shq8,2026-04-01T09:18:10.040Z,"23 km WSW of Mohr, Iran",earthquake,13.46,1.967,0.106,25,reviewed,us,us
2026-03-20T05:30:09.914Z,-15.7102,-75.6175,10,4.6,mb,40,148,3.887,0.66,us,us6000shq2,2026-04-01T07:13:31.040Z,"61 km SW of San Juan, Peru",earthquake,6.88,1.907,0.093,34,reviewed,us,us
2026-03-20T05:24:48.458Z,27.4796,52.6599,10,4.2,mb,39,81,4.062,0.73,us,us6000shq4,2026-04-01T07:10:53.040Z,"23 km WSW of Mohr, Iran",earthquake,11.7,1.9,0.093,32,reviewed,us,us
2026-03-20T05:01:33.132Z,30.082,51.8028,10,4.3,mb,37,63,6.437,0.71,us,us6000shqx,2026-04-01T07:08:23.040Z,"27 km E of Nūrābād, Iran",earthquake,11.1,1.893,0.099,29,reviewed,us,us
2026-03-20T05:00:26.282Z,31.7279,-40.9116,10,4.9,mb,81,54,21.039,0.55,us,us6000shpz,2026-04-01T07:04:53.040Z,"northern Mid-Atlantic Ridge",earthquake,10.84,1.864,0.03,356,reviewed,us,us
2026-03-20T03:35:07.903Z,26.0876,128.6326,10,4.7,mb,48,76,0.812,1.09,us,us6000shp8,2026-04-02T21:27:32.040Z,"77 km SE of Taira, Japan",earthquake,6.07,1.895,0.082,45,reviewed,us,us
2026-03-20T02:30:32.528Z,-19.2558,168.3256,10,6.1,mww,99,42,3.226,0.91,us,us6000shnl,2026-04-02T21:31:38.491Z,"105 km WNW of Isangel, Vanuatu",earthquake,7.82,1.717,0.044,50,reviewed,us,us
2026-03-20T02:18:32.790Z,23.5668,121.3898,15.989,4.4,mb,40,90,0.193,0.64,us,us6000shnq,2026-04-02T21:16:11.040Z,"50 km SSW of Hualien City, Taiwan",earthquake,2.05,2.462,0.12,20,reviewed,us,us
2026-03-20T01:49:42.911Z,37.4511,21.5798,10,4.5,mb,57,44,0.387,1.12,us,us6000shnh,2026-04-02T21:06:48.996Z,"7 km WSW of Zacháro, Greece",earthquake,4.73,1.89,0.102,29,reviewed,us,us
2026-03-20T01:15:53.804Z,-61.1534,-56.1659,10,5.1,mb,52,93,8.416,1.31,us,us6000shmv,2026-04-02T21:01:38.040Z,"South Shetland Islands",earthquake,8.91,1.785,0.07,66,reviewed,us,us
2026-03-20T00:50:48.252Z,-61.2581,-56.364,10,4.6,mb,19,99,8.278,1.12,us,us7000s8tc,2026-04-06T22:21:30.040Z,"South Shetland Islands",earthquake,7.92,1.92,0.14,15,reviewed,us,us
2026-03-20T00:22:02.120Z,-61.1525,-56.2683,4.869,6.6,mww,58,76,8.393,0.93,us,us6000shlp,2026-03-21T00:46:45.373Z,"South Shetland Islands",earthquake,8.26,4.144,0.059,28,reviewed,us,us
2026-03-19T23:57:46.028Z,13.9246,-90.8099,93.96,4.4,mb,36,195,1,0.97,us,us6000shlj,2026-03-22T00:56:26.040Z,"1 km ESE of Puerto San José, Guatemala",earthquake,6.63,9.266,0.063,72,reviewed,us,us
2026-03-19T23:57:23.119Z,-18.4784,-177.9515,525.413,4.7,mb,34,98,3.239,0.8,us,us6000shll,2026-03-20T00:14:02.040Z,"292 km E of Levuka, Fiji",earthquake,14.34,10.306,0.099,31,reviewed,us,us
2026-03-19T23:41:41.151Z,6.7449,-73.0293,171.845,4.5,mb,40,107,2.283,0.84,us,us6000shlm,2026-03-20T01:00:46.040Z,"5 km NNW of Aratoca, Colombia",earthquake,13.03,10.051,0.053,103,reviewed,us,us
2026-03-19T22:46:47.575Z,18.9424,-62.6058,10,5.2,mww,68,56,1.447,0.72,us,us6000shkh,2026-03-20T02:21:10.382Z,"93 km NNE of The Valley, Anguilla",earthquake,4.03,1.853,0.083,14,reviewed,us,us
2026-03-19T22:06:27.645Z,-13.8042,167.233,211.432,4.3,mb,21,85,1.633,0.59,us,us7000s872,2026-04-06T05:03:51.040Z,"35 km WNW of Sola, Vanuatu",earthquake,13.48,6.279,0.138,16,reviewed,us,us
2026-03-19T20:58:33.266Z,-6.6344,149.382,56.906,4.6,mb,38,128,3.524,0.52,us,us6000shj7,2026-03-29T15:46:15.040Z,"50 km SSW of Kandrian, Papua New Guinea",earthquake,8.77,7.284,0.101,29,reviewed,us,us
2026-03-19T19:10:58.807Z,49.2717,156.1266,44.542,4.8,mb,80,136,3.967,0.82,us,us6000shhy,2026-03-29T15:44:17.040Z,"156 km S of Severo-Kuril’sk, Russia",earthquake,11.15,7.626,0.06,84,reviewed,us,us
2026-03-19T18:46:01.673Z,47.9072,152.1439,153.579,4.4,mb,70,129,6.296,0.58,us,us6000shhk,2026-03-29T15:38:13.040Z,"Kuril Islands",earthquake,12.2,8.094,0.054,100,reviewed,us,us
2026-03-19T17:41:43.200Z,49.3212,155.9284,50.296,4.6,mb,86,135,3.952,0.85,us,us6000shh1,2026-03-29T15:26:12.040Z,"151 km S of Severo-Kuril’sk, Russia",earthquake,10.45,7.299,0.055,99,reviewed,us,us
2026-03-19T17:28:10.635Z,-17.3478,-173.4228,35,4.4,mb,16,116,3.741,0.85,us,us7000s86s,2026-03-29T14:30:52.040Z,"156 km NNE of Neiafu, Tonga",earthquake,11.03,1.932,0.161,11,reviewed,us,us
2026-03-19T15:00:30.045Z,-26.1924,179.2525,519.541,4.6,mb,39,61,3.935,1.07,us,us6000shfg,2026-04-06T15:21:55.040Z,"south of the Fiji Islands",earthquake,9.72,6.321,0.086,40,reviewed,us,us
2026-03-19T13:43:34.264Z,49.291,156.1277,49.13,4.7,mb,52,137,3.948,0.62,us,us6000shf6,2026-04-06T15:15:06.040Z,"153 km S of Severo-Kuril’sk, Russia",earthquake,11.76,7.543,0.068,65,reviewed,us,us
2026-03-19T13:20:37.330Z,-21.6905,68.648,10,4.4,mb,13,110,5.302,0.87,us,us7000s86r,2026-04-06T15:05:39.040Z,"Mid-Indian Ridge",earthquake,14.69,1.923,0.203,9,reviewed,us,us
2026-03-19T13:17:17.295Z,49.3815,156.0904,63.075,4.5,mb,43,136,3.866,0.63,us,us6000shew,2026-04-06T15:01:48.040Z,"143 km S of Severo-Kuril’sk, Russia",earthquake,13.23,8.059,0.086,40,reviewed,us,us
2026-03-19T12:48:49.143Z,49.0768,156.2599,10,5.2,mb,68,116,4.137,0.81,us,us6000sheg,2026-03-19T14:12:09.040Z,"178 km S of Severo-Kuril’sk, Russia",earthquake,7.99,1.584,0.034,284,reviewed,us,us
2026-03-19T11:50:04.742Z,49.2543,156.0491,44.652,4.3,mb,40,173,3.996,0.6,us,us6000shdy,2026-03-19T12:22:04.040Z,"158 km S of Severo-Kuril’sk, Russia",earthquake,13.33,9.631,0.084,40,reviewed,us,us
2026-03-19T11:36:45.128Z,4.9769,-82.5755,10,5.4,mww,68,144,4.309,0.9,us,us6000shdm,2026-03-20T12:01:34.010Z,"south of Panama",earthquake,8.3,1.909,0.069,20,reviewed,us,us
2026-03-19T08:55:49.385Z,49.2212,156.1478,32.261,4.3,mb,30,135,4.013,1.08,us,us7000s86c,2026-04-05T07:24:29.040Z,"161 km S of Severo-Kuril’sk, Russia",earthquake,8.83,6.051,0.122,19,reviewed,us,us
2026-03-19T08:55:30.692Z,32.5286,48.253,10,4.4,mb,37,154,7.159,0.68,us,us6000shcv,2026-04-05T07:04:49.040Z,"28 km NW of Shahrak-e Kūlūrī, Iran",earthquake,10.23,1.945,0.102,28,reviewed,us,us
2026-03-19T08:46:24.572Z,28.1163,142.0203,33.208,4,mb,28,137,1.027,0.47,us,us7000s86e,2026-04-05T06:54:36.040Z,"Bonin Islands, Japan region",earthquake,11.33,6.333,0.108,23,reviewed,us,us
2026-03-19T08:41:59.462Z,49.4572,155.8494,51.168,4.2,mb,20,138,3.836,1.23,us,us7000s86d,2026-04-05T06:51:19.040Z,"136 km S of Severo-Kuril’sk, Russia",earthquake,12.92,9.113,0.146,13,reviewed,us,us
2026-03-19T07:43:29.161Z,49.1909,156.2389,16,5.6,mww,319,127,4.029,0.64,us,us6000shc9,2026-04-05T06:46:37.849Z,"165 km S of Severo-Kuril’sk, Russia",earthquake,9.51,1.858,0.083,14,reviewed,us,us
2026-03-19T06:47:58.283Z,-21.6634,68.6359,10,4.2,mb,12,90,5.282,0.54,us,us7000s85y,2026-04-05T06:26:17.040Z,"Mid-Indian Ridge",earthquake,14.92,1.92,0.236,5,reviewed,us,us
2026-03-19T06:41:26.965Z,-17.1029,168.4687,10,4.5,mb,16,126,2.046,0.52,us,us7000s869,2026-04-05T06:20:00.040Z,"72 km NNE of Port-Vila, Vanuatu",earthquake,9.43,1.92,0.181,9,reviewed,us,us
2026-03-19T06:36:10.212Z,-21.6443,68.8358,10,4.6,mb,26,74,5.451,0.66,us,us7000s864,2026-04-05T06:17:05.040Z,"Mid-Indian Ridge",earthquake,12.97,1.902,0.133,17,reviewed,us,us
2026-03-19T06:32:08.475Z,-21.66,68.7682,10,4.7,mb,43,84,5.396,0.61,us,us7000s863,2026-04-05T06:13:47.040Z,"Mid-Indian Ridge",earthquake,11.94,1.906,0.096,33,reviewed,us,us
2026-03-19T06:26:36.601Z,-21.4447,68.8693,10,5,mb,80,67,5.418,0.8,us,us6000shc0,2026-04-05T06:09:46.040Z,"Mid-Indian Ridge",earthquake,10.3,1.863,0.068,69,reviewed,us,us
2026-03-19T06:23:22.711Z,-44.796,-15.4734,10,4.7,mb,21,110,37.483,0.72,us,us7000s865,2026-04-05T06:08:15.040Z,"southern Mid-Atlantic Ridge",earthquake,16.01,1.891,0.153,13,reviewed,us,us
2026-03-19T04:40:52.161Z,-20.825,-178.795,590.151,4,mb,23,100,4.272,1.32,us,us7000s85z,2026-03-27T21:53:08.040Z,"Fiji region",earthquake,14.83,7.683,0.13,16,reviewed,us,us
2026-03-19T02:13:25.855Z,-20.125,-178.0154,617.073,4.1,mb,22,134,13.768,0.53,us,us7000s85u,2026-03-27T23:12:31.040Z,"Fiji region",earthquake,17.85,13.588,0.127,17,reviewed,us,us
2026-03-19T02:07:29.706Z,-59.3273,-26.0189,35,5.1,mb,47,86,19.538,0.83,us,us6000shar,2026-04-04T00:37:18.040Z,"South Sandwich Islands region",earthquake,12.79,1.932,0.083,47,reviewed,us,us
2026-03-19T01:53:22.323Z,69.472,-143.677,4.7,3.7,ml,62,107,0.2,1.2,ak,aka2026flmrie,2026-04-03T23:05:22.040Z,"73 km S of Kaktovik, Alaska",earthquake,5.6,4.686,0.2,39,reviewed,ak,ak
2026-03-19T01:47:46.500Z,12.0604,-86.0323,10,3.5,ml,10,191,1.154,0.33,us,us6000shal,2026-03-19T13:18:31.990Z,"2 km SW of Tisma, Nicaragua",earthquake,4.13,2,0.081,20,reviewed,us,us
2026-03-19T01:33:52.020Z,-35.0961,179.9601,35,4.2,mb,13,227,2.8,0.34,us,us7000s85t,2026-03-27T23:34:03.040Z,"off the east coast of the North Island of New Zealand",earthquake,10.52,1.996,0.216,6,reviewed,us,us
2026-03-19T01:32:21.124Z,-11.8871,165.2351,10,4.9,mb,28,129,4.022,0.79,us,us7000s85r,2026-03-28T21:41:01.040Z,"142 km SSW of Lata, Solomon Islands",earthquake,11.49,1.924,0.112,25,reviewed,us,us
2026-03-19T01:23:09.363Z,-54.3071,-136.9514,10,4.5,mb,12,164,35.86,0.96,us,us7000s85s,2026-03-28T21:49:10.040Z,"Pacific-Antarctic Ridge",earthquake,18.88,1.482,0.163,11,reviewed,us,us
2026-03-19T00:55:24.705Z,19.7892,-74.3155,9.668,4.3,mb,36,51,0.392,0.75,us,us6000shae,2026-03-19T03:25:40.070Z,"53 km SSW of Maisí, Cuba",earthquake,2.19,6.552,0.102,27,reviewed,us,us
2026-03-18T23:32:47.980Z,18.7171,-63.8565,8,3.85,md,26,341,0.5912,0.46,pr,pr2026077000,2026-03-18T23:59:42.111Z,"99 km NW of Sandy Ground Village, Anguilla",earthquake,6.08,1.43,0.14,25,reviewed,pr,pr
2026-03-18T22:07:55.816Z,19.772,-74.2937,10.985,4.5,mb,32,51,0.406,1.18,us,us6000sh9q,2026-03-18T22:33:15.040Z,"54 km SSW of Maisí, Cuba",earthquake,3.44,5.335,0.116,22,reviewed,us,us
2026-03-18T21:23:02.008Z,40.9524,141.908,64.376,4.7,mb,41,147,0.66,0.81,us,us6000sh9j,2026-03-18T21:39:51.040Z,"52 km NE of Misawa, Japan",earthquake,6.43,7.271,0.082,45,reviewed,us,us
2026-03-18T20:51:05.690Z,-19.3371,-177.5534,571.969,4.5,mb,66,59,4.082,1.01,us,us6000sh9d,2026-03-29T21:08:05.672Z,"Fiji region",earthquake,11.95,6.296,0.048,129,reviewed,us,us
2026-03-18T20:19:45.988Z,69.467,-143.589,4.9,4.2,ml,99,118,0.2,0.9,ak,aka2026flbpzf,2026-03-29T21:25:41.040Z,"74 km S of Kaktovik, Alaska",earthquake,5.2,3.7917,0.1,64,reviewed,ak,ak
2026-03-18T19:34:59.605Z,54.3714,-159.9914,10,3.5,mb,29,251,1.337,0.72,us,us6000sheb,2026-03-25T20:08:45.040Z,"112 km SSE of Sand Point, Alaska",earthquake,3.68,2.002,0.348,2,reviewed,us,us
2026-03-18T18:29:26.681Z,52.2686,174.765,65.98,3.7,mb,12,175,0.615,0.58,us,us7000s851,2026-03-29T21:32:01.040Z,"124 km ESE of Attu Station, Alaska",earthquake,8.94,11.234,0.29,3,reviewed,us,us
2026-03-18T17:35:31.620Z,15.4583,-89.0771,10,5,mww,114,53,1.69,0.72,us,us6000sh81,2026-03-29T21:20:03.443Z,"22 km N of Los Amates, Guatemala",earthquake,6.04,1.843,0.065,23,reviewed,us,us
2026-03-18T17:25:11.075Z,-28.3001,-178.1528,10,4.1,mb,13,128,0.962,0.64,us,us7000s850,2026-03-29T20:58:39.040Z,"Kermadec Islands region",earthquake,8.93,1.951,0.185,10,reviewed,us,us
2026-03-18T16:57:12.144Z,51.6914,-179.9647,87.981,4,mb,63,135,0.307,0.55,us,us6000sh8c,2026-03-31T23:33:01.040Z,"230 km W of Adak, Alaska",earthquake,6.9,2.821,0.089,34,reviewed,us,us
2026-03-18T15:43:13.917Z,-31.4224,-178.2969,10,4.6,mb,20,171,2.193,1.13,us,us7000s84v,2026-03-28T22:04:20.040Z,"Kermadec Islands region",earthquake,9.86,1.947,0.146,14,reviewed,us,us
2026-03-18T14:51:10.263Z,-21.0076,68.5588,10,4.8,mb,50,139,5.024,0.67,us,us6000sh65,2026-03-18T16:42:34.040Z,"Mid-Indian Ridge",earthquake,12.58,1.929,0.084,44,reviewed,us,us
2026-03-18T14:24:51.954Z,38.4558,73.1547,117.381,4.5,mb,19,212,0.545,0.55,us,us6000sh62,2026-03-19T10:28:56.040Z,"77 km WNW of Murghob, Tajikistan",earthquake,8.53,7.271,0.221,6,reviewed,us,us
2026-03-18T14:00:49.499Z,35.1659,27.0963,10,4.1,mb,44,95,0.384,0.62,us,us6000sh5y,2026-03-19T09:52:42.040Z,"31 km SSE of Fry, Greece",earthquake,4.31,1.882,0.1,27,reviewed,us,us
2026-03-18T13:51:51.210Z,-18.712,-69.5853,119.71,4.1,mb,19,96,0.382,0.84,us,us6000sh5v,2026-03-19T10:13:21.040Z,"68 km NNW of Camiña, Chile",earthquake,5.85,6.107,0.214,6,reviewed,us,us
2026-03-18T12:36:55.548Z,-21.7353,68.8519,10,4.6,mb,36,110,5.495,0.36,us,us7000s84n,2026-04-04T10:38:09.040Z,"Mid-Indian Ridge",earthquake,14.3,1.913,0.105,27,reviewed,us,us
2026-03-18T12:25:36.591Z,-21.8098,68.7882,10,4.3,mb,14,159,5.466,0.7,us,us7000s858,2026-04-04T10:31:12.040Z,"Mid-Indian Ridge",earthquake,13.59,1.901,0.202,7,reviewed,us,us
2026-03-18T12:24:19.098Z,-21.6699,68.9432,10,4.5,mb,30,71,5.553,0.63,us,us7000s84p,2026-04-04T10:04:36.040Z,"Mid-Indian Ridge",earthquake,13.15,1.897,0.118,21,reviewed,us,us
2026-03-18T12:23:33.097Z,62.787,-149.594,80,3.9,ml,168,16,0.3,0.9,ak,aka2026fklvqa,2026-04-04T09:44:56.854Z,"45 km NE of Chase, Alaska",earthquake,1.7,2.0843,0.2,120,reviewed,ak,ak
2026-03-18T12:19:53.077Z,-21.6389,68.8288,10,4.6,mb,38,70,5.443,0.57,us,us6000sh5k,2026-04-04T09:34:41.040Z,"Mid-Indian Ridge",earthquake,12.72,1.9,0.103,28,reviewed,us,us
2026-03-18T12:16:58.446Z,-21.6561,69.19,10,4.6,mb,21,71,5.767,0.58,us,us7000s84m,2026-04-04T09:30:38.040Z,"Mid-Indian Ridge",earthquake,10.31,1.713,0.157,12,reviewed,us,us
2026-03-18T12:12:57.879Z,-27.8156,-179.4852,420.698,4.2,mb,24,62,9.895,1.09,us,us7000s84l,2026-04-04T09:19:41.040Z,"Kermadec Islands region",earthquake,14.12,11.741,0.124,18,reviewed,us,us
2026-03-18T12:11:54.104Z,-21.654,68.9395,10,4.9,mb,62,71,5.545,0.4,us,us6000sh5h,2026-04-04T09:17:34.040Z,"Mid-Indian Ridge",earthquake,6.22,1.795,0.077,54,reviewed,us,us
2026-03-18T12:06:33.600Z,-21.7152,68.955,10,4.7,mb,40,71,5.579,0.55,us,us6000sh5t,2026-04-04T09:14:34.040Z,"Mid-Indian Ridge",earthquake,9.96,1.873,0.099,31,reviewed,us,us
2026-03-18T12:06:11.112Z,-21.613,68.9677,10,4.5,mb,36,70,5.557,0.45,us,us7000s857,2026-04-04T09:12:42.040Z,"Mid-Indian Ridge",earthquake,11.3,1.879,0.104,27,reviewed,us,us
2026-03-18T12:05:26.639Z,-21.7406,68.871,10,4.4,mb,21,71,5.514,0.93,us,us7000s84j,2026-04-04T09:09:23.040Z,"Mid-Indian Ridge",earthquake,11.82,1.428,0.143,14,reviewed,us,us
2026-03-18T12:03:12.919Z,-21.8746,69.0981,10,4.3,mb,34,67,5.758,0.5,us,us7000s84k,2026-04-04T08:40:42.040Z,"Mid-Indian Ridge",earthquake,11.6,1.881,0.109,24,reviewed,us,us
2026-03-18T11:58:20.865Z,-21.7062,69.0827,10,4.5,mb,32,145,5.688,0.49,us,us7000s84h,2026-04-04T08:18:08.040Z,"Mid-Indian Ridge",earthquake,13.19,1.929,0.11,24,reviewed,us,us
2026-03-18T11:55:50.368Z,-21.7763,68.85,10,4.5,mb,31,71,5.508,0.47,us,us7000s84g,2026-04-04T08:00:53.040Z,"Mid-Indian Ridge",earthquake,12.73,1.899,0.116,22,reviewed,us,us
2026-03-18T11:46:10.422Z,-21.6646,68.9922,10,4.6,mb,43,71,5.595,0.53,us,us7000s84f,2026-04-04T07:47:12.040Z,"Mid-Indian Ridge",earthquake,12.09,1.898,0.092,35,reviewed,us,us
2026-03-18T11:43:17.886Z,-21.6697,68.8323,10,4.5,mb,25,79,5.456,0.6,us,us7000s84i,2026-04-04T07:38:06.040Z,"Mid-Indian Ridge",earthquake,7.59,1.898,0.132,17,reviewed,us,us
2026-03-18T11:29:07.677Z,-21.8397,69.0235,10,4.6,mb,32,77,5.681,0.43,us,us7000s84e,2026-04-04T07:35:20.040Z,"Mid-Indian Ridge",earthquake,7.56,1.743,0.109,25,reviewed,us,us
2026-03-18T11:10:58.514Z,-21.7079,68.7965,10,5.2,mww,53,45,5.437,0.64,us,us6000sh5b,2026-04-04T07:16:57.040Z,"Mid-Indian Ridge",earthquake,10.21,1.864,0.069,20,reviewed,us,us
2026-03-18T10:26:43.748Z,-21.4473,68.9422,10,4.6,mb,24,70,5.484,0.54,us,us7000s84a,2026-04-04T07:02:25.040Z,"Mid-Indian Ridge",earthquake,12.72,1.891,0.137,16,reviewed,us,us
2026-03-18T10:18:44.283Z,23.937,122.4249,24.126,4.3,mb,32,89,0.752,0.69,us,us7000s849,2026-04-04T06:45:07.040Z,"82 km SW of Yonakuni, Japan",earthquake,4.62,6.719,0.132,16,reviewed,us,us
2026-03-18T10:08:43.614Z,32.3944,141.733,10,4.8,mb,105,119,4.845,0.56,us,us6000sh54,2026-04-04T06:39:13.069Z,"Izu Islands, Japan region",earthquake,4.69,2.624,0.056,100,reviewed,us,us
2026-03-18T09:33:45.345Z,29.1428,130.5278,35.14,4.4,mb,32,129,2.359,0.84,us,us7000s848,2026-04-04T06:32:41.040Z,"118 km NE of Tatsugō, Japan",earthquake,7.66,8.124,0.123,19,reviewed,us,us
2026-03-18T09:07:23.712Z,-6.5827,103.6562,35,4.3,mb,27,178,2.315,0.65,us,us6000sh4r,2026-04-04T06:21:13.040Z,"218 km SW of Bandar Lampung, Indonesia",earthquake,9.26,1.96,0.143,14,reviewed,us,us
2026-03-18T08:50:38.999Z,52.1646,-174.0805,114.107,3.8,mb,47,186,0.081,0.8,us,us6000sh4q,2026-03-25T06:28:49.040Z,"8 km ESE of Atka, Alaska",earthquake,11.36,4.979,0.127,16,reviewed,us,us
2026-03-18T06:04:29.758Z,18.0722,145.4128,319.26,4.7,mb,97,36,2.838,0.73,us,us6000sh3g,2026-04-06T06:40:51.040Z,"Pagan region, Northern Mariana Islands",earthquake,9.59,6.006,0.031,310,reviewed,us,us
2026-03-18T04:54:01.371Z,18.0547,146.5094,105.028,4.2,mb,20,160,2.882,1.05,us,us7000s83v,2026-03-28T22:20:19.040Z,"Pagan region, Northern Mariana Islands",earthquake,17.55,10.199,0.141,14,reviewed,us,us
2026-03-18T04:36:34.628Z,52.1558,176.4301,21.846,5,mww,98,107,1.3,0.81,us,us6000sh32,2026-03-31T23:17:40.040Z,"233 km ESE of Attu Station, Alaska",earthquake,6.37,4.698,0.046,46,reviewed,us,us
2026-03-18T04:33:47.331Z,41.2644,142.4066,58.348,4.6,mb,17,179,0.937,0.81,us,us7000s83t,2026-03-28T22:34:43.040Z,"99 km ENE of Yokohama, Japan",earthquake,5.86,10.733,0.107,26,reviewed,us,us
2026-03-18T04:22:59.987Z,24.8382,94.6026,74.267,4.2,mb,14,130,3.627,0.35,us,us7000s83u,2026-03-28T22:40:59.040Z,"58 km ENE of Yairipok, India",earthquake,11.77,11.323,0.186,8,reviewed,us,us
2026-03-18T03:56:24.244Z,3.3597,126.167,44.603,4.2,mb,22,109,8.674,0.97,us,us7000s83s,2026-03-28T22:50:38.040Z,"239 km SSE of Sarangani, Philippines",earthquake,8.57,6.741,0.121,19,reviewed,us,us
2026-03-18T03:30:46.249Z,27.2151,53.5946,10,4.2,mb,18,127,3.258,0.57,us,us7000s83r,2026-03-28T22:57:41.040Z,"73 km SW of Gerāsh, Iran",earthquake,6.15,1.918,0.152,12,reviewed,us,us
2026-03-18T01:55:48.619Z,37.4088,77.4846,10,4.1,mb,28,196,4.018,0.82,us,us6000sh2k,2026-03-31T22:58:40.040Z,"83 km SE of Kaqun, China",earthquake,9.75,1.972,0.14,14,reviewed,us,us
2026-03-18T01:41:08.981Z,40.8799,-127.132,10,4.3,mb,44,219,2.138,0.61,us,us6000sh2i,2026-04-06T01:51:23.431Z,"244 km W of Ferndale, California",earthquake,4.16,2.004,0.177,9,reviewed,us,us
2026-03-18T01:16:24.630Z,34.4058,26.6064,10,4,mb,34,173,1.226,1.07,us,us7000s83n,2026-03-28T23:09:41.040Z,"93 km SSE of Palekastro, Greece",earthquake,5.94,1.948,0.113,21,reviewed,us,us
2026-03-18T01:03:28.604Z,51.9666,176.2631,13.024,3.6,ml,12,194,1.391,0.37,us,us6000sh3k,2026-03-24T21:55:23.040Z,"231 km ESE of Attu Station, Alaska",earthquake,7.8,10.152,0.097,14,reviewed,us,us
2026-03-18T00:44:30.169Z,51.8548,176.1643,24.179,3.5,ml,13,202,1.457,0.84,us,us6000sh3i,2026-03-18T22:57:30.040Z,"230 km ESE of Attu Station, Alaska",earthquake,7.82,12.904,0.115,10,reviewed,us,us
2026-03-18T00:11:47.208Z,52.0441,176.2833,22.898,3.9,mb,34,174,1.417,0.42,us,us7000s83m,2026-03-29T23:39:22.040Z,"228 km ESE of Attu Station, Alaska",earthquake,9.36,8.626,0.129,16,reviewed,us,us
2026-03-18T00:10:12.888Z,4.4486,128.5662,10,4.3,mb,26,181,17.019,0.4,us,us7000s83l,2026-03-29T23:30:28.040Z,"north of Halmahera, Indonesia",earthquake,7.67,1.962,0.119,20,reviewed,us,us
2026-03-18T00:00:26.362Z,-7.018,129.2469,132.794,4.2,mb,16,125,2.564,0.58,us,us6000sh4i,2026-03-29T23:15:08.040Z,"298 km NE of Lospalos, Timor Leste",earthquake,12.43,10.099,0.136,15,reviewed,us,us
2026-03-17T23:39:20.793Z,30.238,137.4927,492.679,4.3,mb,89,130,4.644,0.59,us,us6000sh22,2026-03-29T22:50:57.040Z,"Izu Islands, Japan region",earthquake,11.05,7.588,0.046,135,reviewed,us,us
2026-03-17T23:27:57.425Z,-14.8816,166.9954,85.724,4.9,mb,48,54,0.597,0.57,us,us6000sh1y,2026-03-29T22:27:07.692Z,"19 km NNW of Port-Olry, Vanuatu",earthquake,9.54,6.798,0.068,68,reviewed,us,us
2026-03-17T23:24:54.095Z,35.9358,-4.4632,76.355,4.5,mb,75,68,3.604,0.81,us,us6000sh1w,2026-03-29T22:14:30.297Z,"68 km SSE of Fuengirola, Spain",earthquake,7.29,5.35,0.071,59,reviewed,us,us
2026-03-17T23:15:58.633Z,-7.5299,128.2192,149.158,4.2,mb,19,71,3.426,0.53,us,us6000sh1v,2026-03-29T22:06:29.040Z,"173 km NE of Lospalos, Timor Leste",earthquake,9.49,9.286,0.14,14,reviewed,us,us
2026-03-17T22:32:17.794Z,10.9295,124.2002,10,4.3,mb,30,133,4.07,0.95,us,us7000s7w1,2026-03-29T21:42:27.040Z,"19 km ESE of Anonang, Philippines",earthquake,7.01,1.909,0.114,22,reviewed,us,us
2026-03-17T21:24:44.048Z,-6.0513,128.9297,259.392,4.3,mb,18,87,1.802,0.79,us,us6000sh1j,2026-03-29T21:25:19.040Z,"273 km SSE of Ambon, Indonesia",earthquake,9.55,5.005,0.239,5,reviewed,us,us
2026-03-17T21:13:32.051Z,42.2572,144.3872,35,4.5,mb,52,101,0.946,0.57,us,us6000sh1g,2026-03-29T21:19:02.040Z,"79 km S of Kushiro, Japan",earthquake,6.22,1.91,0.07,59,reviewed,us,us
2026-03-17T20:55:33.579Z,55.9576,111.0107,10,4.3,mb,47,97,8.464,1.1,us,us6000sh1c,2026-03-29T20:31:01.040Z,"48 km WSW of Novyy Uoyan, Russia",earthquake,10.88,1.912,0.087,37,reviewed,us,us
2026-03-17T20:25:26.135Z,8.4189,-83.103,10,4.7,mb,31,200,0.85,0.56,us,us6000sh19,2026-03-29T20:26:56.945Z,"20 km S of Golfito, Costa Rica",earthquake,5.49,1.724,0.096,33,reviewed,us,us
2026-03-17T19:54:48.202Z,14.2346,-91.1567,82.886,4.2,mb,48,178,1.376,0.81,us,us6000sh0w,2026-03-29T20:04:39.040Z,"15 km ENE of Nueva Concepción, Guatemala",earthquake,10.41,4.646,0.086,38,reviewed,us,us
2026-03-17T19:53:57.105Z,-10.4736,-13.1188,10,5,mb,53,99,2.937,0.47,us,us6000sh12,2026-03-29T19:54:58.040Z,"Ascension Island region",earthquake,11.41,1.882,0.083,46,reviewed,us,us
2026-03-17T19:19:08.672Z,-13.5298,172.1024,10,4.7,mb,31,84,5.113,0.83,us,us6000sh4h,2026-03-29T19:47:15.040Z,"Vanuatu region",earthquake,7.04,1.844,0.124,24,reviewed,us,us
2026-03-17T19:05:10.473Z,51.4878,-170.5089,10,3.7,mb,13,236,1.801,0.3,us,us7000s7w3,2026-03-29T19:43:20.040Z,"196 km SW of Nikolski, Alaska",earthquake,11.17,2.024,0.168,9,reviewed,us,us
2026-03-17T16:21:37.453Z,52.1503,176.4619,10,5.3,mww,141,93,1.28,0.92,us,us6000sgvw,2026-03-18T14:25:15.040Z,"235 km ESE of Attu Station, Alaska",earthquake,6.85,1.811,0.053,34,reviewed,us,us
2026-03-17T15:36:14.993Z,15.9418,-96.4732,26.038,4.3,mb,104,179,2.573,0.63,us,us6000sgvt,2026-03-17T18:19:30.040Z,"2 km NE of Candelaria Loxicha, Mexico",earthquake,10.02,7.656,0.054,99,reviewed,us,us
2026-03-17T14:32:45.271Z,47.1946,153.5679,43.507,5,mww,200,100,6.487,0.56,us,us6000sgv2,2026-03-18T14:12:36.040Z,"Kuril Islands",earthquake,10.55,6.566,0.098,10,reviewed,us,us
2026-03-17T14:18:00.180Z,-33.1836,-178.5337,10,5,mb,66,77,3.96,0.78,us,us6000sguy,2026-03-18T13:49:16.040Z,"south of the Kermadec Islands",earthquake,9.39,1.817,0.079,51,reviewed,us,us
2026-03-17T14:13:01.962Z,0.9133,120.8996,56.533,4,mb,19,119,5.998,0.75,us,us6000sguz,2026-03-17T16:15:58.040Z,"231 km NNE of Palu, Indonesia",earthquake,8.8,9.035,0.134,15,reviewed,us,us
2026-03-17T12:56:18.200Z,40.307,-124.59683333333,19.61,3.67,mw,61,230,0.1953,0.14,nc,nc75328787,2026-03-18T09:48:17.040Z,"27 km W of Petrolia, CA",earthquake,0.95,0.27,,9,reviewed,nc,nc
2026-03-17T11:58:56.813Z,-17.7506,-178.5774,566.913,4.4,mb,29,81,2.335,0.5,us,us6000sguh,2026-03-17T12:16:12.040Z,"225 km E of Levuka, Fiji",earthquake,15.2,10.37,0.105,26,reviewed,us,us
2026-03-17T11:33:48.860Z,-3.0569,146.0211,10,4.8,mb,19,146,1.679,0.53,us,us6000sgue,2026-03-17T11:51:03.040Z,"179 km SW of Lorengau, Papua New Guinea",earthquake,11.35,1.929,0.148,16,reviewed,us,us
2026-03-17T11:05:45.012Z,59.8581,151.46,10,4.9,mb,77,72,7.593,0.72,us,us6000sguc,2026-03-18T09:25:58.295Z,"32 km NNE of Ola, Russia",earthquake,9.78,1.884,0.037,228,reviewed,us,us
2026-03-17T10:44:37.980Z,19.0201,-67.0523,31,3.52,md,19,295,0.5557,0.28,pr,pr2026076001,2026-03-17T13:02:44.040Z,"57 km N of Isabela, Puerto Rico",earthquake,1.05,5.57,0.07,15,reviewed,pr,pr
2026-03-17T10:37:02.329Z,39.6252,20.667,10,4.3,mb,53,62,1.428,0.47,us,us6000sgu8,2026-03-17T15:50:32.040Z,"10 km SSW of Rodotópi, Greece",earthquake,4.22,1.902,0.126,18,reviewed,us,us
2026-03-17T09:58:18.639Z,15.9933,-96.5677,35,4.1,mb,51,223,2.47,0.54,us,us6000sgu7,2026-03-17T12:29:45.040Z,"5 km ESE of San Agustín Loxicha, Mexico",earthquake,14.02,2.021,0.067,62,reviewed,us,us
2026-03-17T09:14:41.192Z,15.8772,-96.6206,35,4.3,mb,69,204,2.507,0.57,us,us6000sgt7,2026-03-17T12:43:21.040Z,"0 km NNE of El Camalote, Mexico",earthquake,10.95,2.002,0.054,98,reviewed,us,us
2026-03-17T08:07:35.450Z,19.1581,-65.9943,23,3.57,md,24,209,0.8538,0.2,pr,pr2026076000,2026-03-17T08:38:38.040Z,"77 km N of San Juan, Puerto Rico",earthquake,0.68,15.71,0.12,21,reviewed,pr,pr
2026-03-17T07:43:33.679Z,-20.3504,-70.8549,10,4.4,mb,23,155,0.684,0.8,us,us6000sgsr,2026-04-06T06:50:30.040Z,"74 km WSW of Puerto, Chile",earthquake,4.18,1.885,0.19,8,reviewed,us,us
2026-03-17T06:59:40.991Z,27.3371,52.6463,10,4.4,mb,62,83,3.987,0.43,us,us6000sgsq,2026-04-07T14:37:07.040Z,"33 km SW of Mohr, Iran",earthquake,10.97,1.882,0.07,59,reviewed,us,us
2026-03-17T06:38:51.141Z,24.7196,94.344,84.57,4.4,mb,71,73,3.537,0.72,us,us6000sgsp,2026-04-07T14:36:06.275Z,"30 km E of Yairipok, India",earthquake,9.67,7.179,0.071,57,reviewed,us,us
2026-03-17T06:25:07.600Z,-31.1807,-177.9488,35,4.3,mb,20,202,8.504,0.42,us,us7000s7v8,2026-04-07T12:16:40.040Z,"Kermadec Islands region",earthquake,8.07,1.989,0.125,18,reviewed,us,us
2026-03-17T06:15:15.737Z,-20.8458,-178.9219,571.589,4.2,mb,82,91,8.64,0.75,us,us6000sgsl,2026-04-07T14:29:52.040Z,"Fiji region",earthquake,13.32,9.224,0.054,96,reviewed,us,us
2026-03-17T06:09:12.750Z,-21.2663,175.3275,585.243,4.4,mb,32,126,7.437,1.01,us,us6000sgsm,2026-04-07T14:32:39.040Z,"south of the Fiji Islands",earthquake,15.95,11.156,0.099,29,reviewed,us,us
2026-03-17T05:33:05.034Z,-7.8685,130.0359,10,4.4,mb,16,98,5.06,0.49,us,us7000s7v7,2026-04-07T11:51:53.040Z,"Pulau Pulau Tanimbar, Indonesia",earthquake,9.13,1.905,0.169,10,reviewed,us,us
2026-03-17T05:23:57.842Z,-19.5512,-177.5237,542.916,4.2,mb,41,92,7.189,0.59,us,us7000s7v6,2026-04-07T11:40:27.040Z,"293 km NW of Houma, Tonga",earthquake,11.21,10.312,0.089,35,reviewed,us,us
2026-03-17T05:08:03.644Z,-33.6232,-178.204,10,4.8,mb,21,96,4.371,0.74,us,us7000s7v5,2026-04-07T11:23:40.040Z,"south of the Kermadec Islands",earthquake,8.7,1.889,0.139,16,reviewed,us,us
2026-03-17T04:44:09.528Z,19.7432,-74.3765,10,4.7,mb,32,67,0.451,1,us,us6000sgs5,2026-03-17T10:11:31.745Z,"60 km SSW of Maisí, Cuba",earthquake,3.16,1.917,0.117,22,reviewed,us,us
2026-03-17T04:38:53.453Z,-3.6874,151.3007,449.994,4.5,mb,38,70,0.996,0.95,us,us6000sgrw,2026-03-17T04:58:58.040Z,"111 km WNW of Rabaul, Papua New Guinea",earthquake,13.7,8.178,0.097,31,reviewed,us,us
2026-03-17T04:28:25.013Z,19.8399,-74.3586,11.634,5.8,mww,46,42,0.355,1.48,us,us6000sgrt,2026-03-22T17:25:43.160Z,"49 km SSW of Maisí, Cuba",earthquake,5.15,4.288,0.038,66,reviewed,us,us
2026-03-17T03:24:56.936Z,46.1395,152.3757,27.906,4.9,mb,76,134,6.682,0.97,us,us6000sgrg,2026-03-17T03:41:16.040Z,"Kuril Islands",earthquake,9.92,5.836,0.058,95,reviewed,us,us
2026-03-17T02:13:21.462Z,-19.9939,-177.6958,538.563,4.2,mb,33,137,4.473,0.3,us,us6000sgra,2026-03-17T02:30:53.040Z,"281 km WNW of Houma, Tonga",earthquake,19.01,9.996,0.101,27,reviewed,us,us
2026-03-16T23:16:06.720Z,18.7411,-64.4556,60,3.65,md,18,273,0.2562,0.25,pr,pr2026075000,2026-03-17T01:44:44.040Z,"57 km NE of Cruz Bay, U.S. Virgin Islands",earthquake,11.36,5.48,0.09,15,reviewed,pr,pr
2026-03-16T23:06:41.657Z,-7.0324,129.5554,151.856,4.8,mb,84,45,2.518,0.57,us,us6000sgqm,2026-03-27T02:57:50.040Z,"Kepulauan Babar, Indonesia",earthquake,10.88,4.539,0.064,75,reviewed,us,us
2026-03-16T22:55:17.597Z,52.3972,160.7628,10,4.2,mb,41,120,1.43,0.9,us,us6000sgql,2026-03-27T02:49:15.040Z,"162 km ESE of Petropavlovsk-Kamchatsky, Russia",earthquake,5.27,1.911,0.098,29,reviewed,us,us
2026-03-16T22:53:35.625Z,7.2372,126.5292,92.567,4.4,mb,42,107,0.957,0.5,us,us7000s7tu,2026-03-27T02:38:33.040Z,"2 km NNW of Manay, Philippines",earthquake,10.98,8.537,0.092,34,reviewed,us,us
2026-03-16T22:12:41.280Z,-5.469,153.3708,25.899,4.4,mb,13,190,1.749,0.69,us,us7000s7tt,2026-03-27T02:20:49.040Z,"174 km SE of Kokopo, Papua New Guinea",earthquake,10.23,7.076,0.178,9,reviewed,us,us
2026-03-16T21:47:08.271Z,-24.9849,179.6776,493.463,4.2,mb,24,163,7.361,0.38,us,us7000s7ts,2026-03-27T01:10:34.040Z,"south of the Fiji Islands",earthquake,18.01,13.298,0.121,19,reviewed,us,us
2026-03-16T19:10:00.793Z,8.8759,126.2873,73.241,4.5,mb,50,121,1.927,1.2,us,us6000sgnj,2026-03-28T15:59:23.040Z,"2 km WSW of Aras-asan, Philippines",earthquake,5.07,6.087,0.081,44,reviewed,us,us
2026-03-16T18:19:27.726Z,34.9971,23.8723,13.256,4.3,mb,40,95,0.883,1.07,us,us6000sgn3,2026-03-28T15:57:55.560Z,"26 km NW of Kastrí, Greece",earthquake,6.35,5.6,0.096,31,reviewed,us,us
2026-03-16T18:12:12.682Z,-31.8057,-68.838,10.246,4.3,mb,31,151,0.296,0.93,us,us6000sgmy,2026-03-28T15:52:04.040Z,"27 km WSW of Pocito, Argentina",earthquake,4.83,5.616,0.168,10,reviewed,us,us
2026-03-16T17:24:24.087Z,39.7915,20.7085,10,4.3,mwr,44,99,1.404,0.78,us,us6000sgmj,2026-03-28T15:45:23.040Z,"3 km SSW of Asprángeloi, Greece",earthquake,4.25,1.923,0.089,12,reviewed,us,us
2026-03-16T17:22:58.751Z,22.0523,142.7036,248.176,4.3,mb,65,150,14,0.75,us,us6000sgmk,2026-03-28T15:49:25.040Z,"Volcano Islands, Japan region",earthquake,13.6,8.986,0.071,55,reviewed,us,us
2026-03-16T16:27:47.893Z,1.1908,126.0675,35.144,4.3,mb,29,122,7.406,0.7,us,us7000s7tl,2026-03-29T18:08:14.040Z,"108 km ESE of Bitung, Indonesia",earthquake,13.98,9.037,0.114,22,reviewed,us,us
2026-03-16T16:01:13.952Z,-8.9,123.9283,78.65,4.7,mb,80,50,0.913,0.78,us,us6000sgl9,2026-03-29T19:13:19.040Z,"60 km WNW of Pante Makasar, Timor Leste",earthquake,8.54,5.451,0.073,57,reviewed,us,us
2026-03-16T15:33:07.954Z,-24.1588,-179.5421,535.623,4.1,mb,16,192,6.766,0.94,us,us7000s7tj,2026-03-29T17:31:20.040Z,"south of the Fiji Islands",earthquake,30.37,34.788,0.14,14,reviewed,us,us
2026-03-16T14:57:06.082Z,51.5537,159.6759,35,4.1,mb,31,138,1.601,0.82,us,us7000s7ti,2026-03-29T17:12:24.040Z,"176 km SSE of Vilyuchinsk, Russia",earthquake,10.73,1.952,0.117,20,reviewed,us,us
2026-03-16T13:45:35.119Z,-23.124,172.9441,10,4.3,mb,16,137,5.096,1.12,us,us7000s7th,2026-03-29T14:53:48.040Z,"southeast of the Loyalty Islands",earthquake,10.99,1.936,0.168,10,reviewed,us,us
2026-03-16T13:44:31.874Z,51.6739,159.5285,35,4.8,mb,110,127,1.455,0.69,us,us6000sgl1,2026-03-29T14:47:14.040Z,"159 km SSE of Vilyuchinsk, Russia",earthquake,9.47,1.911,0.055,104,reviewed,us,us
2026-03-16T13:34:14.260Z,19.0657,145.6784,160.813,3.9,mb,22,160,5.5,0.39,us,us7000s7tg,2026-03-26T21:16:07.040Z,"Maug Islands region, Northern Mariana Islands",earthquake,24.24,12.216,0.117,19,reviewed,us,us
2026-03-16T13:10:23.995Z,-17.7746,-178.4394,589.28,4.4,mb,35,93,2.46,0.72,us,us6000sgkx,2026-03-26T20:31:53.040Z,"239 km E of Levuka, Fiji",earthquake,14.35,10.973,0.098,30,reviewed,us,us
2026-03-16T13:01:42.297Z,-62.4454,165.4581,10,5.2,mww,27,104,8.665,0.82,us,us6000sgkw,2026-03-26T20:08:14.040Z,"Balleny Islands region",earthquake,12.94,1.91,0.066,22,reviewed,us,us
2026-03-16T12:22:28.816Z,-6.2894,128.4873,10,4.5,mb,15,129,2.252,0.79,us,us7000s7tf,2026-04-07T11:07:08.040Z,"288 km S of Ambon, Indonesia",earthquake,10.39,2.208,0.171,10,reviewed,us,us
2026-03-16T12:17:32.815Z,-48.6877,126.5796,10,4.3,mb,18,106,17.235,0.33,us,us7000s7td,2026-04-07T10:07:18.040Z,"western Indian-Antarctic Ridge",earthquake,13.59,1.952,0.133,16,reviewed,us,us
2026-03-16T12:01:45.536Z,48.7225,156.5198,10,4.3,mb,27,175,4.454,1,us,us7000s7tc,2026-04-07T09:26:21.040Z,"219 km S of Severo-Kuril’sk, Russia",earthquake,9.64,1.963,0.125,18,reviewed,us,us
2026-03-16T11:53:24.922Z,-2.195,139.0578,10,4.9,mb,55,71,1.674,0.66,us,us6000sgku,2026-04-07T14:26:25.040Z,"180 km WNW of Abepura, Indonesia",earthquake,8.28,1.854,0.069,67,reviewed,us,us
2026-03-16T11:43:32.073Z,-10.3718,161.5203,60.829,4.6,mb,30,89,1.806,0.96,us,us7000s7tb,2026-04-07T08:59:50.040Z,"44 km WNW of Kirakira, Solomon Islands",earthquake,9.51,7.662,0.12,21,reviewed,us,us
2026-03-16T11:41:58.450Z,-9.2449,118.1446,77.814,4.9,mb,57,73,0.552,0.69,us,us6000sgkr,2026-04-07T14:22:09.505Z,"85 km SSW of Dompu, Indonesia",earthquake,7.34,5.63,0.073,59,reviewed,us,us
2026-03-16T11:37:51.538Z,34.8208,139.152,143.097,4.5,mb,103,81,1.667,0.71,us,us6000sgkn,2026-04-07T14:16:52.728Z,"17 km SSE of Itō, Japan",earthquake,8.95,6.843,0.038,201,reviewed,us,us
2026-03-16T11:33:00.723Z,-2.2054,139.1208,10,4.4,mb,28,71,1.61,0.52,us,us6000sgkq,2026-04-07T14:17:28.040Z,"173 km WNW of Abepura, Indonesia",earthquake,9.01,1.888,0.12,20,reviewed,us,us
2026-03-16T09:19:11.181Z,-10.3808,-74.9099,24.281,4.6,mb,41,89,2.479,0.56,us,us6000sgkc,2026-04-06T07:10:48.582Z,"55 km NE of Villa Rica, Peru",earthquake,7.48,5.56,0.09,37,reviewed,us,us
2026-03-16T08:36:14.101Z,33.8061,25.2362,35,4.4,mb,69,138,1.506,0.44,us,us6000sgk5,2026-03-16T09:16:40.040Z,"133 km S of Pýrgos, Greece",earthquake,7,1.938,0.068,63,reviewed,us,us
2026-03-16T07:44:35.237Z,43.7912,-127.7751,10,4.3,mb,65,188,1.851,1.1,us,us6000sgk0,2026-04-07T07:54:47.240Z,"282 km WNW of Bandon, Oregon",earthquake,9.9,1.99,0.109,24,reviewed,us,us
2026-03-16T06:59:13.470Z,-35.3432,-70.9734,101.669,5,mb,103,95,0.554,1.02,us,us6000sgjq,2026-03-16T14:40:46.040Z,"37 km SE of Molina, Chile",earthquake,6.68,4.986,0.032,309,reviewed,us,us
2026-03-16T06:46:22.352Z,33.8944,25.2899,35,4.9,mb,139,43,1.429,0.58,us,us6000sgjm,2026-03-16T09:02:34.040Z,"123 km S of Pýrgos, Greece",earthquake,6.41,1.87,0.044,163,reviewed,us,us
2026-03-16T06:39:32.225Z,-32.6404,-178.4376,10,4.8,mb,18,148,3.413,0.55,us,us6000sgk9,2026-03-16T13:38:37.040Z,"south of the Kermadec Islands",earthquake,9.74,1.878,0.139,16,reviewed,us,us
2026-03-16T05:23:59.447Z,-28.752,-71.4238,31.946,4,mb,24,190,0.626,1.07,us,us6000sgjb,2026-03-17T01:37:32.040Z,"67 km WSW of Vallenar, Chile",earthquake,4.25,8.429,0.299,3,reviewed,us,us
2026-03-16T03:58:19.931Z,51.998,176.309,12.8,3.5,ml,20,192,1.4,0.5,ak,aka2026fgdqnb,2026-03-16T19:29:54.249Z,"232 km ESE of Attu Station, Alaska",earthquake,29.3,8.7693,0.1,14,reviewed,ak,ak
2026-03-15T23:55:29.169Z,-5.0913,153.5148,50,4.3,mb,16,212,1.617,0.56,us,us7000s7sh,2026-03-26T22:49:33.040Z,"161 km ESE of Kokopo, Papua New Guinea",earthquake,10.21,8.417,0.153,12,reviewed,us,us
2026-03-15T23:23:56.599Z,29.7395,105.933,10,4.3,mb,23,83,3.135,0.62,us,us7000s7sg,2026-03-26T22:31:54.040Z,"3 km SSE of Guoliang, China",earthquake,6.2,1.926,0.148,13,reviewed,us,us
2026-03-15T22:45:53.873Z,52.1369,176.3518,10,4.6,mb,98,108,1.383,0.59,us,us6000sgib,2026-03-26T21:51:29.040Z,"229 km ESE of Attu Station, Alaska",earthquake,7.33,1.86,0.046,141,reviewed,us,us
2026-03-15T22:39:43.523Z,8.9998,-40.7842,10,4.9,mb,22,120,17.555,0.55,us,us7000s7s9,2026-03-26T21:47:20.040Z,"central Mid-Atlantic Ridge",earthquake,9.73,1.914,0.14,16,reviewed,us,us
2026-03-15T21:48:37.213Z,-5.8098,128.8651,258.164,4.1,mb,20,112,4.43,0.61,us,us7000s7sf,2026-03-26T21:31:07.040Z,"245 km SSE of Ambon, Indonesia",earthquake,13.24,10.074,0.151,12,reviewed,us,us
2026-03-15T21:25:20.689Z,-21.1608,-68.7723,121.59,4.1,mb,22,85,0.678,0.53,us,us6000sghx,2026-03-26T21:13:02.040Z,"54 km W of Ollagüe, Chile",earthquake,5.85,5.671,0.213,7,reviewed,us,us
2026-03-15T20:25:17.410Z,33.6283,132.2121,68.535,4.3,mb,34,92,1.391,0.43,us,us6000sght,2026-03-28T15:41:01.040Z,"27 km NW of Yawatahama, Japan",earthquake,6.46,8.403,0.125,18,reviewed,us,us
2026-03-15T20:20:12.339Z,31.692,-104.401,4.8181,3.5,ml,33,56,0,0.2,tx,tx2026ffolko,2026-03-28T15:31:38.254Z,"53 km S of Whites City, New Mexico",earthquake,0.73586683079627,0.78892727395326,0.2,18,reviewed,tx,tx
2026-03-15T20:10:58.953Z,-6.7209,72.2467,10,4.3,mb,26,96,0.716,0.3,us,us7000s7sd,2026-03-27T15:30:35.040Z,"Chagos Archipelago region",earthquake,5.39,1.9,0.122,19,reviewed,us,us
2026-03-15T19:26:57.184Z,32.5059,49.7293,10,4.4,mb,62,75,6.828,0.76,us,us6000sghq,2026-03-28T15:33:18.040Z,"60 km SW of Fereydūnshahr, Iran",earthquake,8.93,1.897,0.072,55,reviewed,us,us
2026-03-15T18:56:54.260Z,41.3983,142.6224,41.396,4.9,mb,92,124,0.735,0.94,us,us6000sghd,2026-03-28T15:22:43.859Z,"84 km SSW of Honchō, Japan",earthquake,5.77,6.927,0.034,276,reviewed,us,us
2026-03-15T18:39:14.090Z,31.4027,131.5527,49.126,4.7,mb,74,122,0.946,0.81,us,us6000sghb,2026-03-27T18:59:11.582Z,"28 km SE of Nichinan, Japan",earthquake,8.02,7.328,0.06,85,reviewed,us,us
2026-03-15T18:31:38.700Z,-1.3056,-77.5337,222.549,4.3,mb,45,82,0.525,1.06,us,us6000sgh9,2026-03-27T18:48:23.040Z,"46 km SE of Tena, Ecuador",earthquake,10.05,5.746,0.084,40,reviewed,us,us
2026-03-15T17:38:31.788Z,-7.3303,128.4728,139.57,4.1,mb,27,72,3.132,0.67,us,us6000sgh3,2026-03-27T18:41:29.040Z,"209 km NE of Lospalos, Timor Leste",earthquake,8.27,7.922,0.12,19,reviewed,us,us
2026-03-15T16:32:42.266Z,40.9072,143.2879,42.917,4.8,mb,63,137,1.111,0.8,us,us6000sggw,2026-04-04T20:01:20.040Z,"139 km SSE of Honchō, Japan",earthquake,7.64,7.262,0.06,86,reviewed,us,us
2026-03-15T14:14:11.193Z,-5.5611,129.8757,172.615,4.4,mb,28,113,1.032,0.49,us,us6000sggm,2026-04-04T19:45:37.040Z,"267 km SSE of Amahai, Indonesia",earthquake,10.79,7.282,0.103,27,reviewed,us,us
2026-03-15T12:54:06.357Z,-45.7508,-77.5122,10,4.5,mb,29,150,2.879,0.72,us,us6000sgg9,2026-04-07T14:03:11.040Z,"Off the coast of Aisen, Chile",earthquake,9.55,1.94,0.106,26,reviewed,us,us
2026-03-15T12:51:34.855Z,-45.6399,-77.302,10,4.4,mb,19,173,2.715,0.46,us,us6000sgg8,2026-04-07T14:00:06.040Z,"Off the coast of Aisen, Chile",earthquake,9.62,1.957,0.154,12,reviewed,us,us
2026-03-15T12:51:02.348Z,11.9917,125.6816,35,4.6,mb,37,130,21.65,0.74,us,us7000s7s7,2026-04-07T08:18:18.040Z,"22 km ESE of Dolores, Philippines",earthquake,15.41,1.926,0.103,29,reviewed,us,us
2026-03-15T12:09:26.277Z,50.1667,155.7801,88.484,4.5,mb,110,133,3.179,0.47,us,us6000sgg2,2026-04-07T13:58:45.040Z,"61 km SSW of Severo-Kuril’sk, Russia",earthquake,10.14,7.297,0.046,136,reviewed,us,us
2026-03-15T12:07:52.965Z,51.4648,159.7337,10,4.4,mb,35,128,2.067,0.94,us,us7000s7s5,2026-04-07T06:02:31.040Z,"186 km SSE of Vilyuchinsk, Russia",earthquake,8.29,2.359,0.105,26,reviewed,us,us
2026-03-15T11:23:54.489Z,0.5877,-80.1174,31.594,4.4,mb,47,141,1.702,0.88,us,us6000sgfx,2026-04-07T13:56:23.040Z,"11 km WSW of Muisne, Ecuador",earthquake,6.34,6.256,0.093,33,reviewed,us,us
2026-03-15T11:11:37.823Z,-2.1436,139.0514,10,4.4,mb,16,76,1.691,0.49,us,us7000s7s3,2026-04-06T14:15:20.040Z,"182 km WNW of Abepura, Indonesia",earthquake,8.16,1.875,0.143,14,reviewed,us,us
2026-03-15T11:03:04.783Z,24.4297,95.169,124.231,4.4,mb,27,122,3.217,0.49,us,us7000s7s2,2026-04-06T14:23:25.040Z,"113 km E of Wāngjing, India",earthquake,11.93,10.458,0.149,13,reviewed,us,us
2026-03-15T10:16:05.823Z,43.3677,-29.1319,10,4.3,mb,19,102,6.234,0.55,us,us7000s7s1,2026-04-07T13:09:27.040Z,"northern Mid-Atlantic Ridge",earthquake,11.49,2.242,0.148,13,reviewed,us,us
2026-03-15T09:14:30.400Z,-9.8966,123.6125,49.648,4.4,mb,20,78,0.66,1.14,us,us7000s7rz,2026-04-06T13:32:00.040Z,"30 km N of Kupang, Indonesia",earthquake,7.32,4.951,0.149,13,reviewed,us,us
2026-03-15T08:28:36.747Z,-45.6181,-77.2551,10,5.3,mww,45,142,2.679,0.6,us,us6000sgfk,2026-03-27T11:32:50.943Z,"Off the coast of Aisen, Chile",earthquake,10.87,1.89,0.069,20,reviewed,us,us
2026-03-15T08:14:56.417Z,24.3272,122.0493,32.097,4.8,mwr,71,40,0.442,0.83,us,us6000sgfh,2026-03-27T11:21:38.180Z,"56 km SSE of Yilan, Taiwan",earthquake,4.51,4.471,0.057,30,reviewed,us,us
2026-03-15T07:06:34.690Z,37.5237,72.0223,192.195,4.1,mb,28,160,0.869,0.74,us,us6000sgf9,2026-03-27T06:59:46.040Z,"41 km E of Khorugh, Tajikistan",earthquake,10.04,7.656,0.151,12,reviewed,us,us
2026-03-15T06:37:22.123Z,36.7107,71.2246,144.552,4.1,mb,27,252,1.887,0.94,us,us6000sgf0,2026-03-27T06:55:49.040Z,"27 km W of Ashkāsham, Afghanistan",earthquake,10.56,6.793,0.139,14,reviewed,us,us
2026-03-15T06:36:41.999Z,-19.3127,-176.9472,369.911,4.1,mb,27,90,4.499,0.62,us,us6000sgf4,2026-03-27T06:49:17.040Z,"267 km NW of Houma, Tonga",earthquake,14.17,10.414,0.109,23,reviewed,us,us
2026-03-15T05:24:58.112Z,-45.6668,-77.3751,10,4.4,mb,31,190,2.769,0.85,us,us6000sgel,2026-03-27T06:30:30.040Z,"Off the coast of Aisen, Chile",earthquake,7.34,1.877,0.178,9,reviewed,us,us
2026-03-15T05:06:06.748Z,36.3911,139.3174,95.63,4.9,mb,57,96,0.911,0.63,us,us6000sgeb,2026-03-27T06:28:57.209Z,"1 km SW of Kiryū, Japan",earthquake,7.84,5.673,0.044,163,reviewed,us,us
2026-03-15T05:00:41.266Z,12.6793,-88.2459,59.911,5.3,mww,114,58,0.788,1.03,us,us6000sgea,2026-04-03T05:29:27.040Z,"60 km SSW of Intipucá, El Salvador",earthquake,7.63,5.922,0.042,54,reviewed,us,us
2026-03-15T04:48:45.777Z,37.3915,142.4234,45.155,4.4,mb,35,143,3.483,0.75,us,us6000sge9,2026-03-27T23:57:14.040Z,"124 km E of Tomioka, Japan",earthquake,10.01,7.679,0.109,24,reviewed,us,us
2026-03-15T02:52:05.506Z,47.1474,152.8468,71.412,4.3,mb,62,134,6.732,0.62,us,us6000sgdx,2026-03-27T23:53:20.040Z,"Kuril Islands",earthquake,8.78,6.308,0.072,57,reviewed,us,us
2026-03-15T01:51:05.998Z,-18.1316,-176.4667,327.349,4.4,mb,52,80,4.303,0.86,us,us6000sgjv,2026-03-27T23:49:01.040Z,"268 km WNW of Neiafu, Tonga",earthquake,10.35,6.397,0.068,62,reviewed,us,us
2026-03-15T00:22:49.294Z,15.407,-91.7686,178.856,4.8,mww,70,99,0.939,1.06,us,us6000sgdf,2026-04-03T03:23:47.282Z,"1 km S of Ixtahuacán, Guatemala",earthquake,8.53,6.132,0.069,20,reviewed,us,us
2026-03-14T23:39:53.662Z,2.3118,127.403,93.948,4.1,mb,16,155,7.103,0.45,us,us7000s7ks,2026-03-25T17:58:10.040Z,"93 km NW of Tobelo, Indonesia",earthquake,22.67,11.356,0.158,11,reviewed,us,us
2026-03-14T22:10:37.642Z,-49.4011,125.2678,10,4.4,mb,19,86,16.569,0.49,us,us7000s7kr,2026-03-30T03:27:04.040Z,"western Indian-Antarctic Ridge",earthquake,8.59,1.833,0.155,17,reviewed,us,us
2026-03-14T21:49:36.882Z,50.9761,158.3777,35,4.1,mb,16,138,2.057,0.91,us,us7000s7kq,2026-04-06T00:25:06.040Z,"143 km ESE of Ozernovskiy, Russia",earthquake,8.81,1.959,0.165,11,reviewed,us,us
2026-03-14T21:28:45.056Z,-10.3578,-13.408,10,4.8,mb,15,89,22.713,0.64,us,us7000s7kp,2026-03-30T03:15:49.040Z,"290 km SSE of Georgetown, Saint Helena",earthquake,15.56,1.898,0.16,14,reviewed,us,us
2026-03-14T21:20:56.815Z,-40.6166,44.8372,10,4.9,mww,26,90,7.729,0.68,us,us6000she6,2026-04-04T04:03:52.040Z,"Southwest Indian Ridge",earthquake,12.01,1.856,0.103,9,reviewed,us,us
2026-03-14T20:49:21.353Z,2.2003,128.4282,208.287,4.1,mb,19,129,6.36,0.34,us,us7000s7km,2026-04-05T03:31:49.040Z,"69 km NE of Tobelo, Indonesia",earthquake,10.35,10.564,0.131,17,reviewed,us,us
2026-03-14T19:16:23.841Z,51.4136,159.6666,35.007,4.3,mb,21,158,1.729,1.12,us,us7000s7kk,2026-03-30T04:54:31.040Z,"189 km SSE of Vilyuchinsk, Russia",earthquake,9.05,9.774,0.147,15,reviewed,us,us
2026-03-14T18:32:13.214Z,46.4796,153.3668,24.227,4.9,mww,105,122,7.307,0.57,us,us6000sgc2,2026-03-17T19:22:14.040Z,"Kuril Islands",earthquake,9.66,5.03,0.11,8,reviewed,us,us
2026-03-14T18:28:37.812Z,52.2911,176.5308,8.986,4.2,mb,93,170,1.265,0.91,us,us6000sgc4,2026-03-17T15:57:36.728Z,"235 km ESE of Attu Station, Alaska",earthquake,8.37,5.178,0.062,73,reviewed,us,us
2026-03-14T17:43:17.250Z,16.6128,-46.5425,10,5.3,mww,194,31,12.902,0.5,us,us6000sgbx,2026-03-17T14:30:24.040Z,"northern Mid-Atlantic Ridge",earthquake,8.25,1.824,0.069,20,reviewed,us,us
2026-03-14T17:36:13.715Z,-7.1219,106.9434,13.849,4.5,mb,33,53,0.729,0.6,us,us7000s7kd,2026-03-31T15:08:40.040Z,"22 km S of Sukabumi, Indonesia",earthquake,5.05,4.577,0.121,21,reviewed,us,us
2026-03-14T17:36:09.272Z,-42.429,-72.0967,5.985,4.7,mb,59,128,0.783,0.72,us,us6000sgbr,2026-03-14T19:23:48.040Z,"57 km SW of Lago Puelo, Argentina",earthquake,5.73,4.598,0.077,52,reviewed,us,us
2026-03-14T17:23:12.686Z,-20.6389,-177.6605,519.203,4.4,mb,31,173,4.969,0.41,us,us6000sgbq,2026-03-14T19:07:44.040Z,"252 km WNW of Houma, Tonga",earthquake,9.89,12.602,0.103,27,reviewed,us,us
2026-03-14T16:21:36.975Z,34.9004,23.2998,35.11,4.8,mww,100,70,2.532,0.56,us,us6000sgbi,2026-03-16T21:41:30.702Z,"50 km SW of Palaióchora, Greece",earthquake,7.25,5.948,0.089,12,reviewed,us,us
2026-03-14T16:06:17.538Z,38.0328,74.6932,97.71,4.4,mb,71,64,1.763,0.83,us,us6000sgbf,2026-03-14T17:45:57.040Z,"65 km ESE of Murghob, Tajikistan",earthquake,7.65,6.161,0.065,68,reviewed,us,us
2026-03-14T15:20:26.360Z,-23.0932,-66.5229,229.541,4.5,mb,32,63,1.532,0.63,us,us6000sgb8,2026-03-14T15:57:03.040Z,"87 km W of El Aguilar, Argentina",earthquake,9.15,9.072,0.128,18,reviewed,us,us
2026-03-14T15:06:52.091Z,38.4594,-116.5514,7.5756,3.52,ml,9,237,0.464,0.1678,nn,nn00912635,2026-03-15T16:45:56.450Z,"73 km NE of Tonopah, Nevada",earthquake,,4.3196,0.2,5,reviewed,nn,nn
2026-03-14T14:35:14.237Z,-20.5452,168.2776,10,5,mb,61,105,2.198,0.42,us,us6000sgb2,2026-04-04T19:18:55.040Z,"113 km ENE of Wé, New Caledonia",earthquake,8.83,1.831,0.063,80,reviewed,us,us
2026-03-14T14:15:44.112Z,52.1123,176.2357,54.306,3.9,mb,14,186,1.415,0.81,us,us6000sgcx,2026-04-04T19:12:47.040Z,"222 km ESE of Attu Station, Alaska",earthquake,11.36,30.845,0.125,17,reviewed,us,us
2026-03-14T11:30:07.455Z,-27.9895,-175.7196,10,4.3,mb,14,258,2.31,0.62,us,us7000s7k6,2026-03-27T05:58:50.040Z,"Kermadec Islands region",earthquake,13.04,2.004,0.147,13,reviewed,us,us
2026-03-14T11:17:28.329Z,36.3455,141.6451,46.409,4.2,mb,30,161,2.777,0.6,us,us7000s7k5,2026-03-27T05:48:02.040Z,"92 km ESE of Takahagi, Japan",earthquake,11.12,8.75,0.124,18,reviewed,us,us
2026-03-14T10:19:12.237Z,38.1756,134.048,418.535,4,mb,52,64,3.689,0.69,us,us6000sgag,2026-03-27T05:24:35.040Z,"246 km NNE of Ama, Japan",earthquake,11.83,8.198,0.079,43,reviewed,us,us
2026-03-14T08:34:34.421Z,-58.7514,-25.467,35,5.1,mb,59,69,18.971,0.74,us,us6000sg9g,2026-04-04T06:16:08.040Z,"South Sandwich Islands region",earthquake,9.3,1.796,0.074,59,reviewed,us,us
2026-03-14T06:55:01.715Z,-18.7863,65.1695,10,4.2,mb,17,93,1.954,0.91,us,us7000s7k0,2026-04-04T06:07:00.040Z,"209 km ENE of Port Mathurin, Mauritius",earthquake,12.14,1.884,0.159,11,reviewed,us,us
2026-03-14T06:50:49.030Z,4.2435,128.3584,10,4.6,mb,42,69,3.941,0.61,us,us7000s7jz,2026-04-04T05:55:49.040Z,"280 km N of Tobelo, Indonesia",earthquake,6.9,1.877,0.096,32,reviewed,us,us
2026-03-14T06:17:19.888Z,-47.1367,-9.745,10,5,mb,46,77,18.305,0.61,us,us6000sg8q,2026-04-04T05:50:23.040Z,"southern Mid-Atlantic Ridge",earthquake,12.96,1.898,0.089,41,reviewed,us,us
2026-03-14T06:16:35.657Z,-31.5676,179.8374,500.556,4.1,mb,18,151,3.013,0.55,us,us7000s7jy,2026-04-04T05:48:12.040Z,"Kermadec Islands region",earthquake,25.15,33.98,0.15,12,reviewed,us,us
2026-03-14T05:59:01.500Z,36.0679,141.7359,35,4.4,mb,23,150,2.888,0.8,us,us7000s7jx,2026-04-04T05:43:10.040Z,"89 km ENE of Hasaki, Japan",earthquake,9.91,1.958,0.155,12,reviewed,us,us
2026-03-14T05:20:04.490Z,52.052,176.3065,10,4.3,mb,62,188,1.367,0.79,us,us6000sg8i,2026-04-03T11:02:26.040Z,"229 km ESE of Attu Station, Alaska",earthquake,7.09,1.945,0.068,62,reviewed,us,us
2026-03-14T05:05:36.961Z,13.8316,-90.7449,83.063,4.5,mb,100,167,0.94,0.73,us,us6000sg8b,2026-04-02T12:07:09.064Z,"11 km SSW of Iztapa, Guatemala",earthquake,8.9,10.381,0.051,115,reviewed,us,us
2026-03-14T04:20:17.010Z,18.2136,-67.8205,127,3.5,md,14,184,0.7357,0.35,pr,pr2026073001,2026-03-14T05:22:46.200Z,"61 km WSW of Stella, Puerto Rico",earthquake,3.16,1.71,0.07,8,reviewed,pr,pr
2026-03-14T04:13:07.490Z,18.4235,-68.9123,107,3.81,md,20,170,0.5385,0.45,pr,pr2026073000,2026-03-27T23:39:48.040Z,"6 km E of La Romana, Dominican Republic",earthquake,2.29,1.5,0.11,11,reviewed,pr,pr
2026-03-14T03:02:13.366Z,52.235,160.4422,35,4.5,mb,39,134,1.348,1.2,us,us6000sg7q,2026-03-27T23:33:22.040Z,"153 km SE of Petropavlovsk-Kamchatsky, Russia",earthquake,9.01,1.868,0.101,29,reviewed,us,us
2026-03-14T01:23:30.237Z,52.1118,176.3811,10,4.4,mb,42,183,1.362,1.05,us,us6000sg7h,2026-03-17T05:20:04.687Z,"231 km ESE of Attu Station, Alaska",earthquake,9.27,1.954,0.067,64,reviewed,us,us
2026-03-14T00:54:39.070Z,32.7006,48.4475,10,4.3,mb,31,135,6.864,1.08,us,us6000sg7e,2026-04-04T03:46:31.040Z,"38 km N of Shahrak-e Kūlūrī, Iran",earthquake,12.98,1.946,0.109,24,reviewed,us,us
2026-03-14T00:38:41.706Z,51.1469,159.5221,10,4.1,mb,12,261,1.955,0.72,us,us7000s7kt,2026-04-06T00:17:51.040Z,"212 km SSE of Vilyuchinsk, Russia",earthquake,12.58,1.995,0.234,6,reviewed,us,us
2026-03-13T23:36:05.939Z,52.1628,159.0237,53.525,4.4,mb,75,122,0.892,0.97,us,us6000sg71,2026-04-04T02:03:45.040Z,"95 km SSE of Vilyuchinsk, Russia",earthquake,7.95,5.345,0.059,84,reviewed,us,us
2026-03-13T22:56:38.575Z,51.6979,159.4029,35,4.7,mb,72,135,1.406,0.84,us,us6000sg6u,2026-04-04T02:11:30.040Z,"153 km SSE of Vilyuchinsk, Russia",earthquake,8.59,1.913,0.059,89,reviewed,us,us
2026-03-13T22:54:36.356Z,-33.314,-177.8976,10,5,mb,36,128,5.25,1.13,us,us6000sg6t,2026-04-04T03:22:43.040Z,"south of the Kermadec Islands",earthquake,12.57,1.932,0.133,18,reviewed,us,us
2026-03-13T22:51:25.583Z,-27.6277,-177.5123,153.85,4.3,mb,12,135,1.652,1.06,us,us7000s7ib,2026-04-06T01:52:30.040Z,"Kermadec Islands region",earthquake,13.08,8.996,0.201,7,reviewed,us,us
2026-03-13T21:52:31.890Z,18.6235,-65.5941,76,3.79,md,26,191,0.5279,0.24,pr,pr2026072000,2026-04-05T21:57:29.636Z,"30 km NNE of Luquillo, Puerto Rico",earthquake,1.61,1.43,0.1,24,reviewed,pr,pr
2026-03-13T21:39:24.364Z,51.9823,176.3252,10,4.3,mb,52,157,1.353,0.94,us,us6000sg5w,2026-04-04T01:15:04.040Z,"234 km ESE of Attu Station, Alaska",earthquake,12.66,1.949,0.076,50,reviewed,us,us
2026-03-13T21:36:35.468Z,51.9945,176.3499,10,4.2,mb,51,191,1.373,0.93,us,us6000sg64,2026-04-03T05:22:24.040Z,"235 km ESE of Attu Station, Alaska",earthquake,9.32,1.975,0.082,42,reviewed,us,us
2026-03-13T21:16:04.789Z,-6.0012,103.3579,39.684,4.3,mb,19,209,1.678,0.97,us,us7000s7ia,2026-04-06T00:39:28.040Z,"213 km SW of Kotabumi, Indonesia",earthquake,6.35,8.756,0.178,11,reviewed,us,us
2026-03-13T21:09:02.892Z,-24.1532,46.2964,10,4.7,mb,34,64,1.028,0.9,us,us6000sg5l,2026-04-04T01:10:12.040Z,"97 km N of Amboasary, Madagascar",earthquake,9.45,1.899,0.1,31,reviewed,us,us
2026-03-13T19:55:24.163Z,39.418,143.3754,32.862,5,mww,182,44,2.24,0.78,us,us6000sg57,2026-04-04T22:07:40.040Z,"122 km E of Yamada, Japan",earthquake,7.11,3.889,0.069,20,reviewed,us,us
2026-03-13T19:53:27.805Z,18.5827,-63.143,46.063,4.4,mb,41,149,0.962,0.52,us,us6000sg56,2026-04-04T22:00:42.806Z,"41 km NNW of The Valley, Anguilla",earthquake,5.61,12.511,0.139,15,reviewed,us,us
2026-03-13T19:48:33.532Z,-25.2433,179.6183,504.216,4.3,mb,64,99,4.544,0.56,us,us7000s7i8,2026-04-04T21:56:44.040Z,"south of the Fiji Islands",earthquake,8.66,10.092,0.074,52,reviewed,us,us
2026-03-13T19:03:39.393Z,-8.7114,130.006,10,4.5,mb,22,87,4.163,1.56,us,us7000s7i4,2026-04-03T19:58:15.040Z,"Pulau Pulau Tanimbar, Indonesia",earthquake,3.37,1.896,0.145,16,reviewed,us,us
2026-03-13T18:11:56.131Z,52.1196,176.3824,9.759,4.2,mb,114,116,1.326,0.65,us,us6000sg5y,2026-04-03T19:41:47.040Z,"231 km ESE of Attu Station, Alaska",earthquake,6.36,4.544,0.056,90,reviewed,us,us
2026-03-13T16:59:36.642Z,-24.1633,-66.7588,210.598,4.3,mb,21,99,1.775,0.71,us,us6000sg47,2026-04-04T18:47:18.040Z,"45 km W of San Antonio de los Cobres, Argentina",earthquake,11.49,8.916,0.217,6,reviewed,us,us
2026-03-13T16:15:42.338Z,-33.8354,178.9628,280.896,4.7,mb,31,154,3.757,1.07,us,us6000sg1l,2026-04-04T16:31:35.040Z,"south of the Kermadec Islands",earthquake,14.05,12.324,0.088,39,reviewed,us,us
2026-03-13T16:10:21.210Z,36.6609,69.8386,147.154,4.2,mb,28,215,2.064,0.74,us,us6000sg1k,2026-04-04T16:24:20.040Z,"9 km N of Farkhār, Afghanistan",earthquake,7.44,11.346,0.146,13,reviewed,us,us
2026-03-13T15:05:55.328Z,51.3461,-177.138,35,3.5,ml,25,208,0.42,0.63,us,us6000sg5t,2026-04-04T15:58:38.040Z,"68 km SSW of Adak, Alaska",earthquake,3.74,2.003,0.085,18,reviewed,us,us
2026-03-13T14:58:59.173Z,-28.7764,-67.5058,122.329,4.2,mb,32,82,2.556,0.81,us,us6000sg17,2026-04-07T13:51:24.040Z,"42 km N of Chilecito, Argentina",earthquake,4.58,8.573,0.152,12,reviewed,us,us
2026-03-13T14:48:01.044Z,-4.7765,134.0119,10,4.5,mb,24,58,2.549,0.58,us,us7000s7i0,2026-03-31T13:23:08.040Z,"168 km NE of Tual, Indonesia",earthquake,3.95,1.869,0.127,18,reviewed,us,us
2026-03-13T14:43:45.041Z,-28.1969,-176.6742,10,4.7,mb,25,141,1.518,0.59,us,us7000s7hz,2026-03-31T13:17:23.040Z,"Kermadec Islands region",earthquake,13.11,1.926,0.112,25,reviewed,us,us
2026-03-13T14:22:31.660Z,-8.8607,-74.995,128.831,4.4,mb,19,124,3.599,0.42,us,us7000s7hy,2026-04-07T12:36:31.040Z,"24 km E of San Alejandro, Peru",earthquake,12.39,11.054,0.155,12,reviewed,us,us
2026-03-13T14:12:49.021Z,-28.1031,-176.5231,10,4.9,mb,26,95,1.679,0.49,us,us7000s7hx,2026-03-31T12:32:03.040Z,"Kermadec Islands region",earthquake,7.31,1.83,0.116,23,reviewed,us,us
2026-03-13T13:39:21.201Z,-28.6929,-71.4786,24,6.3,mww,82,133,0.603,0.87,us,us6000sg0y,2026-04-07T14:00:51.484Z,"71 km W of Vallenar, Chile",earthquake,4.56,1.849,0.047,44,reviewed,us,us
2026-03-13T13:18:49.009Z,51.9113,176.2378,10,3.5,ml,15,198,1.408,0.78,us,us6000sg5p,2026-04-07T13:54:26.040Z,"232 km ESE of Attu Station, Alaska",earthquake,7.01,1.992,0.097,14,reviewed,us,us
2026-03-13T12:20:25.714Z,29.8695,139.273,407.515,4.3,mb,44,81,3.769,0.69,us,us7000s7hw,2026-03-31T12:15:24.040Z,"Izu Islands, Japan region",earthquake,9.71,5.095,0.089,36,reviewed,us,us
2026-03-13T11:25:43.468Z,-11.5935,162.4362,10,4.4,mb,22,108,3.252,0.79,us,us7000s7hu,2026-03-31T11:44:30.040Z,"138 km SSE of Kirakira, Solomon Islands",earthquake,6.14,1.917,0.12,20,reviewed,us,us
2026-03-13T11:00:01.897Z,57.579,-154.184,42.8,3.5,ml,181,118,0.6,0.9,ak,aka2026fbella,2026-03-14T13:06:02.575Z,"13 km WNW of Larsen Bay, Alaska",earthquake,2.7,6.329,0.3,22,automatic,ak,ak
2026-03-13T10:08:40.505Z,52.006,176.28,4.7,3.9,ml,18,192,1.4,0.5,ak,aka2026fbctgg,2026-03-19T22:20:18.316Z,"230 km ESE of Attu Station, Alaska",earthquake,23.4,7.2736,0.2,16,reviewed,ak,ak
2026-03-13T08:26:37.836Z,16.0068,-93.2357,124.776,4.2,mb,39,186,1.091,0.58,us,us7000s7hq,2026-03-26T12:25:35.040Z,"15 km WSW of San Pedro Buenavista, Mexico",earthquake,12.43,10.196,0.076,48,reviewed,us,us
2026-03-13T07:36:46.443Z,51.602,179.4986,80.567,3.5,ml,29,116,0.256,0.33,us,us6000sg5h,2026-03-26T08:47:17.040Z,"268 km W of Adak, Alaska",earthquake,10.23,11.682,0.085,18,reviewed,us,us
2026-03-13T07:00:24.301Z,-35.9195,-103.3853,10,5.2,mww,39,152,25.27,0.84,us,us6000sfzl,2026-03-26T07:05:14.040Z,"southeast of Easter Island",earthquake,12.39,1.915,0.086,13,reviewed,us,us
2026-03-13T05:56:21.781Z,-17.3776,-177.4047,394.408,4.1,mb,31,122,3.214,0.54,us,us7000s7hk,2026-03-26T06:46:03.040Z,"Fiji region",earthquake,14.59,8.427,0.091,33,reviewed,us,us
2026-03-13T04:54:31.352Z,-28.2374,-176.6216,10,5.2,mww,47,81,1.525,1.23,us,us6000sfza,2026-03-27T22:09:39.040Z,"Kermadec Islands region",earthquake,10.75,1.838,0.103,9,reviewed,us,us
2026-03-13T03:45:57.758Z,51.8339,176.2265,35,3.8,ml,16,203,1.42,0.73,us,us6000shh7,2026-03-20T00:03:59.040Z,"235 km ESE of Attu Station, Alaska",earthquake,7.32,2.012,0.105,12,reviewed,us,us
2026-03-13T03:44:45.338Z,52.1019,176.354,10,3.5,ml,16,184,1.341,0.56,us,us6000shai,2026-03-20T00:00:15.040Z,"230 km ESE of Attu Station, Alaska",earthquake,4.31,1.984,0.105,12,reviewed,us,us
2026-03-13T03:30:32.440Z,52.2214,176.3065,10,4.7,mb,68,105,1.422,0.85,us,us6000sfz6,2026-03-13T03:55:40.739Z,"222 km ESE of Attu Station, Alaska",earthquake,9.43,1.881,0.047,139,reviewed,us,us
2026-03-13T03:16:18.800Z,19.145833333333,-155.36933333333,29.06,4.37,ml,59,182,0.08822,0.13,hv,hv74916907,2026-03-27T21:49:01.591Z,"13 km ESE of Pāhala, Hawaii",earthquake,0.4,0.46,0.18100685521439,48,reviewed,hv,hv
2026-03-13T00:36:36.443Z,52.3765,-169.7966,9.236,4,mb,33,212,0.413,0.75,us,us6000sg5b,2026-04-03T05:16:58.040Z,"89 km SW of Nikolski, Alaska",earthquake,3.57,7.366,0.211,6,reviewed,us,us
2026-03-13T00:35:15.424Z,40.6607,36.7861,10,5.3,mww,90,24,0.411,0.89,us,us6000sfyj,2026-04-03T05:13:00.779Z,"15 km WNW of Niksar, Turkey",earthquake,4.95,1.806,0.056,31,reviewed,us,us
2026-03-12T23:39:46.507Z,-1.4426,28.3242,10,4.3,mb,12,88,2.554,0.65,us,us7000s7cc,2026-04-03T04:37:53.040Z,"81 km W of Sake, Democratic Republic of the Congo",earthquake,6.01,1.943,0.217,6,reviewed,us,us
2026-03-12T23:07:05.296Z,52.1511,176.3537,10,4.4,mb,43,181,1.347,0.82,us,us6000sfy8,2026-03-31T05:26:00.040Z,"228 km ESE of Attu Station, Alaska",earthquake,7.74,1.952,0.057,88,reviewed,us,us
2026-03-12T23:06:51.740Z,50.9998,159.7002,10,4.2,mb,14,230,2.128,1.14,us,us7000s7cb,2026-04-05T23:52:29.040Z,"230 km ESE of Ozernovskiy, Russia",earthquake,11.75,1.962,0.215,6,reviewed,us,us
2026-03-12T21:58:47.883Z,-3.6398,149.713,10,5.2,mww,62,78,2.505,1,us,us6000sfy3,2026-03-29T04:27:25.040Z,"168 km SW of Kavieng, Papua New Guinea",earthquake,7.36,1.857,0.086,13,reviewed,us,us
2026-03-12T21:36:11.984Z,-0.2359,125.2647,35,4.5,mb,41,83,6.293,0.64,us,us6000sfxz,2026-04-03T04:57:15.040Z,"119 km SE of Modisi, Indonesia",earthquake,4.36,1.935,0.086,40,reviewed,us,us
2026-03-12T20:45:53.741Z,18.0619,-94.9122,12.252,4.6,mb,48,103,3.189,0.55,us,us6000sfxr,2026-03-27T18:35:58.040Z,"2 km W of Comején, Mexico",earthquake,8.03,4.777,0.078,49,reviewed,us,us
2026-03-12T20:04:04.592Z,-0.0642,112.0207,10,4.7,mb,63,84,8.378,0.68,us,us6000sfxg,2026-03-27T18:26:32.040Z,"158 km SSE of Simanggang, Malaysia",earthquake,8.84,1.877,0.063,77,reviewed,us,us
2026-03-12T19:59:18.480Z,18.1588,-68.8478,107,3.52,md,11,227,0.5862,0.3,pr,pr2026071001,2026-03-15T15:26:35.040Z,"32 km SSE of La Romana, Dominican Republic",earthquake,4.22,1.63,0.35,8,reviewed,pr,pr
2026-03-12T19:18:21.071Z,-7.4927,107.0915,96.204,5.2,mb,149,28,0.555,0.65,us,us6000sfx2,2026-03-27T16:16:52.985Z,"49 km SW of Banjar, Indonesia",earthquake,7.64,5.479,0.046,159,reviewed,us,us
2026-03-12T19:01:56.945Z,11.2588,-86.7914,35,4.2,mb,33,166,1.446,0.69,us,us7000s7c6,2026-03-27T14:59:05.040Z,"65 km SSW of Masachapa, Nicaragua",earthquake,5.73,1.962,0.115,21,reviewed,us,us
2026-03-12T18:36:52.952Z,51.7532,176.141,10,3.7,mb,22,209,1.483,0.48,us,us6000sfyd,2026-03-27T18:37:25.040Z,"235 km ESE of Attu Station, Alaska",earthquake,5.79,1.897,0.178,8,reviewed,us,us
2026-03-12T18:36:02.928Z,39.2555,21.5512,11.699,4,mb,47,77,0.654,0.71,us,us6000sfwv,2026-03-27T18:18:03.040Z,"12 km SE of Anthiró, Greece",earthquake,4.27,1.448,0.126,17,reviewed,us,us
2026-03-12T18:16:39.092Z,51.4095,159.7026,10,4.6,mb,95,81,1.741,0.7,us,us6000sfwu,2026-03-27T16:53:42.040Z,"191 km SSE of Vilyuchinsk, Russia",earthquake,9.26,1.87,0.05,121,reviewed,us,us
2026-03-12T17:41:46.147Z,-38.1574,-73.6709,29.947,4.1,mb,30,130,1.731,0.82,us,us6000sfvl,2026-03-27T16:46:11.040Z,"46 km SSW of Cañete, Chile",earthquake,7.77,7.156,0.198,7,reviewed,us,us
2026-03-12T17:41:23.010Z,35.3475,135.2654,369.144,4.1,mb,69,71,1.442,0.73,us,us6000sfve,2026-03-27T16:23:20.040Z,"5 km NNE of Ayabe, Japan",earthquake,8.68,6.698,0.056,88,reviewed,us,us
2026-03-12T16:56:00.210Z,52.2844,176.5205,9.358,3.5,ml,9,171,1.307,0.92,us,us7000s7c3,2026-04-04T15:56:46.040Z,"234 km ESE of Attu Station, Alaska",earthquake,7.02,6.953,0.097,18,reviewed,us,us
2026-03-12T14:22:25.233Z,-19.2959,169.1553,140.344,4.6,mb,29,147,3.666,0.83,us,us6000sfty,2026-04-03T19:31:46.040Z,"30 km NNW of Isangel, Vanuatu",earthquake,9.39,8.942,0.107,26,reviewed,us,us
2026-03-12T14:13:38.430Z,-20.7026,168.6615,10,4.5,mb,18,138,2.211,0.82,us,us6000sftx,2026-03-29T16:03:04.040Z,"123 km NE of Tadine, New Caledonia",earthquake,7.47,1.888,0.136,16,reviewed,us,us
2026-03-12T13:20:35.110Z,-33.4235,-178.619,10,4.6,mb,20,171,4.207,0.48,us,us7000s7bx,2026-03-29T15:55:31.040Z,"south of the Kermadec Islands",earthquake,8.32,1.91,0.146,18,reviewed,us,us
2026-03-12T12:14:13.866Z,23.7234,121.5928,30.792,5.2,mwr,97,47,0.427,0.78,us,us6000sftk,2026-04-07T10:33:38.071Z,"28 km S of Hualien City, Taiwan",earthquake,3.92,4.149,0.057,30,reviewed,us,us
2026-03-12T12:05:19.786Z,2.9406,123.233,466.903,4.2,mb,58,78,10.728,0.69,us,us6000sfth,2026-04-07T10:13:09.040Z,"241 km NW of Manado, Indonesia",earthquake,12.24,9.775,0.077,47,reviewed,us,us
2026-03-12T11:42:46.667Z,53.3053,-164.3315,35,3.9,mb,52,169,1.144,1.35,us,us6000sftc,2026-04-06T07:56:06.040Z,"132 km SE of Akutan, Alaska",earthquake,4.19,1.961,0.121,19,reviewed,us,us
2026-03-12T10:36:10.372Z,18.1619,-106.2273,10,4.4,mb,122,147,2.556,0.67,us,us6000sfta,2026-04-06T09:56:14.040Z,"189 km SW of Emiliano Zapata, Mexico",earthquake,8.74,1.927,0.045,140,reviewed,us,us
2026-03-12T10:14:19.296Z,39.2761,21.6129,18.969,4.6,mwr,101,25,0.617,0.66,us,us6000sft6,2026-04-07T10:02:26.123Z,"14 km SW of Morfovoúni, Greece",earthquake,4.91,3.865,0.098,10,reviewed,us,us
2026-03-12T09:51:54.380Z,18.7033,-106.1493,10,4.2,mb,36,207,4.746,0.57,us,us6000shdx,2026-03-19T12:04:27.040Z,"145 km WSW of Emiliano Zapata, Mexico",earthquake,9.4,1.975,0.077,47,reviewed,us,us
2026-03-12T07:45:48.786Z,28.9576,86.8579,10,4.5,mb,59,160,3.801,0.52,us,us6000sfsn,2026-04-02T11:55:13.040Z,"111 km N of Lobuche, Nepal",earthquake,8.36,2.466,0.071,58,reviewed,us,us
2026-03-12T07:18:20.419Z,75.7685,7.1186,10,4.4,mb,41,184,3.199,0.61,us,us6000sfsh,2026-04-02T11:50:33.040Z,"Greenland Sea",earthquake,11.18,2.391,0.094,33,reviewed,us,us
2026-03-12T05:33:00.997Z,36.6435,71.097,91.002,4.2,mb,32,117,1.999,1.17,us,us6000sfs4,2026-04-02T11:15:06.040Z,"33 km SE of Jurm, Afghanistan",earthquake,12.6,9.871,0.118,20,reviewed,us,us
2026-03-12T04:56:30.270Z,26.5033,144.7463,10,4.4,mb,23,142,11.061,0.6,us,us7000s7bj,2026-03-25T18:42:49.040Z,"Bonin Islands, Japan region",earthquake,6.59,1.925,0.155,12,reviewed,us,us
2026-03-12T04:50:49.195Z,-11.5538,162.9792,10,4.4,mb,17,111,3.648,1.04,us,us7000s7bk,2026-03-25T18:27:49.040Z,"167 km SE of Kirakira, Solomon Islands",earthquake,9.39,1.911,0.17,10,reviewed,us,us
2026-03-12T04:41:06.939Z,-14.9802,-71.3761,136.626,4.9,mww,78,99,3.386,0.75,us,us6000sfrl,2026-03-31T22:07:03.040Z,"21 km S of Yauri, Peru",earthquake,8.37,7.288,0.093,11,reviewed,us,us
2026-03-12T04:34:06.010Z,18.0428,-66.8108,13,3.55,md,26,106,0.0962,0.3,pr,pr2026071000,2026-03-19T04:38:55.809Z,"3 km NW of Guayanilla, Puerto Rico",earthquake,0.41,0.63,0.1,19,reviewed,pr,pr
2026-03-12T04:31:02.861Z,-33.2063,-178.8128,10,4.5,mb,12,256,6.033,0.99,us,us7000s7bi,2026-03-25T19:03:19.040Z,"south of the Kermadec Islands",earthquake,8.01,2.001,0.204,7,reviewed,us,us
2026-03-12T03:00:12.938Z,-7.7732,130.3531,10,4.1,mb,10,124,5.096,1.14,us,us7000s7bg,2026-03-25T20:57:21.040Z,"Pulau Pulau Tanimbar, Indonesia",earthquake,10.32,1.94,0.235,5,reviewed,us,us
2026-03-12T02:41:30.191Z,51.8938,176.2755,5,4,mb,36,198,1.386,0.77,us,us6000sfru,2026-03-18T00:57:46.040Z,"235 km ESE of Attu Station, Alaska",earthquake,7.15,1.994,0.099,27,reviewed,us,us
2026-03-12T02:12:52.434Z,-5.2956,151.104,118.416,4.5,mb,19,104,1.523,0.81,us,us6000sfsg,2026-03-31T22:15:33.040Z,"110 km ENE of Kimbe, Papua New Guinea",earthquake,9.97,10.044,0.144,14,reviewed,us,us
2026-03-12T02:00:14.143Z,-1.5469,28.5777,10,4.2,mb,13,100,8.682,0.64,us,us7000s7be,2026-03-25T21:23:05.040Z,"51 km W of Sake, Democratic Republic of the Congo",earthquake,9.38,1.961,0.199,7,reviewed,us,us
2026-03-12T01:50:44.134Z,-31.3196,-71.5386,36.043,4.2,mb,27,168,0.475,0.68,us,us6000sfqs,2026-03-31T21:52:54.040Z,"49 km NW of Illapel, Chile",earthquake,2.95,11.068,0.186,8,reviewed,us,us
2026-03-12T00:06:25.513Z,8.9857,126.6457,9.661,4.9,mb,70,93,2.177,1.48,us,us6000sfq8,2026-03-12T01:05:53.785Z,"38 km ENE of Aras-asan, Philippines",earthquake,9.97,4.135,0.056,101,reviewed,us,us
2026-03-11T23:49:59.509Z,-33.2651,-178.8935,35,4.3,mb,10,250,5.947,0.45,us,us7000s73k,2026-04-03T04:44:59.040Z,"south of the Kermadec Islands",earthquake,9.66,2.006,0.202,7,reviewed,us,us
2026-03-11T23:21:12.151Z,53.2385,161.1771,35,4.5,mb,48,168,1.538,0.68,us,us6000sfps,2026-04-03T04:51:26.040Z,"171 km E of Petropavlovsk-Kamchatsky, Russia",earthquake,10.92,1.957,0.087,39,reviewed,us,us
2026-03-11T22:40:44.841Z,-49.8094,110.1431,10,5.3,mww,72,48,16.518,0.64,us,us6000sg1j,2026-04-03T04:38:57.040Z,"southeast Indian Ridge",earthquake,10.95,1.727,0.086,13,reviewed,us,us
2026-03-11T22:40:28.809Z,-21.9364,-179.5878,593.756,4.5,mb,85,76,4.724,0.6,us,us6000sfpg,2026-04-03T04:37:08.040Z,"Fiji region",earthquake,10.79,7.17,0.063,73,reviewed,us,us
2026-03-11T22:26:29.243Z,-33.2946,-178.4036,10,5,mb,50,79,4.057,0.47,us,us6000sfpd,2026-04-03T04:30:46.040Z,"south of the Kermadec Islands",earthquake,12.34,1.842,0.093,37,reviewed,us,us
2026-03-11T21:55:04.648Z,-6.9487,129.5074,176.382,4.3,mb,29,89,2.442,0.35,us,us6000sfp0,2026-04-03T04:06:55.040Z,"Banda Sea",earthquake,9.73,9.177,0.111,23,reviewed,us,us
2026-03-11T21:29:15.269Z,-33.2188,-178.3734,10,5.1,mb,45,77,3.98,0.6,us,us6000sfnu,2026-04-03T04:05:43.040Z,"south of the Kermadec Islands",earthquake,10.73,1.818,0.093,37,reviewed,us,us
2026-03-11T20:42:29.670Z,18.108,-68.549,114,3.63,md,18,216,0.4391,0.49,pr,pr2026070000,2026-03-24T17:05:21.040Z,"30 km SSE of Boca de Yuma, Dominican Republic",earthquake,3.23,1.88,0.18,12,reviewed,pr,pr
2026-03-11T20:41:48.627Z,52.2969,176.4404,19.138,4.4,mb,97,91,1.32,0.8,us,us7000s3sb,2026-03-24T18:19:28.040Z,"228 km ESE of Attu Station, Alaska",earthquake,7.15,3.888,0.057,90,reviewed,us,us
2026-03-11T20:37:05.707Z,51.8252,176.7588,10,3.6,ml,16,195,1.093,0.96,us,us7000s3sd,2026-03-24T18:32:00.040Z,"268 km ESE of Attu Station, Alaska",earthquake,4.37,1.968,0.091,16,reviewed,us,us
2026-03-11T20:05:33.247Z,24.5819,141.4855,177.227,4.4,mb,26,103,2.581,0.9,us,us7000s73b,2026-03-24T18:58:11.040Z,"Volcano Islands, Japan region",earthquake,11.29,6.341,0.123,19,reviewed,us,us
2026-03-11T20:04:19.902Z,61.63,-149.609,27.2,3.7,ml,184,28,0.2,1,ak,aka2026eyfank,2026-03-24T19:10:10.285Z,"0 km NW of Meadow Lakes, Alaska",earthquake,1.6,1.2818,0.1,121,reviewed,ak,ak
2026-03-11T19:33:38.624Z,-34.0568,-179.9245,114.203,4.4,mb,14,248,3.782,0.49,us,us7000s73a,2026-03-25T15:20:37.040Z,"south of the Kermadec Islands",earthquake,16.82,9.498,0.149,13,reviewed,us,us
2026-03-11T18:58:56.847Z,0.274,124.9093,10,4.4,mb,47,63,6.899,1.02,us,us6000sfsc,2026-03-25T15:11:31.040Z,"56 km ESE of Modisi, Indonesia",earthquake,8.78,1.871,0.095,32,reviewed,us,us
2026-03-11T18:52:08.327Z,52.0755,176.3093,10,4.1,mb,48,113,1.403,0.93,us,us7000s738,2026-03-25T14:26:47.040Z,"228 km ESE of Attu Station, Alaska",earthquake,8.74,1.931,0.084,39,reviewed,us,us
2026-03-11T18:39:32.221Z,-33.1365,-178.3754,10,4.8,mww,55,58,3.898,0.62,us,us7000s3qe,2026-03-24T16:47:08.040Z,"south of the Kermadec Islands",earthquake,8.79,1.831,0.098,10,reviewed,us,us
2026-03-11T17:43:01.181Z,-33.1885,-178.2485,10,4.9,mb,39,175,3.941,1.2,us,us6000sfsa,2026-03-24T16:09:16.040Z,"south of the Kermadec Islands",earthquake,10.51,1.833,0.117,23,reviewed,us,us
2026-03-11T17:37:40.984Z,12.0128,125.648,35,4.5,mb,41,123,4.912,0.54,us,us7000s736,2026-03-24T14:56:22.040Z,"18 km E of Dolores, Philippines",earthquake,13.65,1.9,0.094,33,reviewed,us,us
2026-03-11T16:37:17.139Z,11.5036,-85.7055,200.394,4.8,mww,78,120,0.735,0.9,us,us7000s3n2,2026-03-26T23:54:43.006Z,"4 km SSW of Moyogalpa, Nicaragua",earthquake,7.02,5.881,0.103,9,reviewed,us,us
2026-03-11T16:27:35.263Z,-17.8872,-178.6266,558.096,4.4,mb,44,80,2.373,0.89,us,us7000s3n0,2026-03-25T04:27:50.040Z,"218 km E of Levuka, Fiji",earthquake,12.21,6.318,0.1,29,reviewed,us,us
2026-03-11T16:24:30.603Z,16.6538,-98.7876,35,4.5,mb,32,227,0.928,1.1,us,us7000s3n5,2026-03-26T23:47:26.040Z,"8 km NNE of Marquelia, Mexico",earthquake,6.42,1.986,0.098,31,reviewed,us,us
2026-03-11T16:14:40.559Z,-33.394,-178.2975,10,4.1,mb,12,240,6.121,0.88,us,us7000s733,2026-03-25T22:14:52.040Z,"south of the Kermadec Islands",earthquake,10.1,1.998,0.185,8,reviewed,us,us
2026-03-11T16:09:12.438Z,-27.711,-69.246,100.354,4.4,mb,27,68,1.046,1.05,us,us7000s3mu,2026-03-26T23:39:03.040Z,"113 km ESE of Copiapó, Chile",earthquake,6.69,7.689,0.17,10,reviewed,us,us
2026-03-11T15:59:58.128Z,69.433,-143.562,5.2,4.2,ml,59,118,0.2,0.8,ak,aka2026exwycc,2026-03-22T03:13:02.040Z,"78 km S of Kaktovik, Alaska",earthquake,5.9,4.1136,0.1,42,reviewed,ak,ak
2026-03-11T15:20:03.512Z,-16.1861,-173.0327,35,4.3,mb,15,106,2.566,1.11,us,us7000s73l,2026-03-25T21:49:12.040Z,"85 km ESE of Hihifo, Tonga",earthquake,5.32,1.904,0.201,7,reviewed,us,us
2026-03-11T15:10:48.303Z,-16.332,-173.0293,10,5,mb,65,54,2.694,0.58,us,us7000s3mn,2026-03-26T23:31:50.040Z,"92 km ESE of Hihifo, Tonga",earthquake,9.57,1.838,0.069,67,reviewed,us,us
2026-03-11T15:06:44.072Z,-6.7075,129.8718,170.117,4.1,mb,11,99,2.171,1,us,us7000s730,2026-03-25T22:36:37.040Z,"Banda Sea",earthquake,7.44,13.153,0.301,4,reviewed,us,us
2026-03-11T13:59:56.259Z,11.259,-87.6451,10,4.8,mb,131,146,2.294,0.54,us,us7000s3mb,2026-04-03T10:10:56.040Z,"136 km WSW of Masachapa, Nicaragua",earthquake,6.84,1.905,0.035,247,reviewed,us,us
2026-03-11T13:32:00.123Z,52.1826,159.1794,56.853,4.9,mb,161,118,0.902,0.76,us,us7000s3m4,2026-04-03T10:16:40.040Z,"98 km SSE of Vilyuchinsk, Russia",earthquake,12.03,19.918,0.033,287,reviewed,us,us
2026-03-11T13:03:34.996Z,-9.5275,149.8746,10,4.8,mb,46,62,2.681,0.43,us,us7000s3lw,2026-04-03T10:09:59.040Z,"108 km NW of Alotau, Papua New Guinea",earthquake,6.84,1.872,0.098,32,reviewed,us,us
2026-03-11T12:31:42.687Z,51.6841,-175.9432,57.668,3.9,mb,81,180,0.303,0.73,us,us7000s3lp,2026-03-25T06:48:33.040Z,"52 km ESE of Adak, Alaska",earthquake,6.92,6.687,0.088,34,reviewed,us,us
2026-03-11T12:11:36.097Z,43.1686,87.8719,10,4.5,mb,70,98,5.367,0.69,us,us7000s3lj,2026-03-25T06:45:10.040Z,"73 km SSE of Ürümqi, China",earthquake,8.6,1.89,0.076,50,reviewed,us,us
2026-03-11T12:04:42.193Z,-33.0614,-178.8338,10,4.5,mb,13,250,5.062,0.4,us,us7000s72t,2026-03-25T06:38:18.040Z,"south of the Kermadec Islands",earthquake,9.47,2.002,0.163,11,reviewed,us,us
2026-03-11T11:58:22.554Z,19.1058,146.3791,65.916,4.4,mb,47,147,3.885,0.65,us,us7000s72r,2026-03-25T06:28:37.040Z,"Mariana Islands region",earthquake,15.01,8.618,0.085,40,reviewed,us,us
2026-03-11T11:39:14.736Z,52.1787,176.4303,10,4.2,mb,83,158,1.303,0.82,us,us7000s3r1,2026-03-25T06:20:59.040Z,"232 km ESE of Attu Station, Alaska",earthquake,6.35,1.914,0.091,34,reviewed,us,us
2026-03-11T11:22:19.986Z,27.1101,53.4648,14.898,4.3,mb,34,152,3.274,0.59,us,us7000s72q,2026-03-25T06:17:50.040Z,"75 km SE of Mohr, Iran",earthquake,9.3,4.669,0.103,27,reviewed,us,us
2026-03-11T11:04:27.212Z,-31.1799,-177.1815,10,4.4,mb,14,198,2.034,0.96,us,us7000s72p,2026-03-25T06:15:23.040Z,"Kermadec Islands region",earthquake,12.26,1.992,0.148,13,reviewed,us,us
2026-03-11T10:57:26.414Z,-33.3585,-178.945,10,4.5,mb,15,229,4.756,0.44,us,us7000s72m,2026-03-25T06:11:57.040Z,"south of the Kermadec Islands",earthquake,15.64,1.997,0.145,14,reviewed,us,us
2026-03-11T10:54:23.649Z,49.9802,158.9966,10,4.6,mb,22,135,3.055,0.91,us,us7000s72l,2026-03-25T06:07:53.040Z,"218 km ESE of Severo-Kuril’sk, Russia",earthquake,9.69,1.916,0.151,13,reviewed,us,us
2026-03-11T10:05:03.854Z,1.8643,96.4128,10,4.1,mb,16,210,1.289,0.71,us,us7000s72k,2026-03-25T06:05:23.040Z,"68 km S of Sinabang, Indonesia",earthquake,15.75,1.983,0.157,11,reviewed,us,us
2026-03-11T09:55:01.881Z,-32.893,-178.3614,10,4.3,mb,14,250,6.85,0.99,us,us7000s72j,2026-03-25T06:02:06.040Z,"south of the Kermadec Islands",earthquake,16.16,2.003,0.161,11,reviewed,us,us
2026-03-11T09:00:57.675Z,-33.679,-178.9084,10,4.5,mb,13,169,4.499,1.03,us,us7000s72h,2026-03-25T05:54:14.040Z,"south of the Kermadec Islands",earthquake,16.21,1.973,0.163,11,reviewed,us,us
2026-03-11T08:50:03.235Z,-32.8895,-178.3092,27.928,4.6,mb,25,174,3.647,1.37,us,us7000s72f,2026-04-01T13:18:30.040Z,"south of the Kermadec Islands",earthquake,12.35,8.745,0.136,19,reviewed,us,us
2026-03-11T08:09:32.832Z,-34.3501,148.8797,10,4.4,mb,13,184,0.971,0.55,us,us7000s3l1,2026-04-01T08:10:39.228Z,"17 km ENE of Boorowa, Australia",earthquake,6.8,1.964,0.204,8,reviewed,us,us
2026-03-11T08:08:24.873Z,-6.4779,129.8921,134.654,4.6,mb,41,73,1.943,0.79,us,us7000s3kw,2026-04-01T08:02:08.040Z,"Banda Sea",earthquake,9.95,6.736,0.088,39,reviewed,us,us
2026-03-11T08:04:30.840Z,32.1615,140.1614,105.332,4.4,mb,44,124,4.113,0.89,us,us7000s3kv,2026-04-01T07:57:20.040Z,"Izu Islands, Japan region",earthquake,9.68,7.82,0.095,32,reviewed,us,us
2026-03-11T07:55:18.373Z,40.0482,54.2412,10,5.1,mb,90,49,3.687,0.79,us,us7000s3ku,2026-04-01T07:51:28.040Z,"60 km N of Balkanabat, Turkmenistan",earthquake,5.1,1.677,0.047,149,reviewed,us,us
2026-03-11T07:40:13.754Z,-33.0307,-178.5473,11,5.5,mww,53,68,3.811,0.68,us,us7000s3kt,2026-04-01T11:42:41.342Z,"south of the Kermadec Islands",earthquake,9.15,1.865,0.062,25,reviewed,us,us
2026-03-11T06:26:42.279Z,-33.6564,-179.2814,33.856,5.2,mww,61,67,4.364,0.98,us,us7000s3kj,2026-04-01T11:55:19.040Z,"south of the Kermadec Islands",earthquake,8.78,5.182,0.083,14,reviewed,us,us
2026-03-11T05:41:13.239Z,-32.9877,-178.3252,32.988,4.6,mb,23,149,3.746,0.96,us,us7000s729,2026-04-01T12:56:30.040Z,"south of the Kermadec Islands",earthquake,10.78,7.283,0.141,15,reviewed,us,us
2026-03-11T04:28:02.582Z,-32.9853,-178.6461,10,4.1,mb,10,170,3.779,0.79,us,us7000s727,2026-03-25T22:52:00.040Z,"south of the Kermadec Islands",earthquake,8.41,1.966,0.262,4,reviewed,us,us
2026-03-11T04:19:53.518Z,-33.2516,-178.6375,10,4,mb,10,272,6.075,0.2,us,us7000s726,2026-03-25T23:06:59.040Z,"south of the Kermadec Islands",earthquake,13.27,2.003,0.212,6,reviewed,us,us
2026-03-11T04:02:20.599Z,-32.9677,-178.4903,10,4.6,mb,23,172,3.742,0.99,us,us7000s725,2026-03-25T04:57:27.040Z,"south of the Kermadec Islands",earthquake,11,1.963,0.141,15,reviewed,us,us
2026-03-11T03:28:17.145Z,24.6685,-109.1666,10,4.4,mb,36,163,3.824,1.58,us,us7000s3ju,2026-03-26T23:21:02.040Z,"101 km SSW of El Huitusi, Mexico",earthquake,7.3,1.753,0.084,41,reviewed,us,us
2026-03-11T03:22:57.580Z,33.7184,81.8246,10,4.3,mb,33,139,7.751,1.06,us,us7000s3jt,2026-03-26T23:17:00.040Z,"western Xizang",earthquake,11.92,1.914,0.125,19,reviewed,us,us
2026-03-11T02:19:35.320Z,-22.0073,-176.6677,206.483,4.1,mb,17,113,6.531,0.96,us,us7000s723,2026-03-25T04:33:17.040Z,"169 km WSW of Houma, Tonga",earthquake,16.77,14.577,0.151,12,reviewed,us,us
2026-03-11T02:12:13.648Z,-0.5098,121.949,10,5,mb,72,68,4.983,0.85,us,us7000s3jg,2026-03-26T22:43:54.040Z,"105 km WNW of Luwuk, Indonesia",earthquake,8.92,1.865,0.074,58,reviewed,us,us
2026-03-11T00:24:39.205Z,-33.2132,-178.9012,35,4.5,mb,15,250,4.902,0.43,us,us7000s722,2026-03-23T21:23:16.040Z,"south of the Kermadec Islands",earthquake,16.83,2.012,0.132,17,reviewed,us,us
2026-03-11T00:09:28.400Z,32.3259,141.9284,10,4.3,mb,21,154,5.013,0.63,us,us7000s721,2026-03-23T20:32:39.040Z,"Izu Islands, Japan region",earthquake,13.04,1.898,0.16,11,reviewed,us,us
2026-03-10T23:51:16.960Z,-32.9307,-178.4117,10,5.3,mww,102,43,3.697,0.64,us,us7000s3il,2026-03-19T23:02:15.040Z,"south of the Kermadec Islands",earthquake,10,1.767,0.061,26,reviewed,us,us
2026-03-10T23:26:47.655Z,-16.7225,-23.4476,10,4.9,mb,59,66,16.308,0.65,us,us7000s3ij,2026-03-19T22:38:55.040Z,"South Atlantic Ocean",earthquake,11.74,1.873,0.075,55,reviewed,us,us
2026-03-10T22:38:36.605Z,40.9349,142.9239,37.79,4.7,mb,58,124,1.093,0.78,us,us7000s3i8,2026-03-19T22:36:47.040Z,"128 km NE of Kuji, Japan",earthquake,3.01,7.164,0.06,85,reviewed,us,us
2026-03-10T21:45:36.187Z,-9.489,120.5881,50.442,5,mb,67,59,2.853,0.78,us,us7000s3i3,2026-03-22T20:38:27.040Z,"40 km ENE of Waingapu, Indonesia",earthquake,10.62,5.299,0.07,66,reviewed,us,us
2026-03-10T20:55:03.811Z,-5.418,145.8362,89.491,4.4,mb,30,84,3.683,0.63,us,us6000shgh,2026-03-23T16:24:11.040Z,"22 km SSE of Madang, Papua New Guinea",earthquake,7.62,7.098,0.124,19,reviewed,us,us
2026-03-10T20:49:04.551Z,-22.4831,-179.6488,599.441,4.1,mb,18,205,5.185,0.8,us,us6000shgi,2026-03-23T16:13:09.040Z,"south of the Fiji Islands",earthquake,20.95,28.689,0.135,15,reviewed,us,us
2026-03-10T19:30:11.701Z,52.5483,-170.1183,9.256,3.6,mb,24,175,0.272,0.71,us,us6000sfpx,2026-03-22T21:06:11.040Z,"95 km WSW of Nikolski, Alaska",earthquake,3.45,7.046,0.249,4,reviewed,us,us
2026-03-10T19:04:38.791Z,52.5089,-170.0605,7.678,3.8,mb,32,176,0.296,0.88,us,us7000s3rk,2026-03-22T20:48:07.040Z,"94 km WSW of Nikolski, Alaska",earthquake,2.8,6.47,0.169,9,reviewed,us,us
2026-03-10T19:01:45.329Z,-55.3322,-27.0123,10,4.6,mb,15,94,5.58,0.96,us,us6000shge,2026-03-22T20:28:39.040Z,"South Sandwich Islands region",earthquake,17.67,1.864,0.206,8,reviewed,us,us
2026-03-10T17:06:03.339Z,12.0657,125.5591,10,4.6,mb,43,131,4.964,0.64,us,us6000shga,2026-03-22T17:08:49.040Z,"7 km E of Dapdap, Philippines",earthquake,13.27,1.898,0.095,33,reviewed,us,us
2026-03-10T15:39:27.855Z,53.2208,159.8166,64.17,4.2,mb,37,145,0.73,0.74,us,us6000shg7,2026-04-02T15:43:08.040Z,"81 km ENE of Petropavlovsk-Kamchatsky, Russia",earthquake,9.28,9.758,0.097,30,reviewed,us,us
2026-03-10T15:06:32.881Z,11.9578,125.455,89.027,4.6,mb,37,66,4.859,0.45,us,us6000shg5,2026-04-02T15:01:17.040Z,"4 km SSE of Can-Avid, Philippines",earthquake,9.66,20.501,0.101,29,reviewed,us,us
2026-03-10T15:01:34.076Z,53.045,160.1763,43.902,4.5,mb,11,195,0.922,1.03,us,us6000shg6,2026-04-02T14:42:13.040Z,"103 km E of Petropavlovsk-Kamchatsky, Russia",earthquake,37.13,26.555,0.22,6,reviewed,us,us
2026-03-10T14:52:31.763Z,-20.1675,169.6471,127.749,4.4,mb,46,71,3.182,0.75,us,us6000shg4,2026-04-02T14:22:40.040Z,"79 km SSE of Isangel, Vanuatu",earthquake,20.38,19.924,0.097,36,reviewed,us,us
2026-03-10T14:46:04.888Z,-29.0737,-70.8152,81.348,4.2,mb,26,118,0.118,0.53,us,us7000s3dx,2026-04-02T13:50:44.040Z,"55 km S of Vallenar, Chile",earthquake,16.45,9.373,0.371,2,reviewed,us,us
2026-03-10T14:05:36.041Z,-24.3358,-67.3133,205.349,4.2,mb,25,98,1.59,0.43,us,us7000s3dq,2026-04-01T21:57:25.040Z,"101 km W of San Antonio de los Cobres, Argentina",earthquake,22.74,11.545,0.2,7,reviewed,us,us
2026-03-10T13:18:16.470Z,52.1346,176.3852,9.763,4.2,mb,67,147,1.325,0.61,us,us7000s3ez,2026-04-01T21:53:28.040Z,"231 km ESE of Attu Station, Alaska",earthquake,13.48,12.403,0.071,55,reviewed,us,us
2026-03-10T11:47:46.510Z,51.2677,159.64,26.963,4.7,mb,55,128,1.861,0.49,us,us7000s3d8,2026-04-03T10:28:59.040Z,"203 km SSE of Vilyuchinsk, Russia",earthquake,8.26,5.343,0.094,34,reviewed,us,us
2026-03-10T11:42:11.360Z,24.0686,125.0569,10,4.6,mb,80,81,0.812,0.49,us,us7000s3d5,2026-04-03T06:16:52.040Z,"75 km SSE of Tarama, Japan",earthquake,4.73,2.531,0.074,55,reviewed,us,us
2026-03-10T11:20:17.904Z,36.4846,31.5019,99.878,4.4,mb,107,100,1.309,0.6,us,us7000s3d1,2026-04-03T10:28:12.040Z,"25 km SW of Okurcalar, Turkey",earthquake,6.42,4.775,0.06,80,reviewed,us,us
2026-03-10T11:19:12.391Z,54.362,-157.245,20,3.5,ml,46,236,2.1,0.6,ak,aka2026evryar,2026-04-01T16:19:54.040Z,"210 km SE of Perryville, Alaska",earthquake,6.4,0,0.2,32,reviewed,ak,ak
2026-03-10T10:47:12.532Z,-10.1089,118.7074,43.923,4.9,mb,65,86,1.57,0.43,us,us7000s3cz,2026-04-03T10:15:51.040Z,"95 km SW of Tambolaka, Indonesia",earthquake,5.26,9.65,0.077,54,reviewed,us,us
2026-03-10T10:46:43.533Z,-12.9191,166.8495,189.503,4.2,mb,11,152,2.536,0.7,us,us6000shg0,2026-04-03T12:51:59.040Z,"130 km NW of Sola, Vanuatu",earthquake,13.22,6.961,0.167,10,reviewed,us,us
2026-03-10T09:51:20.956Z,-15.2396,167.5242,119.769,4.7,mb,40,124,0.372,0.6,us,us7000s3ct,2026-04-03T06:04:40.040Z,"49 km NE of Luganville, Vanuatu",earthquake,11.72,5.292,0.1,30,reviewed,us,us
2026-03-10T08:51:11.166Z,-31.5547,-66.8049,126.83,4.6,mb,55,49,1.593,0.87,us,us7000s3ci,2026-03-30T07:55:01.040Z,"108 km WNW of Candelaria, Argentina",earthquake,8.88,7.084,0.043,160,reviewed,us,us
2026-03-10T08:05:52.899Z,33.9359,103.3702,10,4.4,mb,38,144,2.033,0.55,us,us6000shfy,2026-04-01T13:23:57.040Z,"6 km NNE of Dala, China",earthquake,9.51,1.916,0.114,22,reviewed,us,us
2026-03-10T06:51:36.909Z,25.2649,124.9326,10,4.7,mb,77,101,1.086,0.43,us,us6000shfw,2026-03-30T12:24:03.040Z,"63 km NW of Hirara, Japan",earthquake,6.16,1.889,0.074,56,reviewed,us,us
2026-03-10T06:28:04.928Z,37.4592,141.0022,70.762,4.5,mwr,77,94,2.416,0.71,us,us7000s3c4,2026-03-31T08:20:26.040Z,"2 km S of Namie, Japan",earthquake,7.94,4.886,0.071,19,reviewed,us,us
2026-03-10T06:16:59.995Z,35.7749,77.1749,10,4.3,mb,50,158,5.571,0.81,us,us7000s3c2,2026-03-30T13:21:09.040Z,"100 km NNE of Thang, India",earthquake,11.01,1.966,0.091,34,reviewed,us,us
2026-03-10T06:13:00.893Z,49.8809,-178.697,10,3.9,mb,77,221,1.676,0.62,us,us7000s3e5,2026-03-30T13:31:03.040Z,"265 km SSW of Adak, Alaska",earthquake,7.02,1.971,0.069,55,reviewed,us,us
2026-03-10T05:23:09.858Z,51.7903,176.1327,47.42,3.8,mb,51,204,1.521,0.93,us,us6000shfv,2026-03-30T11:53:50.040Z,"232 km ESE of Attu Station, Alaska",earthquake,8.73,11,0.091,31,reviewed,us,us
2026-03-10T05:20:04.302Z,-23.333,171.553,10,5,mb,56,126,3.852,0.74,us,us7000s3bq,2026-03-31T08:05:33.040Z,"southeast of the Loyalty Islands",earthquake,7.29,1.777,0.068,70,reviewed,us,us
2026-03-10T04:46:26.471Z,61.801,-148.704,22.4,3.6,ml,187,29,0.2,1.2,ak,aka2026evewrx,2026-04-03T04:02:23.021Z,"4 km NE of Sutton-Alpine, Alaska",earthquake,1.5,1.2418,0.1,121,reviewed,ak,ak
2026-03-10T04:32:27.300Z,38.356166666667,-111.0915,2.32,3.96,ml,38,76,0.2242,0.2,uu,uu80131546,2026-04-07T04:42:38.060Z,"29 km ENE of Torrey, Utah",earthquake,0.45,5.02,0.13145102927501,35,reviewed,uu,uu
2026-03-10T02:07:53.590Z,37.1537,69.5096,10.2,4.5,mb,32,163,1.554,0.44,us,us6000shfp,2026-04-02T05:53:35.040Z,"8 km NNE of Ārt Khwājah, Afghanistan",earthquake,8.79,10.58,0.109,25,reviewed,us,us
2026-03-10T02:06:56.426Z,37.2341,69.4786,10,4.4,mb,31,179,1.47,0.66,us,us7000s3an,2026-04-02T04:58:51.040Z,"16 km N of Ārt Khwājah, Afghanistan",earthquake,7.53,2.331,0.123,20,reviewed,us,us
2026-03-10T01:51:45.870Z,51.5472,159.4808,35,4.3,mb,50,127,1.564,0.7,us,us7000s3ak,2026-04-02T04:03:24.040Z,"170 km SSE of Vilyuchinsk, Russia",earthquake,6.63,2.432,0.091,36,reviewed,us,us
2026-03-10T00:42:13.390Z,-23.6733,179.9882,527.142,4.6,mb,69,46,5.854,0.56,us,us7000s3a9,2026-03-19T20:56:54.040Z,"south of the Fiji Islands",earthquake,11.91,6.372,0.039,194,reviewed,us,us
2026-03-10T00:05:27.854Z,43.7681,86.4849,10,4.3,mb,51,180,4.232,0.7,us,us7000s3a6,2026-03-19T21:03:08.040Z,"69 km SSE of Shihezi, China",earthquake,9.54,1.964,0.103,27,reviewed,us,us
2026-03-09T23:33:32.974Z,-26.2746,179.2729,518.537,4.7,mb,45,101,3.86,1,us,us7000s39w,2026-03-19T03:56:25.040Z,"south of the Fiji Islands",earthquake,12.84,9.568,0.108,26,reviewed,us,us
2026-03-09T23:03:54.245Z,40.5769,13.9885,378.035,6,mww,161,17,0.632,0.68,us,us7000s39n,2026-03-19T04:01:40.188Z,"15 km SSE of Sant'Angelo, Italy",earthquake,6.82,4.764,0.045,47,reviewed,us,us
2026-03-09T22:38:36.575Z,-23.4151,179.8737,536.023,4.3,mb,25,134,5.894,0.37,us,us6000sh7n,2026-03-19T03:41:55.040Z,"south of the Fiji Islands",earthquake,17.66,13.673,0.125,18,reviewed,us,us
2026-03-09T22:31:44.368Z,-20.1656,-177.5917,529.341,4.4,mb,23,121,4.667,0.75,us,us6000sh7m,2026-03-19T03:02:55.040Z,"263 km WNW of Houma, Tonga",earthquake,12.43,18.22,0.13,17,reviewed,us,us
2026-03-09T22:11:22.450Z,4.6844,-76.0839,114.525,4.6,mb,43,109,1.764,0.53,us,us7000s39a,2026-03-19T02:51:40.647Z,"5 km SE of Argelia, Colombia",earthquake,9.07,7.991,0.048,131,reviewed,us,us
2026-03-09T22:03:46.699Z,-20.1657,-177.5509,551.978,4.7,mb,57,97,4.691,0.75,us,us7000s398,2026-03-19T02:47:50.040Z,"259 km WNW of Houma, Tonga",earthquake,8.53,7.414,0.082,45,reviewed,us,us
2026-03-09T21:06:03.583Z,40.3803,143.9818,10,4.7,mb,53,134,1.748,0.58,us,us7000s38u,2026-03-19T02:44:40.040Z,"186 km E of Noda, Japan",earthquake,7.38,1.895,0.076,52,reviewed,us,us
2026-03-09T20:20:26.534Z,38.0822,28.9392,10,4.1,mb,34,41,1.976,0.77,us,us7000s38f,2026-03-24T15:26:51.218Z,"10 km ENE of Buldan, Turkey",earthquake,5.94,1.923,0.14,14,reviewed,us,us
2026-03-09T20:05:59.911Z,26.2362,128.5438,10,4.4,mb,50,73,0.645,0.94,us,us7000s38d,2026-03-24T15:15:34.433Z,"58 km SE of Taira, Japan",earthquake,5.23,1.902,0.091,35,reviewed,us,us
2026-03-09T19:07:51.432Z,-24.8797,179.7591,487.832,4.6,mb,33,129,7.275,1.02,us,us7000s37v,2026-03-24T14:43:59.040Z,"south of the Fiji Islands",earthquake,12.96,6.086,0.095,33,reviewed,us,us
2026-03-09T17:02:36.045Z,38.0395,29.0039,10,4,mwr,36,53,1.954,0.64,us,us7000s373,2026-03-24T15:27:12.566Z,"11 km NW of Akköy, Turkey",earthquake,5.32,1.935,0.093,11,reviewed,us,us
2026-03-09T16:37:53.189Z,51.593,159.7171,10,5.1,mb,165,98,1.575,0.74,us,us7000s372,2026-03-19T16:53:09.040Z,"173 km SSE of Vilyuchinsk, Russia",earthquake,7.39,1.82,0.041,194,reviewed,us,us
2026-03-09T16:12:25.126Z,1.5875,127.0133,27.57,4.5,mb,29,135,19.607,0.71,us,us6000sh7f,2026-03-19T16:24:59.040Z,"97 km NNW of Ternate, Indonesia",earthquake,12.35,5.979,0.118,21,reviewed,us,us
2026-03-09T16:06:01.085Z,49.8751,159.6879,10,4.5,mb,94,162,3.219,0.58,us,us7000s36v,2026-03-19T16:18:49.040Z,"268 km ESE of Severo-Kuril’sk, Russia",earthquake,9.84,1.924,0.061,78,reviewed,us,us
2026-03-09T15:57:36.318Z,51.4371,159.7443,10,4.7,mb,32,183,1.725,1.1,us,us6000sh7e,2026-03-19T16:14:38.040Z,"189 km SSE of Vilyuchinsk, Russia",earthquake,10.34,1.967,0.126,19,reviewed,us,us
2026-03-09T15:45:43.620Z,42.0868,140.3092,144,5.9,mww,160,20,1.415,0.7,us,us7000s36m,2026-03-19T16:15:04.228Z,"19 km NE of Otobe, Japan",earthquake,6.28,1.858,0.038,65,reviewed,us,us
2026-03-09T15:41:41.270Z,-18.3769,-69.584,109.333,4.9,mb,95,75,0.084,0.84,us,us7000s36g,2026-03-19T15:56:23.040Z,"76 km E of Arica, Chile",earthquake,6.26,3.741,0.056,100,reviewed,us,us
2026-03-09T15:37:01.579Z,-38.2639,-73.5059,10,4.9,mb,53,130,1.615,0.67,us,us7000s36c,2026-03-28T04:26:55.040Z,"52 km S of Cañete, Chile",earthquake,6.28,1.872,0.114,24,reviewed,us,us
2026-03-09T15:35:13.391Z,-4.7235,145.1048,189.33,4.3,mb,86,70,3.49,0.63,us,us7000s36d,2026-03-19T15:30:30.040Z,"93 km NW of Madang, Papua New Guinea",earthquake,8.39,7.979,0.064,70,reviewed,us,us
2026-03-09T15:15:41.641Z,13.0569,-90.5402,35,4.3,mb,55,168,1.119,0.66,us,us6000sh7d,2026-03-19T15:21:58.040Z,"97 km SW of Acajutla, El Salvador",earthquake,5.66,1.959,0.073,53,reviewed,us,us
2026-03-09T14:54:21.406Z,-6.0201,147.1119,97.312,4.1,mb,33,119,3.363,0.71,us,us6000sh7c,2026-03-19T15:12:04.040Z,"78 km N of Lae, Papua New Guinea",earthquake,10.51,8.728,0.111,22,reviewed,us,us
2026-03-09T13:59:10.808Z,-41.6141,85.1797,10,4.5,mb,12,169,35.922,0.62,us,us6000sh7a,2026-03-19T14:40:36.040Z,"southeast Indian Ridge",earthquake,10.18,1.925,0.205,7,reviewed,us,us
2026-03-09T12:02:47.814Z,2.6197,95.805,10,4.3,mb,40,192,2.2,0.42,us,us6000sh76,2026-03-30T11:42:04.040Z,"65 km WNW of Sinabang, Indonesia",earthquake,9.02,1.933,0.09,35,reviewed,us,us
2026-03-09T11:59:31.489Z,35.3771,135.3359,370.462,4.1,mb,124,52,1.384,0.69,us,us7000s356,2026-03-31T08:00:35.040Z,"8 km S of Maizuru, Japan",earthquake,8.77,6.639,0.049,114,reviewed,us,us
2026-03-09T11:04:48.017Z,-23.5723,-179.9555,508.282,4.3,mb,28,75,5.934,1.03,us,us6000sh73,2026-03-30T11:34:18.040Z,"south of the Fiji Islands",earthquake,13.89,11.228,0.126,18,reviewed,us,us
2026-03-09T10:52:40.450Z,12.0633,125.5136,10,4.7,mb,81,88,25.197,1,us,us7000s352,2026-04-01T06:55:43.040Z,"2 km E of Dapdap, Philippines",earthquake,12.45,1.879,0.061,81,reviewed,us,us
2026-03-09T10:41:26.881Z,-17.0514,67.092,10,5,mb,49,62,18.989,0.62,us,us7000s350,2026-03-30T07:01:57.040Z,"Mid-Indian Ridge",earthquake,12,1.883,0.085,44,reviewed,us,us
2026-03-09T09:41:42.371Z,32.0802,-93.3623,5,4.4,mwr,54,87,0.029,0.73,us,us7000s34v,2026-03-31T06:59:31.682Z,"4 km NW of Edgefield, Louisiana",earthquake,7.29,1.957,0.038,66,reviewed,us,us
2026-03-09T09:40:50.732Z,32.0794,-93.3384,5.02,4.1,mb,11,88,0.048,0.72,us,us7000s34u,2026-03-31T06:43:31.909Z,"3 km N of Edgefield, Louisiana",earthquake,1.87,3.543,0.08,42,reviewed,us,us
2026-03-09T09:06:05.868Z,-15.8698,-173.8541,134.492,4.5,mb,26,137,2.795,1.23,us,us6000sh71,2026-04-01T12:39:21.040Z,"11 km NNW of Hihifo, Tonga",earthquake,10.23,11.39,0.128,18,reviewed,us,us
2026-03-09T08:19:29.355Z,-31.7277,-71.471,35,4.2,mb,28,165,0.527,0.8,us,us7000s34c,2026-04-03T06:15:57.040Z,"30 km WSW of Illapel, Chile",earthquake,2.54,1.975,0.263,4,reviewed,us,us
2026-03-09T08:11:00.354Z,-5.8591,128.6346,340.674,4.3,mb,42,38,1.834,0.42,us,us7000s34a,2026-04-03T10:14:30.040Z,"244 km SSE of Ambon, Indonesia",earthquake,9.39,8.105,0.102,27,reviewed,us,us
2026-03-09T07:38:59.552Z,30.785,142.7812,10,4.9,mb,96,95,3.713,0.47,us,us7000s341,2026-04-03T06:15:00.040Z,"Izu Islands, Japan region",earthquake,8.54,1.853,0.058,94,reviewed,us,us
2026-03-09T07:17:21.675Z,-21.3971,-68.4168,129.662,4.4,mb,37,57,0.865,0.67,us,us7000s33y,2026-04-03T10:21:20.040Z,"25 km SW of Ollagüe, Chile",earthquake,6.07,6.535,0.105,26,reviewed,us,us
2026-03-09T07:11:42.503Z,50.9694,-177.2452,41.352,4,mb,120,199,0.793,0.47,us,us7000s369,2026-04-02T13:18:18.040Z,"109 km SSW of Adak, Alaska",earthquake,8.12,11.961,0.07,54,reviewed,us,us
2026-03-09T07:06:59.475Z,51.3963,159.5075,33.593,4.2,mb,37,128,1.713,0.74,us,us6000sh72,2026-04-03T13:30:07.040Z,"186 km SSE of Vilyuchinsk, Russia",earthquake,8.63,4.998,0.11,23,reviewed,us,us
2026-03-09T06:49:46.791Z,-6.9499,128.7235,191.63,4.3,mb,29,87,2.683,0.44,us,us6000sh6v,2026-04-03T14:01:30.040Z,"257 km NE of Lospalos, Timor Leste",earthquake,9.46,8.852,0.133,16,reviewed,us,us
2026-03-09T06:21:05.828Z,38.0968,28.9898,10,5,mww,104,32,1.532,0.47,us,us7000s33s,2026-04-03T06:11:43.018Z,"14 km W of Gözler, Turkey",earthquake,1.78,1.837,0.06,27,reviewed,us,us
2026-03-09T06:10:17.658Z,-31.4337,-69.5536,120.406,5,mww,136,37,0.763,0.56,us,us7000s33f,2026-04-03T10:21:07.153Z,"16 km SW of Calingasta, Argentina",earthquake,4.88,3.986,0.086,13,reviewed,us,us
2026-03-09T06:09:56.943Z,19.1066,145.6026,167.038,4.8,mb,144,99,3.848,0.73,us,us7000s33i,2026-04-03T10:13:23.040Z,"Maug Islands region, Northern Mariana Islands",earthquake,9.76,7.29,0.04,193,reviewed,us,us
2026-03-09T06:02:47.488Z,51.2948,159.8054,35,4.3,mb,18,221,1.872,0.66,us,us6000sh6u,2026-04-03T13:42:35.040Z,"205 km SSE of Vilyuchinsk, Russia",earthquake,8.81,1.974,0.187,9,reviewed,us,us
2026-03-09T03:26:36.762Z,6.7169,127.1365,10,4.5,mb,27,133,1.585,0.48,us,us6000sh6m,2026-04-01T05:06:00.040Z,"84 km ESE of San Ignacio, Philippines",earthquake,10.97,1.886,0.121,20,reviewed,us,us
2026-03-09T02:52:37.894Z,14.3802,-91.3271,104.168,4.8,mww,126,158,1.574,0.8,us,us7000s32w,2026-04-01T04:49:05.322Z,"2 km SSW of Río Bravo, Guatemala",earthquake,5.56,6.245,0.068,21,reviewed,us,us
2026-03-09T02:28:09.986Z,39.5024,143.6219,10,4,mb,16,197,2.344,0.3,us,us6000sh6j,2026-04-01T03:57:52.040Z,"143 km E of Yamada, Japan",earthquake,8.99,1.976,0.196,7,reviewed,us,us
2026-03-09T01:08:34.124Z,54.0947,159.2457,130.614,4.4,mb,72,104,1.131,0.39,us,us7000s32j,2026-04-01T02:29:20.040Z,"78 km SSE of Mil’kovo, Russia",earthquake,10.31,7.443,0.072,56,reviewed,us,us
2026-03-09T00:38:23.824Z,39.2493,144.3608,10,4.1,mb,20,144,2.91,0.7,us,us6000sh6h,2026-03-19T02:35:34.040Z,"209 km E of Yamada, Japan",earthquake,10.07,1.936,0.174,9,reviewed,us,us
2026-03-08T23:25:09.281Z,-2.9628,132.1363,10,4,mb,9,103,0.121,0.37,us,us6000sh05,2026-03-19T01:54:43.040Z,"18 km WSW of Fakfak, Indonesia",earthquake,6.66,1.987,0.196,7,reviewed,us,us
2026-03-08T22:48:43.032Z,83.7552,-1.612,10,4.2,mb,27,79,2.883,0.72,us,us7000s34f,2026-03-19T01:26:13.040Z,"north of Svalbard",earthquake,8.94,1.792,0.132,16,reviewed,us,us
2026-03-08T22:41:56.850Z,52.1058,176.3937,10,5.1,mww,97,101,1.317,0.66,us,us7000s322,2026-03-27T22:52:08.743Z,"232 km ESE of Attu Station, Alaska",earthquake,5.06,1.812,0.065,23,reviewed,us,us
2026-03-08T22:04:16.684Z,-6.2728,-77.1056,10,4.3,mb,18,127,4.004,0.36,us,us6000sh01,2026-03-19T00:27:45.040Z,"14 km S of Soritor, Peru",earthquake,13.8,1.924,0.116,21,reviewed,us,us
2026-03-08T22:02:15.260Z,-6.2666,-76.9636,10,4.6,mb,47,75,4.105,0.55,us,us7000s31x,2026-03-19T00:12:42.040Z,"16 km S of Jepelacio, Peru",earthquake,4.63,1.825,0.059,87,reviewed,us,us
2026-03-08T21:59:34.675Z,13.8034,121.2528,146.371,4.4,mb,40,118,7.928,0.67,us,us6000sh00,2026-03-19T00:06:21.040Z,"0 km SE of Bulihan, Philippines",earthquake,9.98,9.748,0.095,32,reviewed,us,us
2026-03-08T19:54:02.735Z,51.6568,159.2676,59.167,4.4,mb,77,133,1.42,0.6,us,us7000s319,2026-03-24T14:38:55.040Z,"153 km SSE of Vilyuchinsk, Russia",earthquake,10.95,7.339,0.064,71,reviewed,us,us
2026-03-08T19:20:06.788Z,51.1456,160.3904,10,4.3,mb,27,169,2.166,1.23,us,us6000sgzv,2026-03-23T15:26:09.040Z,"240 km SSE of Vilyuchinsk, Russia",earthquake,10.67,1.95,0.122,19,reviewed,us,us
2026-03-08T19:08:04.185Z,21.6323,143.1048,303.265,4.7,mb,105,96,6.848,0.59,us,us7000s30z,2026-03-23T19:17:48.040Z,"Mariana Islands region",earthquake,10.16,7.53,0.033,286,reviewed,us,us
2026-03-08T19:06:26.404Z,51.6275,159.3461,32.732,4.9,mb,78,135,1.462,1.03,us,us7000s310,2026-03-24T14:32:54.040Z,"158 km SSE of Vilyuchinsk, Russia",earthquake,11.18,5.984,0.055,104,reviewed,us,us
2026-03-08T18:43:18.315Z,51.3475,159.7416,10,4.4,mb,46,132,1.808,1.24,us,us7000s30x,2026-03-08T19:07:46.040Z,"198 km SSE of Vilyuchinsk, Russia",earthquake,10.91,1.894,0.086,39,reviewed,us,us
2026-03-08T18:41:22.831Z,51.4696,159.3446,10,4.3,mb,58,137,1.614,0.53,us,us6000sh08,2026-03-23T15:55:44.040Z,"174 km SSE of Vilyuchinsk, Russia",earthquake,10.76,1.901,0.082,42,reviewed,us,us
2026-03-08T18:28:36.947Z,-34.0558,179.5822,167.506,4.3,mb,16,214,3.649,0.91,us,us7000s30q,2026-03-23T19:13:54.040Z,"south of the Kermadec Islands",earthquake,14.4,12.726,0.148,13,reviewed,us,us
2026-03-08T18:23:31.999Z,51.4561,159.4881,10,4.5,mb,46,167,1.652,0.91,us,us7000s30r,2026-03-08T18:43:05.040Z,"180 km SSE of Vilyuchinsk, Russia",earthquake,10.9,1.936,0.086,39,reviewed,us,us
2026-03-08T17:56:12.052Z,51.4318,159.5776,10,4.9,mb,89,134,1.693,0.78,us,us7000s30e,2026-03-23T18:59:36.040Z,"185 km SSE of Vilyuchinsk, Russia",earthquake,8.18,1.896,0.049,128,reviewed,us,us
2026-03-08T17:42:01.802Z,10.202,-86.0271,10,4.5,mb,28,173,0.955,0.63,us,us7000s308,2026-03-23T17:26:44.040Z,"23 km WSW of Tamarindo, Costa Rica",earthquake,8.52,1.952,0.09,36,reviewed,us,us
2026-03-08T17:23:45.254Z,51.471,159.5688,10,5.1,mb,96,134,1.654,0.92,us,us7000s304,2026-03-23T17:20:51.040Z,"180 km SSE of Vilyuchinsk, Russia",earthquake,10.06,1.884,0.043,174,reviewed,us,us
2026-03-08T17:19:14.449Z,51.4036,159.6719,10,5.1,mb,95,122,1.74,0.9,us,us7000s302,2026-03-23T17:13:40.040Z,"190 km SSE of Vilyuchinsk, Russia",earthquake,7.93,1.868,0.052,119,reviewed,us,us
2026-03-08T17:16:00.744Z,51.2077,159.8323,10,4.4,mb,24,168,1.959,0.77,us,us6000sgzw,2026-03-23T15:33:37.040Z,"215 km SSE of Vilyuchinsk, Russia",earthquake,10.1,1.962,0.138,15,reviewed,us,us
2026-03-08T17:08:42.553Z,51.6519,159.3937,16,5.9,mww,115,44,1.447,0.81,us,us7000s2zx,2026-03-23T17:10:35.263Z,"157 km SSE of Vilyuchinsk, Russia",earthquake,8.84,1.795,0.048,41,reviewed,us,us
2026-03-08T16:22:07.084Z,64.875,-149.229,6.3,3.5,ml,98,41,0.3,1.3,ak,aka2026eskmko,2026-03-23T17:49:28.040Z,"30 km N of Four Mile Road, Alaska",earthquake,2.1,1.4962,0.1,67,reviewed,ak,ak
2026-03-08T14:56:43.975Z,-5.4183,151.049,112.362,4.3,mb,24,72,1.649,0.58,us,us6000sgzx,2026-03-23T18:05:48.040Z,"102 km E of Kimbe, Papua New Guinea",earthquake,6.87,7.858,0.126,18,reviewed,us,us
2026-03-08T14:45:09.253Z,51.5723,159.5185,50.453,4.8,mb,75,127,1.548,0.91,us,us7000s2zf,2026-03-23T18:16:41.040Z,"169 km SSE of Vilyuchinsk, Russia",earthquake,6.71,6.759,0.054,105,reviewed,us,us
2026-03-08T13:17:08.341Z,39.4355,143.1655,16,5.7,mww,88,99,2.103,0.55,us,us7000s2z5,2026-03-27T18:46:49.304Z,"104 km E of Yamada, Japan",earthquake,7.5,1.848,0.06,27,reviewed,us,us
2026-03-08T13:08:35.326Z,39.3861,143.186,16,5.4,mww,75,116,2.148,0.98,us,us7000s2z4,2026-03-27T18:54:36.996Z,"106 km E of Yamada, Japan",earthquake,7.8,1.831,0.065,23,reviewed,us,us
2026-03-08T12:47:44.448Z,-5.686,148.4859,152.937,4.3,mb,29,58,3.921,0.33,us,us6000sgzp,2026-03-30T13:55:58.040Z,"119 km NE of Finschhafen, Papua New Guinea",earthquake,9.76,7.448,0.109,24,reviewed,us,us
2026-03-08T12:14:52.889Z,69.526,-143.425,14.9,3.5,ml,74,149,0.1,0.8,ak,aka2026eschkl,2026-03-31T07:56:02.040Z,"68 km S of Kaktovik, Alaska",earthquake,5.4,2.5983,0.2,48,reviewed,ak,ak
2026-03-08T11:36:11.395Z,-30.7771,-178.132,10,4.5,mb,19,142,1.537,0.62,us,us6000sgzn,2026-03-29T12:22:24.040Z,"Kermadec Islands, New Zealand",earthquake,10.82,1.934,0.131,17,reviewed,us,us
2026-03-08T11:24:02.801Z,-54.035,7.688,10,5.3,mb,59,94,23.587,0.48,us,us7000s2yx,2026-03-31T07:40:04.040Z,"Bouvet Island region",earthquake,13.37,1.896,0.075,59,reviewed,us,us
2026-03-08T11:14:40.393Z,-4.343,141.612,10,4.4,mb,23,64,2.03,0.95,us,us6000sgzm,2026-03-29T11:38:22.040Z,"134 km W of Ambunti, Papua New Guinea",earthquake,7.6,1.812,0.127,18,reviewed,us,us
2026-03-08T10:59:16.166Z,-26.2214,179.7133,509.359,4.8,mb,42,113,3.666,0.83,us,us7000s2yv,2026-03-31T07:37:12.040Z,"south of the Fiji Islands",earthquake,13.12,9.819,0.086,42,reviewed,us,us
2026-03-08T10:31:07.640Z,38.795333333333,-122.81616666667,3.74,3.6,mw,126,18,0.0124,0.09,nc,nc75324182,2026-03-31T07:32:14.040Z,"6 km WNW of The Geysers, CA",earthquake,0.07,0.12,,7,reviewed,nc,nc
2026-03-08T10:05:18.282Z,-32.5045,79.9501,10,4.8,mb,61,73,46.829,0.44,us,us7000s2yq,2026-03-31T07:08:56.040Z,"Broken Ridge",earthquake,13.68,1.882,0.077,52,reviewed,us,us
2026-03-08T09:52:49.046Z,51.8918,176.2633,10,3.8,mb,49,199,1.393,0.63,us,us7000s2zr,2026-03-30T12:39:27.040Z,"234 km ESE of Attu Station, Alaska",earthquake,7.15,1.996,0.087,34,reviewed,us,us
2026-03-08T09:46:35.576Z,-17.8023,-179.2278,562.691,4.4,mb,28,104,1.879,0.81,us,us6000sgzq,2026-03-30T11:20:25.040Z,"156 km E of Levuka, Fiji",earthquake,13.12,9.161,0.117,21,reviewed,us,us
2026-03-08T09:28:26.452Z,-16.0113,-173.9045,134,5.9,mww,113,50,2.928,0.86,us,us7000s2yl,2026-03-31T07:30:32.451Z,"13 km WSW of Hihifo, Tonga",earthquake,9.02,1.944,0.048,41,reviewed,us,us
2026-03-08T08:39:36.733Z,-15.0902,-177.3349,402.46,4.3,mb,34,122,3.459,0.79,us,us7000s2yf,2026-03-19T10:43:09.040Z,"120 km SE of Alo, Wallis and Futuna",earthquake,15.16,8.455,0.058,83,reviewed,us,us
2026-03-08T08:10:37.207Z,-13.7842,170.4828,634.61,4.1,mb,23,150,3.579,0.69,us,us6000sgzk,2026-04-01T06:37:12.040Z,"Vanuatu region",earthquake,15.27,9.97,0.135,15,reviewed,us,us
2026-03-08T07:18:34.428Z,-21.939,-176.7039,199.433,5.3,mww,97,70,6.462,0.73,us,us7000s2y6,2026-04-01T06:29:32.040Z,"168 km WSW of Houma, Tonga",earthquake,12.59,6.693,0.098,10,reviewed,us,us
2026-03-08T07:03:24.313Z,5.6062,126.2926,95.459,4,mb,25,126,1.618,0.61,us,us6000sgzl,2026-03-19T07:35:43.040Z,"79 km ESE of Caburan, Philippines",earthquake,9.78,7.518,0.126,17,reviewed,us,us
2026-03-08T06:58:02.831Z,52.0311,176.2788,10,4.2,mb,63,111,1.383,0.71,us,us7000s2zn,2026-03-19T07:19:56.040Z,"229 km ESE of Attu Station, Alaska",earthquake,6.87,1.909,0.065,67,reviewed,us,us
2026-03-08T06:48:48.535Z,-0.2916,133.6643,10,4.7,mb,34,130,2.969,0.66,us,us7000s2y3,2026-03-19T07:04:47.040Z,"77 km NW of Manokwari, Indonesia",earthquake,13.42,1.911,0.095,34,reviewed,us,us
2026-03-08T06:05:06.645Z,2.0078,96.582,10,5.2,mww,69,162,1.214,0.57,us,us7000s2xx,2026-03-19T06:37:32.040Z,"56 km SSE of Sinabang, Indonesia",earthquake,8.47,1.898,0.089,12,reviewed,us,us
2026-03-08T06:03:00.326Z,36.7632,71.2715,230.172,4.5,mb,51,103,1.823,0.58,us,us7000s2xv,2026-03-19T06:19:31.040Z,"25 km WNW of Ashkāsham, Afghanistan",earthquake,9.19,7.434,0.058,87,reviewed,us,us
2026-03-08T05:24:25.948Z,-5.3076,123.2301,10,4,mb,15,128,3.477,0.68,us,us6000sgzh,2026-03-19T06:10:24.040Z,"71 km ENE of Baubau, Indonesia",earthquake,12.03,1.939,0.164,10,reviewed,us,us
2026-03-08T04:03:23.787Z,-3.5959,152.3976,466.504,4.5,mb,50,99,0.636,0.57,us,us7000s2xb,2026-03-18T02:40:18.040Z,"71 km NNE of Rabaul, Papua New Guinea",earthquake,12.59,7.913,0.071,63,reviewed,us,us
2026-03-08T03:36:28.256Z,39.6464,20.5937,10,4.7,mb,46,46,1.488,1.15,us,us7000s2xz,2026-03-18T02:21:18.040Z,"13 km WSW of Rodotópi, Greece",earthquake,5.21,1.823,0.115,23,reviewed,us,us
2026-03-08T03:32:31.239Z,39.7204,20.7101,10,5.5,mww,92,31,1.421,0.62,us,us7000s2x6,2026-03-28T00:12:09.021Z,"1 km NW of Rodotópi, Greece",earthquake,5.27,1.806,0.044,50,reviewed,us,us
2026-03-08T03:22:08.092Z,52.1502,160.7557,10,4.9,mb,37,124,1.554,0.78,us,us7000s2x5,2026-03-18T02:09:18.040Z,"176 km SE of Petropavlovsk-Kamchatsky, Russia",earthquake,10.43,1.897,0.11,31,reviewed,us,us
2026-03-08T03:21:37.090Z,18.0765,-68.4915,71,4.17,md,34,192,0.451,0.46,pr,pr2026067000,2026-03-18T02:05:49.040Z,"35 km SSE of Boca de Yuma, Dominican Republic",earthquake,2.41,2.49,0.23,31,reviewed,pr,pr
2026-03-08T01:24:56.822Z,54.281,-156.806,20,3.6,ml,48,237,2.3,0.8,ak,aka2026ergtqj,2026-04-01T00:10:04.040Z,"234 km SE of Perryville, Alaska",earthquake,5.7,0,0.2,34,reviewed,ak,ak
2026-03-08T01:19:19.833Z,-8.6716,118.3205,137.519,4.3,mb,27,79,0.56,0.98,us,us7000s2wf,2026-03-18T01:41:49.040Z,"21 km SW of Dompu, Indonesia",earthquake,4.06,6.564,0.188,10,reviewed,us,us
2026-03-08T00:57:39.367Z,2.2221,126.586,43.467,4.2,mb,29,120,4.919,0.88,us,us6000sgzb,2026-03-21T00:58:46.040Z,"167 km WNW of Tobelo, Indonesia",earthquake,11.94,8.558,0.118,20,reviewed,us,us
2026-03-08T00:35:54.771Z,52.0032,176.2875,10,3.9,mb,20,192,1.377,1.18,us,us7000s2xs,2026-03-22T02:18:31.040Z,"230 km ESE of Attu Station, Alaska",earthquake,6.78,1.985,0.171,9,reviewed,us,us
2026-03-07T23:47:09.628Z,-55.3236,-35.7176,10,4.6,mb,16,97,1.134,1.04,us,us7000s2w4,2026-03-26T22:14:37.040Z,"South Georgia Island region",earthquake,6.87,1.844,0.141,15,reviewed,us,us
2026-03-07T23:26:20.892Z,-17.6184,-178.3936,597.817,4.2,mb,19,123,2.421,0.53,us,us6000sgyu,2026-03-20T23:45:44.040Z,"247 km ENE of Levuka, Fiji",earthquake,15.18,19.547,0.146,13,reviewed,us,us
2026-03-07T22:55:25.937Z,-28.7534,-71.5429,29.111,4.9,mb,53,143,0.685,1.2,us,us7000s2vw,2026-03-28T03:11:01.040Z,"79 km WSW of Vallenar, Chile",earthquake,5.35,4.811,0.069,65,reviewed,us,us
2026-03-07T22:45:17.443Z,-24.9498,-177.4667,218.4,4.3,mb,14,171,4.298,0.95,us,us6000sgyt,2026-03-23T23:47:20.040Z,"south of the Fiji Islands",earthquake,14.19,10.504,0.168,10,reviewed,us,us
2026-03-07T21:59:41.621Z,-3.5782,122.2593,10,4.3,mb,25,74,2.879,0.67,us,us6000sgys,2026-03-24T00:45:57.040Z,"52 km NNW of Kendari, Indonesia",earthquake,9.06,1.896,0.16,12,reviewed,us,us
2026-03-07T20:34:36.988Z,50.9795,159.3766,10,4.2,mb,14,223,2.096,0.6,us,us6000sgyn,2026-03-30T01:13:00.040Z,"208 km ESE of Ozernovskiy, Russia",earthquake,6.78,1.969,0.176,9,reviewed,us,us
2026-03-07T20:29:26.574Z,73.2476,-70.6024,10,4.7,mb,96,66,2.235,0.81,us,us7000s2vg,2026-03-28T04:39:42.040Z,"248 km E of Pond Inlet, Canada",earthquake,6.43,1.595,0.04,191,reviewed,us,us
2026-03-07T19:54:42.756Z,1.6779,126.4313,10,4.2,mb,17,148,15.162,0.73,us,us6000sgym,2026-03-24T01:44:46.040Z,"144 km NW of Ternate, Indonesia",earthquake,12.57,1.745,0.141,14,reviewed,us,us
2026-03-07T19:03:58.851Z,34.0473,103.3796,10,4.5,mb,49,101,1.922,1.38,us,us7000s2vb,2026-03-28T03:01:51.040Z,"12 km NW of Kaba, China",earthquake,8.49,1.909,0.084,42,reviewed,us,us
2026-03-07T18:24:36.742Z,36.5498,70.1715,208.816,5.1,mww,198,21,2.252,0.63,us,us7000s2v0,2026-04-01T21:48:05.489Z,"28 km E of Farkhār, Afghanistan",earthquake,8.47,13.849,0.078,16,reviewed,us,us
2026-03-07T18:15:38.044Z,-5.5207,-78.8834,65.313,4.8,mb,147,140,2.288,0.55,us,us7000s2uz,2026-04-02T16:24:50.891Z,"10 km NNE of Huabal, Peru",earthquake,8.6,7.229,0.032,304,reviewed,us,us
2026-03-07T18:04:13.567Z,-17.7629,-172.6814,10,5,mb,40,70,2.923,0.91,us,us7000s2ux,2026-04-01T21:42:25.040Z,"169 km NE of Neiafu, Tonga",earthquake,22.52,2.386,0.09,41,reviewed,us,us
2026-03-07T17:42:45.719Z,10.74,-86.3469,46.699,4.4,mb,98,146,1.011,0.75,us,us7000s2uu,2026-04-01T21:41:05.040Z,"73 km NW of Tamarindo, Costa Rica",earthquake,18.36,18.017,0.057,91,reviewed,us,us
2026-03-07T17:16:31.809Z,-19.4788,-177.5182,569.83,4.3,mb,21,147,4.204,0.88,us,us6000sgyp,2026-04-01T21:30:48.040Z,"297 km NW of Houma, Tonga",earthquake,43.88,41.095,0.137,16,reviewed,us,us
2026-03-07T17:13:25.389Z,-31.5638,-66.8764,131.314,5.1,mww,170,43,1.532,0.76,us,us7000s2u7,2026-04-01T21:22:34.045Z,"113 km WNW of Candelaria, Argentina",earthquake,13.39,13.232,0.062,25,reviewed,us,us
2026-03-07T17:02:02.724Z,52.4734,-169.6736,10,3.8,ml,35,175,0.315,1.01,us,us7000s2uy,2026-04-01T21:19:11.040Z,"75 km SW of Nikolski, Alaska",earthquake,2.61,2.318,0.085,18,reviewed,us,us
2026-03-07T16:58:43.338Z,-2.9319,101.7136,84.417,5.2,mww,223,42,1.884,0.8,us,us7000s2u5,2026-04-01T21:16:19.040Z,"103 km SSE of Sungai Penuh, Indonesia",earthquake,10.71,18.309,0.086,13,reviewed,us,us
2026-03-07T16:36:10.814Z,-5.632,-79.1472,43.216,4.7,mb,80,140,2.264,0.6,us,us7000s2u0,2026-04-01T20:49:10.545Z,"18 km E of Sallique, Peru",earthquake,16.36,11.517,0.041,186,reviewed,us,us
2026-03-07T16:05:01.893Z,34.5146,26.9018,10,4.2,mb,27,172,1.052,1.09,us,us6000sgyr,2026-04-01T20:41:34.040Z,"96 km SE of Palekastro, Greece",earthquake,18.37,2.306,0.186,8,reviewed,us,us
2026-03-07T16:04:56.130Z,13.8639,120.7143,177.38,5,mww,171,47,8.273,0.74,us,us7000s2tu,2026-04-01T20:28:51.633Z,"2 km NNE of Hukay, Philippines",earthquake,9.6,21.167,0.061,26,reviewed,us,us
2026-03-07T15:53:48.452Z,12.8381,124.2825,100.064,5.1,mww,100,92,5.872,0.66,us,us7000s311,2026-04-01T19:24:26.294Z,"15 km ESE of Barcelona, Philippines",earthquake,13.64,24.381,0.103,9,reviewed,us,us
2026-03-07T15:00:49.761Z,10.8654,-86.4058,10,4.3,mb,75,196,1.061,0.5,us,us6000sgyh,2026-04-01T19:06:44.040Z,"72 km SW of San Juan del Sur, Nicaragua",earthquake,19.87,2.537,0.068,63,reviewed,us,us
2026-03-07T13:50:01.080Z,18.2408,-68.0733,86,3.6,md,26,189,0.4117,0.33,pr,pr2026066000,2026-03-27T20:17:48.040Z,"51 km SE of Punta Cana, Dominican Republic",earthquake,2,1.35,0.08,19,reviewed,pr,pr
2026-03-07T13:10:49.387Z,52.1464,176.3844,10,3.9,mb,25,181,1.327,0.63,us,us7000s2sg,2026-03-27T20:21:56.040Z,"230 km ESE of Attu Station, Alaska",earthquake,8.19,1.981,0.162,11,reviewed,us,us
2026-03-07T13:01:45.158Z,-34.065,179.5661,194.024,4.4,mb,21,219,3.637,0.96,us,us6000sgyd,2026-03-27T20:27:26.040Z,"south of the Kermadec Islands",earthquake,11.62,13.58,0.13,18,reviewed,us,us
2026-03-07T12:28:27.026Z,52.5098,160.8403,10,4.2,mb,47,121,1.427,0.54,us,us6000sgyk,2026-03-18T12:59:36.040Z,"161 km ESE of Petropavlovsk-Kamchatsky, Russia",earthquake,9.28,1.9,0.092,33,reviewed,us,us
2026-03-07T11:57:30.033Z,1.2536,125.9179,58.057,4.6,mb,53,96,7.565,1.15,us,us7000s2ru,2026-03-19T05:22:34.040Z,"90 km ESE of Bitung, Indonesia",earthquake,11.21,8.049,0.077,50,reviewed,us,us
2026-03-07T11:10:23.651Z,10.2253,-86.0041,10,4.6,mb,38,210,0.922,1,us,us7000s2rp,2026-04-01T05:59:50.040Z,"19 km WSW of Tamarindo, Costa Rica",earthquake,7.78,1.941,0.052,108,reviewed,us,us
2026-03-07T10:53:51.577Z,-20.0729,-173.4964,10,4.4,mb,16,148,3.508,0.32,us,us6000sgyj,2026-04-01T05:35:34.040Z,"93 km ESE of Fangale’ounga, Tonga",earthquake,9.81,1.905,0.134,16,reviewed,us,us
2026-03-07T10:34:38.817Z,10.9986,-86.2869,35,4.3,mb,39,196,0.953,0.85,us,us6000sgy8,2026-03-18T12:09:53.040Z,"53 km WSW of San Juan del Sur, Nicaragua",earthquake,9.4,1.995,0.074,51,reviewed,us,us
2026-03-07T09:38:36.150Z,52.2731,176.4552,10,3.8,ml,8,172,1.343,0.68,us,us6000sgy5,2026-04-01T05:20:39.040Z,"230 km ESE of Attu Station, Alaska",earthquake,8.28,1.981,0.097,14,reviewed,us,us
2026-03-07T09:37:28.513Z,50.9695,158.5329,35,4.1,mb,27,137,2.058,0.82,us,us6000sgya,2026-04-01T05:11:58.040Z,"153 km ESE of Ozernovskiy, Russia",earthquake,9.88,1.959,0.117,20,reviewed,us,us
2026-03-07T08:41:58.538Z,52.3786,160.5395,27.132,4.6,mb,66,187,1.319,1.16,us,us7000s2r5,2026-03-22T06:57:50.040Z,"150 km ESE of Petropavlovsk-Kamchatsky, Russia",earthquake,13.9,7.511,0.066,68,reviewed,us,us
2026-03-07T08:41:09.892Z,51.3849,160.6911,10,4.1,mb,17,160,2.066,0.86,us,us6000sgye,2026-03-22T07:20:45.040Z,"232 km SE of Vilyuchinsk, Russia",earthquake,8.23,1.968,0.174,9,reviewed,us,us
2026-03-07T08:12:42.709Z,31.677,-104.367,6.0999,3.6,ml,53,65,0.1,0.2,tx,tx2026epynth,2026-03-22T06:31:43.597Z,"55 km S of Whites City, New Mexico",earthquake,0.53859992509023,0.52561980547983,0.1,29,reviewed,tx,tx
2026-03-07T07:40:42.413Z,14.141,-90.2935,10,4.1,mb,33,173,0.552,1,us,us7000s2qy,2026-03-22T06:18:33.886Z,"5 km SSW of Santa María Ixhuatán, Guatemala",earthquake,8.11,1.943,0.089,35,reviewed,us,us
2026-03-07T07:36:15.372Z,51.6881,159.4263,37.631,4.6,mb,93,134,1.42,0.91,us,us7000s2qx,2026-03-22T06:08:12.040Z,"154 km SSE of Vilyuchinsk, Russia",earthquake,11.48,7.295,0.058,89,reviewed,us,us
2026-03-07T07:11:26.002Z,31.676,-104.367,6.0999,3.9,ml,62,65,0.1,0.2,tx,tx2026epwmrs,2026-03-22T09:35:53.922Z,"55 km S of Whites City, New Mexico",earthquake,0.55768784583271,0.48154617260757,0.1,35,reviewed,tx,tx
2026-03-07T07:08:07.283Z,6.0763,126.0335,145.272,4.3,mb,19,126,1.085,0.69,us,us6000sgyb,2026-03-22T05:47:27.040Z,"35 km SSW of Pondaguitan, Philippines",earthquake,14.81,9.441,0.137,15,reviewed,us,us
2026-03-07T06:19:33.178Z,51.7583,159.6654,38.464,4.4,mb,20,134,1.412,0.62,us,us6000sgy1,2026-03-22T05:36:23.040Z,"156 km SSE of Vilyuchinsk, Russia",earthquake,11.77,8.141,0.178,9,reviewed,us,us
2026-03-07T05:57:58.593Z,7.1582,126.7108,80.703,4.7,mb,90,73,1.126,0.55,us,us7000s2ql,2026-03-22T05:30:49.040Z,"19 km ESE of Manay, Philippines",earthquake,9.36,7.552,0.062,79,reviewed,us,us
2026-03-07T04:13:05.812Z,51.4575,159.4905,35,4.2,mb,16,219,1.651,0.71,us,us6000sgxz,2026-03-18T01:34:16.040Z,"179 km SSE of Vilyuchinsk, Russia",earthquake,9.1,1.928,0.2,8,reviewed,us,us
2026-03-07T03:41:44.137Z,23.0096,-45.0053,10,4.5,mb,50,122,35.72,0.47,us,us7000s2q5,2026-03-18T01:24:07.040Z,"northern Mid-Atlantic Ridge",earthquake,14.06,1.909,0.078,48,reviewed,us,us
2026-03-07T03:28:56.815Z,36.2279,71.0342,97.095,4.2,mb,39,101,2.381,0.81,us,us7000s2q1,2026-03-18T01:21:54.040Z,"67 km SW of Ashkāsham, Afghanistan",earthquake,10.07,8.215,0.103,26,reviewed,us,us
2026-03-07T03:18:12.557Z,27.0869,55.6529,10,4.1,mb,42,122,2.19,0.78,us,us7000s2q0,2026-03-18T01:19:44.040Z,"63 km WNW of Qeshm, Iran",earthquake,8.08,1.905,0.091,33,reviewed,us,us
2026-03-07T02:37:43.886Z,-6.6014,129.0415,194.789,4.4,mb,14,125,4.857,0.63,us,us6000sgyy,2026-03-18T01:15:00.040Z,"Banda Sea",earthquake,14.18,7.474,0.202,8,reviewed,us,us
2026-03-07T01:15:10.985Z,-18.3438,167.4358,10,4.5,mb,13,91,2.889,1.09,us,us6000sgy0,2026-03-18T00:53:23.040Z,"114 km SW of Port-Vila, Vanuatu",earthquake,8.88,1.941,0.204,8,reviewed,us,us
2026-03-07T00:44:53.590Z,-15.9783,-172.8541,10,5.1,mb,35,65,2.304,0.73,us,us7000s2pg,2026-03-27T22:09:41.040Z,"100 km E of Hihifo, Tonga",earthquake,4.82,1.784,0.056,103,reviewed,us,us
2026-03-06T22:39:19.557Z,25.2144,125.068,10,4.8,mww,87,66,1.125,0.89,us,us7000s2nv,2026-03-27T21:45:25.040Z,"51 km NNW of Hirara, Japan",earthquake,6.39,1.865,0.075,17,reviewed,us,us
2026-03-06T22:26:18.197Z,-3.852,150.1349,10,4.8,mb,25,82,2.052,0.77,us,us7000s2ns,2026-03-27T21:40:00.040Z,"159 km SSW of Kavieng, Papua New Guinea",earthquake,12.69,1.907,0.109,26,reviewed,us,us
2026-03-06T22:00:46.820Z,-3.8754,150.1483,10,4.3,mb,15,118,2.035,0.43,us,us6000sgxs,2026-03-23T04:07:13.040Z,"160 km SSW of Kavieng, Papua New Guinea",earthquake,7.65,1.931,0.16,11,reviewed,us,us
2026-03-06T21:44:46.840Z,43.761,86.4216,10,5.2,mb,102,33,4.207,0.77,us,us7000s2nf,2026-03-27T21:33:23.040Z,"67 km SSE of Shihezi, China",earthquake,5.1,1.808,0.042,189,reviewed,us,us
2026-03-06T21:08:19.781Z,52.2174,176.4498,11.174,5.7,mww,134,39,1.298,0.76,us,us7000s2n6,2026-03-27T04:26:59.359Z,"232 km ESE of Attu Station, Alaska",earthquake,4.57,3.317,0.034,84,reviewed,us,us
2026-03-06T20:51:28.592Z,-9.3242,120.1025,40.523,4.9,mb,40,61,2.35,0.6,us,us7000s2n1,2026-04-01T18:41:05.040Z,"40 km NNW of Waingapu, Indonesia",earthquake,17.77,11.314,0.088,41,reviewed,us,us
2026-03-06T20:35:42.199Z,38.8642,142.2842,56.301,4.4,mb,61,124,2.14,0.8,us,us6000sgxr,2026-04-01T18:37:05.040Z,"54 km ESE of Ōfunato, Japan",earthquake,15.79,21.198,0.082,43,reviewed,us,us
2026-03-06T20:31:52.022Z,38.7628,142.36,54.573,4.8,mww,219,75,2.257,0.53,us,us7000s2mt,2026-04-01T18:13:47.040Z,"65 km ESE of Ōfunato, Japan",earthquake,11.45,12.566,0.093,11,reviewed,us,us
2026-03-06T20:25:22.801Z,-18.4496,-173.7115,10,4.3,mb,11,119,3.639,0.32,us,us6000sgxq,2026-04-01T17:23:24.040Z,"36 km NE of Neiafu, Tonga",earthquake,21.2,2.154,0.168,11,reviewed,us,us
2026-03-06T20:16:41.488Z,-56.1445,-28.8716,235.514,4.5,mb,151,47,4.743,0.64,us,us7000s2ms,2026-04-01T16:56:55.040Z,"South Sandwich Islands region",earthquake,11.66,30.956,0.06,85,reviewed,us,us
2026-03-06T20:15:09.821Z,-7.1405,133.5237,10,4.5,mb,21,129,4.381,0.71,us,us7000s2mp,2026-04-01T16:55:01.040Z,"187 km SSE of Tual, Indonesia",earthquake,27.09,2.284,0.135,16,reviewed,us,us
2026-03-06T19:44:41.928Z,-5.8179,147.0274,179.749,4.4,mb,10,157,3.566,0.54,us,us6000sgxn,2026-04-01T16:52:22.040Z,"100 km N of Lae, Papua New Guinea",earthquake,52.41,41.681,0.189,8,reviewed,us,us
2026-03-06T19:22:48.424Z,13.0157,143.5206,197.33,4.4,mb,38,85,1.431,0.71,us,us6000sgxm,2026-04-01T16:40:55.040Z,"127 km WSW of Merizo Village, Guam",earthquake,25.09,19.674,0.102,28,reviewed,us,us
2026-03-06T19:03:49.527Z,-10.8979,162.2435,44.865,4.4,mb,14,191,2.685,0.67,us,us6000sgxv,2026-04-01T16:16:00.040Z,"60 km SE of Kirakira, Solomon Islands",earthquake,12.96,16.024,0.178,11,reviewed,us,us
2026-03-06T19:03:25.980Z,-6.0552,154.798,159.894,4.8,mb,44,118,3.211,0.7,us,us6000sgxl,2026-04-01T16:08:11.040Z,"81 km WNW of Panguna, Papua New Guinea",earthquake,7.29,13.301,0.087,41,reviewed,us,us
2026-03-06T19:00:05.653Z,-10.996,162.123,42.696,4.5,mb,25,111,2.642,0.63,us,us6000sgxt,2026-04-01T15:37:28.040Z,"63 km SSE of Kirakira, Solomon Islands",earthquake,9.99,7.967,0.125,21,reviewed,us,us
2026-03-06T18:32:26.274Z,52.155,176.3467,11.516,4.4,mwr,80,160,1.351,0.75,us,us7000s2pb,2026-03-31T22:07:11.040Z,"227 km ESE of Attu Station, Alaska",earthquake,6.78,5.447,0.103,9,reviewed,us,us
2026-03-06T17:55:53.067Z,1.6539,128.6002,10,5.3,mb,186,23,5.825,0.67,us,us7000s2m9,2026-03-31T22:04:55.040Z,"66 km E of Tobelo, Indonesia",earthquake,7.8,1.744,0.041,196,reviewed,us,us
2026-03-06T17:53:05.930Z,30.6134,51.546,10,4,mb,40,146,6.992,0.76,us,us7000s2ma,2026-03-31T22:02:55.040Z,"7 km SSW of Yasuj, Iran",earthquake,9.97,1.633,0.098,30,reviewed,us,us
2026-03-06T17:12:57.637Z,34.7774,-5.528,3.879,4,mb,20,143,2.009,0.63,us,us6000sgxu,2026-03-31T22:00:08.040Z,"5 km ESE of Ouezzane, Morocco",earthquake,9.42,5.517,0.172,10,reviewed,us,us
2026-03-06T17:03:39.309Z,36.0638,22.4126,49.761,4,mb,26,177,1.18,0.69,us,us6000sgxh,2026-03-31T21:48:07.040Z,"52 km W of Kýthira, Greece",earthquake,7.77,10.538,0.143,16,reviewed,us,us
2026-03-06T16:29:11.147Z,-23.3308,-68.6095,99.741,4.1,mb,30,56,0.547,0.73,us,us7000s2k6,2026-03-27T20:32:31.040Z,"62 km SW of San Pedro de Atacama, Chile",earthquake,7.06,8.102,0.158,11,reviewed,us,us
2026-03-06T16:09:04.978Z,-2.0853,137.9473,24.809,4.1,mb,17,133,2.786,0.92,us,us6000sgxf,2026-03-27T20:42:39.040Z,"230 km ESE of Biak, Indonesia",earthquake,9.28,5.721,0.157,11,reviewed,us,us
2026-03-06T15:31:01.739Z,60.202,-150.733,51.5,4,ml,178,75,0.4,0.9,ak,aka2026eorilw,2026-03-27T20:52:35.723Z,"33 km S of Funny River, Alaska",earthquake,1.8,2.25,0.2,115,reviewed,ak,ak
2026-03-06T15:27:47.968Z,-2.9214,130.2375,10,5,mb,46,62,1.625,0.75,us,us7000s2ip,2026-03-27T20:57:08.040Z,"147 km ENE of Masohi, Indonesia",earthquake,3.84,1.832,0.076,55,reviewed,us,us
2026-03-06T15:26:27.653Z,-2.8815,130.3918,10,4.2,mb,13,109,1.701,0.66,us,us6000sgxd,2026-03-28T14:54:05.040Z,"164 km ENE of Masohi, Indonesia",earthquake,12.9,1.944,0.141,15,reviewed,us,us
2026-03-06T15:17:47.953Z,-29.9481,-177.9293,54.303,5.3,mb,43,46,0.701,0.69,us,us7000s2ih,2026-03-28T15:09:46.040Z,"Kermadec Islands, New Zealand",earthquake,10.14,5.815,0.07,68,reviewed,us,us
2026-03-06T15:14:22.830Z,24.2365,120.5454,10,3.9,mb,16,101,0.583,0.54,us,us7000s2qn,2026-03-10T06:20:40.426Z,"17 km NW of Taichung, Taiwan",earthquake,2.23,1.933,0.257,4,reviewed,us,us
2026-03-06T14:50:30.430Z,-17.5059,66.883,10,4.4,mb,19,62,4.012,0.51,us,us6000sgxp,2026-03-29T11:13:27.040Z,"Mauritius - Reunion region",earthquake,12.29,1.898,0.149,13,reviewed,us,us
2026-03-06T14:27:48.050Z,-11.47,163.0974,10,6.2,mww,99,25,3.698,0.65,us,us7000s2i2,2026-03-30T14:37:36.807Z,"170 km SE of Kirakira, Solomon Islands",earthquake,7.95,1.842,0.044,49,reviewed,us,us
2026-03-06T13:41:13.686Z,3.4358,126.1459,90.41,4.2,mb,22,119,14.765,0.43,us,us6000sgxj,2026-03-29T10:48:47.040Z,"230 km SSE of Sarangani, Philippines",earthquake,10.12,9.262,0.124,18,reviewed,us,us
2026-03-06T13:24:46.246Z,-59.3852,-62.9872,10,4.5,mb,21,158,5.432,0.81,us,us7000s2m7,2026-03-30T14:29:06.040Z,"Drake Passage",earthquake,8.21,1.736,0.128,18,reviewed,us,us
2026-03-06T13:22:01.963Z,39.8009,17.029,8.44,4.2,mwr,61,100,0.883,0.85,us,us7000s2ht,2026-03-30T14:07:48.040Z,"31 km NE of Mirto, Italy",earthquake,5.03,4.682,0.075,17,reviewed,us,us
2026-03-06T12:06:16.643Z,-18.103,-178.7524,577.458,4.2,mb,24,145,2.414,0.78,us,us6000sgxa,2026-03-29T09:14:26.040Z,"204 km E of Levuka, Fiji",earthquake,11.57,10.318,0.115,21,reviewed,us,us
2026-03-06T11:52:47.480Z,-15.2251,66.9505,10,5.2,mww,73,47,5.654,0.39,us,us7000s2hh,2026-03-30T14:01:11.040Z,"Mid-Indian Ridge",earthquake,10.75,1.86,0.068,21,reviewed,us,us
2026-03-06T11:03:50.886Z,-11.41,166.267,78.48,4.2,mb,22,143,4.115,0.66,us,us6000sgxg,2026-03-29T09:28:41.040Z,"91 km SE of Lata, Solomon Islands",earthquake,14.81,8.715,0.128,17,reviewed,us,us
2026-03-06T10:49:20.024Z,29.2218,139.2557,448.938,4.3,mb,124,90,6.394,0.6,us,us7000s2hc,2026-04-03T10:12:10.040Z,"Izu Islands, Japan region",earthquake,10.63,7.397,0.037,208,reviewed,us,us
2026-03-06T10:38:21.788Z,-22.2874,-178.1426,378.748,4.8,mb,123,94,5.763,0.55,us,us7000s2h9,2026-04-03T10:18:47.040Z,"south of the Fiji Islands",earthquake,12.13,7.029,0.044,159,reviewed,us,us
2026-03-06T10:30:41.232Z,52.2226,176.364,10,4.1,mb,67,158,1.351,0.6,us,us7000s2m8,2026-04-03T10:30:49.040Z,"226 km ESE of Attu Station, Alaska",earthquake,6.89,1.898,0.084,38,reviewed,us,us
2026-03-06T10:03:11.658Z,-5.3556,129.815,219.449,4.6,mb,75,30,0.832,0.53,us,us7000s2h4,2026-04-03T10:17:48.040Z,"244 km SSE of Amahai, Indonesia",earthquake,8.33,5.921,0.07,60,reviewed,us,us
2026-03-06T09:56:15.497Z,19.7531,-74.4236,10,5,mww,147,60,0.458,0.39,us,us7000s2h2,2026-04-03T10:30:39.524Z,"61 km SSW of Maisí, Cuba",earthquake,4.73,1.004,0.062,25,reviewed,us,us
2026-03-06T09:49:42.187Z,82.9887,116.123,10,4.2,mb,56,46,11.697,0.52,us,us6000sgx7,2026-04-03T13:52:11.040Z,"north of Severnaya Zemlya",earthquake,10.02,1.898,0.087,37,reviewed,us,us
2026-03-06T09:30:30.377Z,34.8103,29.0583,35,4.2,mb,44,62,1.595,0.55,us,us7000s2gw,2026-04-03T06:13:14.040Z,"163 km SSW of Kaş, Turkey",earthquake,4.54,1.696,0.1,28,reviewed,us,us
2026-03-06T09:00:12.114Z,-31.7567,-177.305,10,4.7,mb,23,83,2.561,0.35,us,us6000sgx5,2026-04-03T12:51:10.040Z,"Kermadec Islands region",earthquake,6.95,2.282,0.123,20,reviewed,us,us
2026-03-06T08:53:36.243Z,34.8896,28.9871,37.976,4.2,mb,27,95,1.498,0.6,us,us7000s2gs,2026-03-18T08:36:31.040Z,"157 km SSW of Kaş, Turkey",earthquake,6.27,8.459,0.125,18,reviewed,us,us
2026-03-06T08:27:08.036Z,-63.6508,-167.2145,10,4.5,mb,10,161,16.352,0.64,us,us6000sgxb,2026-03-19T09:55:33.040Z,"Pacific-Antarctic Ridge",earthquake,8.6,1.967,0.205,7,reviewed,us,us
2026-03-06T07:13:31.117Z,-32.9607,-178.173,10,4.2,mb,18,252,5.419,0.33,us,us6000sgx4,2026-03-18T08:21:02.040Z,"south of the Kermadec Islands",earthquake,10.38,2.011,0.159,11,reviewed,us,us
2026-03-06T06:35:21.977Z,-33.1312,-178.6431,10,4.4,mb,15,250,5.075,0.43,us,us6000sgx3,2026-03-18T08:01:37.040Z,"south of the Kermadec Islands",earthquake,14.42,2.004,0.179,9,reviewed,us,us
2026-03-06T06:06:34.971Z,27.3942,52.5004,10,4.3,mb,25,134,4.126,1.15,us,us6000sgx1,2026-03-18T07:48:24.040Z,"41 km WSW of Mohr, Iran",earthquake,14.4,1.941,0.125,18,reviewed,us,us
2026-03-06T05:50:09.773Z,-32.7606,-178.3693,10,4.8,mb,28,88,3.525,0.75,us,us6000sgx0,2026-03-18T07:27:32.040Z,"south of the Kermadec Islands",earthquake,10.2,1.63,0.125,20,reviewed,us,us
2026-03-06T05:35:22.694Z,34.7919,29.0792,26.793,4.7,mww,75,46,1.62,0.93,us,us7000s2gb,2026-03-18T07:16:04.040Z,"164 km SSW of Kaş, Turkey",earthquake,6.4,5.493,0.069,20,reviewed,us,us
2026-03-06T05:33:21.491Z,34.8837,28.9501,31.156,4.1,mb,25,90,1.489,0.89,us,us7000s2ga,2026-03-18T07:10:07.040Z,"158 km SSE of Lárdos, Greece",earthquake,6.07,6.179,0.145,13,reviewed,us,us
2026-03-06T05:21:33.131Z,52.0275,176.3653,10,4.7,mb,60,161,1.329,0.53,us,us7000s2g6,2026-03-18T07:03:12.040Z,"234 km ESE of Attu Station, Alaska",earthquake,6.61,1.905,0.051,116,reviewed,us,us
2026-03-06T05:00:36.057Z,51.5741,159.8864,10,5.1,mb,90,127,1.638,0.68,us,us7000s2g3,2026-03-23T00:12:07.422Z,"181 km SSE of Vilyuchinsk, Russia",earthquake,8.36,1.872,0.056,103,reviewed,us,us
2026-03-06T04:29:08.553Z,43.4222,39.4829,10,4.4,mb,37,47,1.946,1.38,us,us7000s2fv,2026-03-18T00:17:46.040Z,"27 km SW of Sochi, Russia",earthquake,7.11,1.937,0.097,31,reviewed,us,us
2026-03-06T04:24:24.925Z,-21.7262,-179.4067,604.06,4.4,mb,22,171,4.627,0.69,us,us6000sgwx,2026-03-18T00:11:19.040Z,"Fiji region",earthquake,19.07,11.278,0.139,17,reviewed,us,us
2026-03-06T02:52:57.874Z,51.7434,176.1818,10,3.9,mb,23,209,1.459,1.03,us,us7000s2td,2026-03-31T23:29:35.040Z,"238 km ESE of Attu Station, Alaska",earthquake,7.12,1.969,0.209,6,reviewed,us,us
2026-03-06T02:00:12.790Z,-20.8064,-69.0178,104.346,4.8,mb,52,55,0.498,0.87,us,us7000s2fe,2026-03-17T23:50:54.259Z,"84 km SE of La Tirana, Chile",earthquake,4.28,4.142,0.045,149,reviewed,us,us
2026-03-06T01:40:24.501Z,-4.6128,-76.8109,114.512,4.6,mb,40,130,3.242,0.64,us,us7000s2fd,2026-03-17T23:47:56.040Z,"28 km NNW of Barranca, Peru",earthquake,5.47,7.579,0.061,79,reviewed,us,us
2026-03-06T00:07:15.716Z,-15.5082,-179.699,9.108,4.7,mb,17,127,1.315,1.16,us,us6000sgwy,2026-03-30T01:33:17.040Z,"143 km NE of Labasa, Fiji",earthquake,15.05,4.918,0.112,25,reviewed,us,us
2026-03-05T23:25:22.922Z,9.1842,126.045,103.984,4.4,mb,46,112,2.151,0.84,us,us7000s2dy,2026-03-28T04:17:18.040Z,"5 km SSE of Carmen, Philippines",earthquake,13.32,7.69,0.083,42,reviewed,us,us
2026-03-05T22:53:47.669Z,25.0011,125.4165,10,4.7,mb,39,70,1.241,1.04,us,us7000s2dp,2026-03-24T04:41:59.040Z,"24 km NNE of Hirara, Japan",earthquake,6.48,1.882,0.12,22,reviewed,us,us
2026-03-05T21:56:31.695Z,-21.9391,-179.567,607.803,4.8,mb,57,123,4.736,0.5,us,us7000s2db,2026-03-24T03:25:59.040Z,"Fiji region",earthquake,15.5,7.737,0.066,72,reviewed,us,us
2026-03-05T21:20:54.887Z,-15.17,-178.2464,394.886,4.4,mb,49,167,2.636,1.13,us,us7000s2cz,2026-03-24T03:07:06.040Z,"96 km S of Alo, Wallis and Futuna",earthquake,14.56,7.236,0.073,54,reviewed,us,us
2026-03-05T19:25:07.317Z,52.106,-168.9557,17,5.5,mww,124,111,0.828,1.04,us,us7000s2bn,2026-04-02T19:35:14.664Z,"92 km S of Nikolski, Alaska",earthquake,5.01,1.889,0.037,70,reviewed,us,us
2026-03-05T18:09:56.574Z,37.6316,71.8573,10,4.4,mb,43,85,0.842,0.31,us,us7000s2bd,2026-03-23T16:50:38.424Z,"31 km ENE of Khorugh, Tajikistan",earthquake,6.13,1.908,0.087,38,reviewed,us,us
2026-03-05T16:37:42.486Z,25.1257,125.0646,50.678,4.8,mb,41,104,1.059,0.88,us,us7000s29k,2026-03-28T20:47:00.040Z,"42 km NW of Hirara, Japan",earthquake,8.08,8.325,0.065,76,reviewed,us,us
2026-03-05T16:26:57.974Z,-6.1092,151.0109,10,4.9,mb,36,79,2.225,0.63,us,us7000s29i,2026-03-29T13:11:44.040Z,"114 km ESE of Kimbe, Papua New Guinea",earthquake,9.17,1.852,0.065,80,reviewed,us,us
2026-03-05T15:59:37.179Z,49.2795,158.1681,47.978,4.1,mb,22,136,3.845,0.68,us,us6000sgwf,2026-03-29T13:21:16.040Z,"213 km SE of Severo-Kuril’sk, Russia",earthquake,12.54,8.076,0.14,14,reviewed,us,us
2026-03-05T15:57:54.009Z,51.997,176.3569,35,4.1,mb,26,191,1.334,0.61,us,us7000s2b7,2026-03-29T13:25:47.040Z,"235 km ESE of Attu Station, Alaska",earthquake,5.7,1.993,0.101,27,reviewed,us,us
2026-03-05T15:49:12.269Z,23.0394,144.27,21.822,4.9,mb,54,95,14.447,0.69,us,us7000s287,2026-03-29T13:33:05.040Z,"Volcano Islands, Japan region",earthquake,12.5,5.456,0.05,125,reviewed,us,us
2026-03-05T15:09:16.787Z,-17.9787,-178.8999,527.963,4.2,mb,28,163,2.227,0.87,us,us6000sgwe,2026-03-29T13:39:52.040Z,"189 km E of Levuka, Fiji",earthquake,14.25,7.7,0.113,22,reviewed,us,us
2026-03-05T14:02:38.096Z,52.0581,176.3275,35,4.2,mb,17,188,1.354,0.87,us,us7000s2b5,2026-03-29T13:53:20.040Z,"230 km ESE of Attu Station, Alaska",earthquake,5.64,1.985,0.125,20,reviewed,us,us
2026-03-05T13:48:46.548Z,21.879,93.9051,66.901,4.6,mb,48,93,1.156,0.6,us,us7000s27v,2026-03-29T13:56:53.040Z,"90 km SSE of Hakha, Burma (Myanmar)",earthquake,10.74,7.83,0.085,41,reviewed,us,us
2026-03-05T12:59:19.457Z,50.9138,-179.9704,10,4.4,mb,105,173,0.653,1.17,us,us7000s27s,2026-04-01T06:51:16.040Z,"255 km WSW of Adak, Alaska",earthquake,4.55,1.854,0.048,126,reviewed,us,us
2026-03-05T12:36:32.582Z,63.341,-151.315,10,3.7,ml,176,14,0.3,1.1,ak,aka2026empvji,2026-03-27T13:03:59.040Z,"30 km SE of Denali National Park, Alaska",earthquake,1.6,0,0.1,123,reviewed,ak,ak
2026-03-05T12:18:27.012Z,51.6816,176.1448,10,4.1,mb,25,186,1.493,0.73,us,us7000s2ea,2026-03-16T06:57:42.040Z,"239 km SE of Attu Station, Alaska",earthquake,6.39,1.991,0.174,9,reviewed,us,us
2026-03-05T11:35:42.324Z,-7.5968,106.102,28.416,4.4,mb,27,127,1.541,1.23,us,us6000sgwc,2026-04-01T12:06:02.040Z,"83 km SW of Pelabuhanratu, Indonesia",earthquake,6.75,6.413,0.155,13,reviewed,us,us
2026-03-05T11:30:08.102Z,32.0614,-93.4128,2.48,4.9,mwr,144,53,0.725,0.63,us,us7000s27e,2026-04-02T11:40:18.440Z,"2026 Red River Parish, Louisiana Earthquake",earthquake,2.69,4.425,0.044,50,reviewed,us,us
2026-03-05T10:54:23.238Z,-4.3477,-105.4983,10,4.9,mb,56,160,15.626,0.86,us,us7000s279,2026-03-31T07:23:16.040Z,"central East Pacific Rise",earthquake,14.08,1.932,0.043,173,reviewed,us,us
2026-03-05T10:48:20.829Z,25.1989,124.9998,10,5.2,mb,92,55,1.072,0.88,us,us7000s278,2026-03-30T06:47:24.040Z,"53 km NW of Hirara, Japan",earthquake,6.1,1.812,0.046,154,reviewed,us,us
2026-03-05T08:32:09.062Z,51.9284,176.5495,10,4.3,mb,143,148,1.215,0.72,us,us7000s26u,2026-03-22T05:19:07.040Z,"250 km ESE of Attu Station, Alaska",earthquake,6.48,1.924,0.052,105,reviewed,us,us
2026-03-05T06:40:52.132Z,51.9617,176.2856,10,4,mb,23,194,1.414,0.44,us,us6000sgw7,2026-03-21T09:55:01.040Z,"232 km ESE of Attu Station, Alaska",earthquake,9.01,2.011,0.138,14,reviewed,us,us
2026-03-05T05:21:53.362Z,7.13,-82.3532,10,5.2,mww,307,133,2.295,0.86,us,us7000s268,2026-03-21T09:47:24.040Z,"115 km SSE of Burica, Panama",earthquake,7.44,1.872,0.073,18,reviewed,us,us
2026-03-05T04:01:34.485Z,51.846,176.2921,46.284,3.8,mb,36,201,1.379,0.97,us,us7000s29a,2026-03-26T21:49:36.040Z,"239 km ESE of Attu Station, Alaska",earthquake,6.24,12.31,0.109,22,reviewed,us,us
2026-03-05T02:59:15.110Z,-49.2116,106.1518,10,4.2,mb,11,197,21.491,0.69,us,us6000sgw8,2026-03-20T23:41:38.040Z,"southeast Indian Ridge",earthquake,17.59,1.986,0.167,10,reviewed,us,us
2026-03-05T02:04:10.436Z,-23.8248,179.3447,533.812,4.2,mb,22,113,6.169,1.34,us,us6000sgw6,2026-03-20T23:32:05.040Z,"south of the Fiji Islands",earthquake,14.84,10.604,0.159,11,reviewed,us,us
2026-03-05T01:59:39.492Z,52.0516,176.3047,4.295,4.1,mb,42,184,1.368,0.85,us,us7000s2bz,2026-03-26T21:35:30.040Z,"229 km ESE of Attu Station, Alaska",earthquake,5.03,6.942,0.098,28,reviewed,us,us
2026-03-05T01:43:29.676Z,-6.7733,125.1587,526.409,4.5,mb,60,41,3.091,0.72,us,us7000s25r,2026-03-22T04:01:23.040Z,"201 km N of Likisá, Timor Leste",earthquake,10.71,4.536,0.077,50,reviewed,us,us
2026-03-05T01:42:27.145Z,-23.8582,-179.8474,526.886,4.3,mb,25,167,6.392,0.39,us,us7000s25p,2026-03-22T03:45:39.040Z,"south of the Fiji Islands",earthquake,17.76,12.3,0.113,22,reviewed,us,us
2026-03-05T01:41:31.072Z,52.0848,176.1984,40.087,4,mb,30,163,1.439,0.88,us,us6000sgw5,2026-03-20T23:28:27.040Z,"221 km ESE of Attu Station, Alaska",earthquake,9.41,11.287,0.11,22,reviewed,us,us
2026-03-05T01:34:26.368Z,-2.8454,138.7703,31.938,4.2,mb,15,100,1.958,0.92,us,us6000sgw4,2026-03-20T21:52:59.040Z,"208 km W of Abepura, Indonesia",earthquake,11.2,2.037,0.141,14,reviewed,us,us
2026-03-05T01:09:48.225Z,-6.1501,102.1733,10,4.6,mb,18,89,1.941,1,us,us6000sgw3,2026-03-20T21:44:12.040Z,"260 km S of Bengkulu, Indonesia",earthquake,6.96,1.92,0.152,13,reviewed,us,us
2026-03-05T01:08:20.436Z,-29.6623,-71.5271,40.322,4.8,mwr,48,93,0.358,0.8,us,us7000s259,2026-03-22T03:36:22.240Z,"37 km NNW of Coquimbo, Chile",earthquake,4.68,2.681,0.05,38,reviewed,us,us
2026-03-05T00:15:42.098Z,43.7236,86.4689,10,5,mb,129,69,4.257,0.53,us,us7000s24t,2026-03-31T23:57:15.040Z,"73 km SSE of Shihezi, China",earthquake,8.71,1.82,0.054,108,reviewed,us,us
2026-03-05T00:05:53.950Z,-24.8693,179.5923,531.619,4.4,mb,22,134,7.233,0.57,us,us6000sgw1,2026-03-31T23:41:20.040Z,"south of the Fiji Islands",earthquake,17.73,11.686,0.126,18,reviewed,us,us
2026-03-04T22:14:56.233Z,52.3868,176.5077,8.843,4.1,mb,34,164,1.342,0.65,us,us6000sgu3,2026-03-27T02:46:19.040Z,"230 km ESE of Attu Station, Alaska",earthquake,7.53,5.127,0.105,25,reviewed,us,us
2026-03-04T22:07:12.049Z,52.3076,-169.8306,2.541,3.6,mb,12,214,0.892,0.94,us,us7000s805,2026-03-27T02:23:05.040Z,"96 km SW of Nikolski, Alaska",earthquake,7.15,5.545,0.287,3,reviewed,us,us
2026-03-04T21:44:50.610Z,42.5336,142.8676,105.783,4,mb,35,116,0.561,0.45,us,us6000sgu0,2026-03-26T05:28:37.040Z,"29 km WSW of Sarabetsu, Japan",earthquake,8.22,8.579,0.104,25,reviewed,us,us
2026-03-04T20:21:37.256Z,63.638,-149.616,121.9,3.5,ml,184,19,0.3,0.7,ak,aka2026eljngv,2026-03-17T21:47:12.040Z,"36 km WSW of Denali Park, Alaska",earthquake,2,1.833,0.3,125,reviewed,ak,ak
2026-03-04T19:39:53.983Z,52.1259,176.9837,5.845,4.5,mb,111,155,0.958,1.1,us,us7000s22b,2026-03-17T21:45:10.040Z,"270 km ESE of Attu Station, Alaska",earthquake,8.16,4.394,0.053,105,reviewed,us,us
2026-03-04T19:21:37.321Z,52.0429,176.2121,24.393,3.8,mb,23,185,1.461,0.8,us,us6000sgtv,2026-03-17T21:42:57.040Z,"224 km ESE of Attu Station, Alaska",earthquake,7.38,7.443,0.136,14,reviewed,us,us
2026-03-04T19:04:44.999Z,51.9092,176.1957,10,4.8,mb,86,189,1.434,0.67,us,us7000s226,2026-03-17T21:37:41.040Z,"229 km ESE of Attu Station, Alaska",earthquake,7.6,1.94,0.057,96,reviewed,us,us
2026-03-04T18:56:24.089Z,12.5827,-88.3235,46.548,5.3,mb,212,56,0.881,1.01,us,us7000s21s,2026-03-17T21:26:34.470Z,"73 km SSW of Chirilagua, El Salvador",earthquake,5.92,5.566,0.022,672,reviewed,us,us
2026-03-04T18:34:17.540Z,-17.0291,-174.1328,143.092,4.4,mb,15,138,3.842,0.35,us,us6000sgtt,2026-03-17T20:57:55.040Z,"124 km SSW of Hihifo, Tonga",earthquake,9.57,13.615,0.179,9,reviewed,us,us
2026-03-04T18:33:57.591Z,52.1415,176.2097,10,3.7,mb,14,182,1.47,0.57,us,us6000sgtz,2026-03-17T20:38:16.040Z,"219 km ESE of Attu Station, Alaska",earthquake,9.88,1.963,0.226,5,reviewed,us,us
2026-03-04T18:14:19.085Z,51.9964,176.2265,10,4.4,mb,83,165,1.414,0.81,us,us7000s22d,2026-03-17T20:07:47.040Z,"227 km ESE of Attu Station, Alaska",earthquake,8.86,1.666,0.075,51,reviewed,us,us
2026-03-04T18:08:05.815Z,-3.1921,130.979,10,4.9,mb,54,46,1.297,0.71,us,us7000s215,2026-03-17T19:54:08.040Z,"149 km WSW of Fakfak, Indonesia",earthquake,6.68,1.848,0.081,48,reviewed,us,us
2026-03-04T17:55:14.712Z,14.5782,-92.5356,59.022,4.5,mb,78,165,1.737,0.64,us,usa000sf40,2026-03-17T19:40:29.040Z,"20 km SW of Puerto Madero, Mexico",earthquake,13.83,9.229,0.049,121,reviewed,us,us
2026-03-04T17:54:36.658Z,52.3107,176.3577,10,6.4,mww,156,37,1.373,0.75,us,us7000s211,2026-04-01T18:04:42.013Z,"223 km ESE of Attu Station, Alaska",earthquake,5.57,1.73,0.03,104,reviewed,us,us
2026-03-04T17:22:12.618Z,28.9124,66.7296,10,4.4,mb,44,122,5.949,0.56,us,us7000s20n,2026-03-17T19:12:52.040Z,"18 km SE of Kalat, Pakistan",earthquake,9.74,1.88,0.101,28,reviewed,us,us
2026-03-04T16:46:04.110Z,52.2626,176.3972,10,3.9,mb,23,174,1.375,0.73,us,us6000sgu2,2026-03-20T04:28:30.040Z,"227 km ESE of Attu Station, Alaska",earthquake,7.15,1.98,0.118,19,reviewed,us,us
2026-03-04T16:20:03.646Z,-24.0784,-179.7246,533.654,4.2,mb,17,208,6.635,0.57,us,us6000sgtx,2026-03-20T04:15:37.040Z,"south of the Fiji Islands",earthquake,17.78,30.624,0.146,13,reviewed,us,us
2026-03-04T15:33:43.234Z,32.325,-101.789,5.6885,3.8,ml,49,33,0,0.1,tx,tx2026ekzzen,2026-03-21T23:07:37.450Z,"21 km N of Stanton, Texas",earthquake,0.29851346103359,0.4942208825801,0.1,39,reviewed,tx,tx
2026-03-04T15:24:37.310Z,-17.9892,-179.2572,544.278,4.2,mb,21,177,1.995,1.38,us,us6000sgtr,2026-03-20T04:00:57.040Z,"151 km E of Levuka, Fiji",earthquake,24.92,12.447,0.132,16,reviewed,us,us
2026-03-04T14:46:06.206Z,-3.3157,130.9268,10,4.6,mb,64,61,1.378,0.44,us,us7000s1zd,2026-03-26T01:17:24.040Z,"158 km WSW of Fakfak, Indonesia",earthquake,6.38,1.841,0.072,59,reviewed,us,us
2026-03-04T13:57:42.235Z,54.6653,-159.8568,42.163,4.3,mb,123,151,1.257,0.48,us,us7000s1z6,2026-03-25T09:39:09.040Z,"85 km SSE of Sand Point, Alaska",earthquake,4.44,7.918,0.065,67,reviewed,us,us
2026-03-04T13:56:34.416Z,28.1129,55.829,10,4.2,mb,55,124,3.173,0.53,us,us6000sgtu,2026-03-26T02:37:17.040Z,"22 km SSW of Ḩājjīābād, Iran",earthquake,9.93,1.91,0.083,40,reviewed,us,us
2026-03-04T13:31:14.584Z,52.3793,176.4704,10,4.4,mb,21,165,1.362,0.36,us,us6000sgu6,2026-03-26T04:34:37.040Z,"228 km ESE of Attu Station, Alaska",earthquake,6.49,1.698,0.169,10,reviewed,us,us
2026-03-04T13:26:59.361Z,52.165,176.3407,10,5.4,mww,173,68,1.356,0.36,us,us7000s1z1,2026-03-25T09:33:31.952Z,"227 km ESE of Attu Station, Alaska",earthquake,4.61,1.784,0.052,36,reviewed,us,us
2026-03-04T12:32:09.081Z,-30.8051,-71.5141,42.826,4.5,mb,49,130,0.167,0.9,us,us7000s1yw,2026-03-19T08:32:37.040Z,"37 km SW of Ovalle, Chile",earthquake,5.93,6.286,0.104,27,reviewed,us,us
2026-03-04T11:48:34.959Z,-29.4019,-71.2641,44.287,4,mb,24,135,0.515,0.39,us,us7000s1yr,2026-03-19T08:22:54.040Z,"55 km N of La Serena, Chile",earthquake,3.63,4.633,0.233,5,reviewed,us,us
2026-03-04T11:18:17.564Z,52.065,176.3027,10,4.4,mb,69,162,1.37,0.76,us,us7000s1ys,2026-03-19T08:17:28.040Z,"228 km ESE of Attu Station, Alaska",earthquake,4.26,1.909,0.076,49,reviewed,us,us
2026-03-04T11:08:16.275Z,-4.6392,125.1701,476.722,4.3,mb,23,108,5.161,0.88,us,us6000sgtl,2026-03-19T08:12:43.040Z,"271 km E of Katobu, Indonesia",earthquake,14.89,10.759,0.153,12,reviewed,us,us
2026-03-04T10:58:17.861Z,52.0702,176.1984,12.16,4.1,mb,39,163,1.446,0.84,us,us6000sgtm,2026-03-19T08:08:23.040Z,"222 km ESE of Attu Station, Alaska",earthquake,13.67,7.329,0.107,24,reviewed,us,us
2026-03-04T10:49:38.970Z,50.1105,155.8661,89.471,4.7,mb,155,134,3.212,0.52,us,us7000s1yk,2026-03-19T07:59:44.040Z,"65 km SSW of Severo-Kuril’sk, Russia",earthquake,12.01,7.167,0.045,151,reviewed,us,us
2026-03-04T10:17:34.117Z,15.1895,145.8315,119.234,4.5,mb,65,72,0.059,0.59,us,us7000s1yf,2026-03-19T07:39:09.040Z,"8 km ESE of Saipan, Northern Mariana Islands",earthquake,9.56,4.276,0.077,49,reviewed,us,us
2026-03-04T10:08:26.615Z,-23.6793,-179.8377,522.528,4.5,mb,36,114,6.226,0.97,us,us7000s1yd,2026-03-19T07:36:41.040Z,"south of the Fiji Islands",earthquake,13.82,10.451,0.099,30,reviewed,us,us
2026-03-04T09:31:22.600Z,-7.4023,128.8582,135.465,4.7,mb,72,37,3.044,0.52,us,us7000s1yb,2026-03-18T09:05:03.040Z,"239 km ENE of Lospalos, Timor Leste",earthquake,8.17,7.344,0.072,59,reviewed,us,us
2026-03-04T09:24:38.309Z,-15.4434,-173.4055,91.63,4.4,mb,39,76,2.19,1.88,us,us6000sgtj,2026-03-18T09:03:01.040Z,"70 km NE of Hihifo, Tonga",earthquake,8.88,7.425,0.102,28,reviewed,us,us
2026-03-04T06:59:57.888Z,13.884,-93.1881,10,4.2,mb,49,191,2.591,1,us,us7000s1xu,2026-03-24T08:20:16.040Z,"124 km SW of Puerto Madero, Mexico",earthquake,9.39,1.982,0.074,50,reviewed,us,us
2026-03-04T06:44:25.290Z,-3.2034,130.9641,10,4.9,mb,48,56,1.314,0.85,us,us7000s1xq,2026-03-24T08:36:30.040Z,"151 km WSW of Fakfak, Indonesia",earthquake,5.8,1.809,0.076,55,reviewed,us,us
2026-03-04T06:25:59.748Z,-21.1541,169.5929,72.688,4.5,mb,19,99,2.466,0.7,us,us6000sgtf,2026-03-26T14:07:43.040Z,"181 km S of Isangel, Vanuatu",earthquake,6.89,12.363,0.171,10,reviewed,us,us
2026-03-04T06:08:01.249Z,50.7649,179.2246,10,3.9,mb,32,208,0.616,0.91,us,us6000sgti,2026-03-24T11:21:49.040Z,"Rat Islands, Aleutian Islands, Alaska",earthquake,6.51,1.972,0.118,19,reviewed,us,us
2026-03-04T06:05:10.539Z,37.4298,15.0241,10,4.5,mb,65,104,2.633,0.89,us,us7000s1xj,2026-03-24T12:59:51.975Z,"8 km SSW of Catania, Italy",earthquake,7.49,1.921,0.106,26,reviewed,us,us
2026-03-04T05:06:51.248Z,51.9029,176.2698,10,3.8,mb,33,198,1.389,0.73,us,us7000s1z5,2026-03-05T08:20:21.040Z,"234 km ESE of Attu Station, Alaska",earthquake,5.65,1.993,0.136,14,reviewed,us,us
2026-03-04T04:19:52.821Z,-6.6741,129.4627,168.94,4.5,mb,25,55,2.182,0.6,us,us7000s1xt,2026-03-21T22:50:31.040Z,"Banda Sea",earthquake,9.6,7.886,0.124,19,reviewed,us,us
2026-03-04T04:14:24.947Z,-4.0029,-80.9813,35,4.5,mb,18,179,1.018,1.13,us,us7000s1wl,2026-03-21T22:45:29.040Z,"13 km NNE of Máncora, Peru",earthquake,6.58,1.992,0.172,11,reviewed,us,us
2026-03-04T04:14:06.251Z,20.1358,146.0382,35,4.7,mb,65,128,4.874,1.13,us,us7000s1ws,2026-03-21T22:48:56.040Z,"Mariana Islands region",earthquake,12.05,1.916,0.071,59,reviewed,us,us
2026-03-04T03:03:22.501Z,-3.3495,99.6056,10,4.3,mb,17,203,3.49,0.53,us,us6000sgte,2026-03-20T03:21:46.040Z,"146 km S of Tuapejat, Indonesia",earthquake,8.79,1.978,0.188,8,reviewed,us,us
2026-03-04T02:54:03.169Z,52.1613,176.3419,10,4.3,mb,52,181,1.355,0.68,us,us7000s1wa,2026-03-21T22:36:46.040Z,"227 km ESE of Attu Station, Alaska",earthquake,9.15,1.954,0.078,47,reviewed,us,us
2026-03-04T02:30:32.810Z,20.7733,121.4932,50.609,4.3,mb,35,144,2.07,1.06,us,us6000sgtc,2026-03-20T03:08:23.040Z,"61 km NW of Basco, Philippines",earthquake,9.99,5.388,0.122,19,reviewed,us,us
2026-03-04T02:18:23.189Z,52.1227,176.3404,10,3.9,mb,16,182,1.388,0.98,us,us6000sgtg,2026-03-20T03:35:57.040Z,"228 km ESE of Attu Station, Alaska",earthquake,4.35,1.961,0.182,8,reviewed,us,us
2026-03-04T00:48:41.757Z,39.6693,143.3292,35,4.7,mb,62,125,2.063,0.44,us,us7000s1vd,2026-03-25T00:40:09.040Z,"119 km E of Miyako, Japan",earthquake,7.57,1.83,0.056,95,reviewed,us,us
2026-03-04T00:23:16.590Z,43.8356,16.2202,23.36,3.7,mb,26,49,2.238,0.5,us,us7000s1va,2026-03-25T00:31:04.040Z,"3 km WNW of Ružić, Croatia",earthquake,5.64,7.393,0.206,6,reviewed,us,us
2026-03-04T00:04:35.411Z,52.072,160.951,10,4.1,mb,19,179,1.698,0.75,us,us6000sgtb,2026-03-25T00:25:50.040Z,"192 km SE of Petropavlovsk-Kamchatsky, Russia",earthquake,8.38,1.903,0.166,10,reviewed,us,us
2026-03-03T21:46:56.481Z,52.1465,176.3657,35,4.1,mb,47,160,1.339,0.67,us,us7000s1vv,2026-03-16T21:53:39.040Z,"229 km ESE of Attu Station, Alaska",earthquake,6.72,1.953,0.111,22,reviewed,us,us
2026-03-03T21:30:26.066Z,-32.1191,-72.2468,11.17,4.2,mwr,34,139,1.082,0.47,us,us7000s1tv,2026-03-25T00:22:29.040Z,"102 km WNW of La Ligua, Chile",earthquake,4.62,4.788,0.048,41,reviewed,us,us
2026-03-03T20:43:43.331Z,-3.1534,131.12,10,4.6,mb,42,58,1.151,0.83,us,us7000s1th,2026-03-17T17:45:21.040Z,"133 km W of Fakfak, Indonesia",earthquake,8.25,1.857,0.093,34,reviewed,us,us
2026-03-03T19:24:17.763Z,7.933,126.8094,83.86,4.4,mb,31,132,1.491,0.75,us,us6000sgm1,2026-03-17T16:56:56.040Z,"39 km NE of Kinablangan, Philippines",earthquake,10.53,3.404,0.117,21,reviewed,us,us
2026-03-03T19:02:51.759Z,52.4544,176.6702,10,4.4,mb,49,159,1.272,0.77,us,us7000s1sn,2026-03-17T16:24:21.040Z,"239 km ESE of Attu Station, Alaska",earthquake,7.39,2.43,0.072,56,reviewed,us,us
2026-03-03T18:40:32.543Z,52.4128,176.3087,10,3.7,mb,15,173,1.385,1.02,us,us6000sgm8,2026-03-17T16:14:49.040Z,"216 km ESE of Attu Station, Alaska",earthquake,7.32,1.905,0.179,8,reviewed,us,us
2026-03-03T18:01:37.004Z,-16.5519,-14.2891,10,5.1,mb,32,89,8.226,0.94,us,us6000sgm6,2026-03-17T14:25:23.040Z,"southern Mid-Atlantic Ridge",earthquake,9.16,1.88,0.106,29,reviewed,us,us
2026-03-03T17:59:35.577Z,-16.4704,-14.1359,10,4.8,mb,37,85,8.076,0.62,us,us6000sgab,2026-03-17T14:07:24.040Z,"southern Mid-Atlantic Ridge",earthquake,12.19,1.893,0.095,34,reviewed,us,us
2026-03-03T17:38:01.101Z,-23.4803,179.9989,547.086,4.3,mb,24,113,5.99,0.72,us,us6000sglx,2026-03-16T21:26:04.040Z,"south of the Fiji Islands",earthquake,17.9,11.515,0.113,22,reviewed,us,us
2026-03-03T17:23:04.000Z,36.6528,-116.2694,7,3.76,mw,57,59,0.043,0.1384,nn,nn00911685,2026-03-25T20:46:01.119Z,"52 km ESE of Beatty, Nevada",earthquake,,0.4971,,,reviewed,nn,nn
2026-03-03T15:34:30.379Z,23.1977,120.5146,10,4.3,mb,28,84,0.147,0.99,us,us7000s1q1,2026-03-20T22:28:42.040Z,"9 km NE of Yujing, Taiwan",earthquake,3.66,1.869,0.143,14,reviewed,us,us
2026-03-03T15:13:00.005Z,22.9162,144.1854,35.991,4.2,mb,24,144,4.54,0.76,us,us6000sgly,2026-03-31T20:42:10.040Z,"Volcano Islands, Japan region",earthquake,13.2,7.788,0.12,19,reviewed,us,us
2026-03-03T14:55:56.200Z,23.1161,144.2819,10,4.9,mb,185,53,4.395,0.7,us,us7000s1py,2026-03-20T22:28:25.040Z,"Volcano Islands, Japan region",earthquake,8.22,1.832,0.034,287,reviewed,us,us
2026-03-03T14:38:23.312Z,18.9022,145.6637,199.175,5,mww,215,15,3.643,0.75,us,us7000s1pp,2026-04-07T14:48:28.829Z,"Pagan region, Northern Mariana Islands",earthquake,8.88,4.82,0.11,8,reviewed,us,us
2026-03-03T14:11:57.364Z,-7.0375,130.2107,97.48,4.2,mb,11,131,2.517,0.6,us,us6000sgls,2026-03-20T22:36:21.040Z,"Pulau Pulau Tanimbar, Indonesia",earthquake,11.79,21.973,0.374,2,reviewed,us,us
2026-03-03T13:05:36.391Z,43.4821,39.4724,2.839,4.5,mwr,191,26,1.966,0.66,us,us7000s1pf,2026-03-20T22:27:34.040Z,"24 km WSW of Sochi, Russia",earthquake,4.96,3.688,0.093,11,reviewed,us,us
2026-03-03T12:16:25.276Z,39.7656,143.3137,35.349,4.2,mb,49,134,2.002,0.55,us,us6000sglp,2026-03-26T03:45:23.040Z,"118 km E of Miyako, Japan",earthquake,6.24,7.788,0.097,30,reviewed,us,us
2026-03-03T12:14:54.105Z,41.3865,142.5787,53.131,4.3,mb,20,159,0.763,0.54,us,us6000sgln,2026-03-26T03:24:13.040Z,"87 km SSW of Honchō, Japan",earthquake,4.86,6.434,0.177,9,reviewed,us,us
2026-03-03T12:09:45.680Z,43.4,39.4797,10,4.4,mb,66,42,1.944,0.65,us,us7000s1p8,2026-03-26T00:40:17.040Z,"29 km SW of Sochi, Russia",earthquake,6.33,1.793,0.081,46,reviewed,us,us
2026-03-03T12:07:19.217Z,39.6769,143.3789,38.146,4.1,mb,17,173,2.091,0.5,us,us6000sglw,2026-03-26T03:47:27.040Z,"123 km E of Miyako, Japan",earthquake,9,10.056,0.197,7,reviewed,us,us
2026-03-03T11:55:07.633Z,-48.9945,166.4955,10,5.3,mww,54,74,2.386,0.52,us,us7000s1p5,2026-03-26T01:05:48.040Z,"299 km SSW of Bluff, New Zealand",earthquake,8.78,1.836,0.068,21,reviewed,us,us
2026-03-03T11:52:48.825Z,23.2049,120.4604,10,4.8,mb,78,47,0.182,0.52,us,us7000s1p4,2026-03-25T11:47:42.181Z,"8 km N of Yujing, Taiwan",earthquake,4.72,1.768,0.068,66,reviewed,us,us
2026-03-03T11:25:33.827Z,4.6153,126.8285,35.935,4.5,mb,29,117,2.737,0.54,us,us6000sglk,2026-03-26T01:54:50.040Z,"174 km ESE of Sarangani, Philippines",earthquake,10.68,7.267,0.124,20,reviewed,us,us
2026-03-03T10:44:23.241Z,52.2579,176.429,10,5.3,mww,226,68,1.318,0.53,us,us7000s1nu,2026-03-25T08:04:02.040Z,"229 km ESE of Attu Station, Alaska",earthquake,3.97,1.681,0.041,58,reviewed,us,us
2026-03-03T10:41:37.428Z,52.0498,176.2653,11.08,4.1,mb,66,185,1.392,0.58,us,us7000s1nx,2026-03-25T06:27:16.040Z,"227 km ESE of Attu Station, Alaska",earthquake,8.09,5.046,0.076,47,reviewed,us,us
2026-03-03T08:55:28.256Z,50.6391,156.8249,80.131,4.1,mb,35,135,2.531,0.58,us,us6000sglm,2026-03-26T13:55:11.040Z,"49 km E of Severo-Kuril’sk, Russia",earthquake,10.91,8.307,0.117,20,reviewed,us,us
2026-03-03T08:27:08.851Z,52.0996,176.4555,32.669,4,mb,35,171,1.315,0.68,us,us6000sglr,2026-03-25T05:47:19.040Z,"237 km ESE of Attu Station, Alaska",earthquake,10.66,7.011,0.11,22,reviewed,us,us
2026-03-03T08:13:13.213Z,52.0841,-172.2588,58.379,3.8,ml,35,202,1.133,0.76,us,us7000s1nj,2026-03-04T06:31:55.040Z,"133 km E of Atka, Alaska",earthquake,8.15,18.249,0.081,20,reviewed,us,us
2026-03-03T07:46:06.768Z,51.9541,176.4461,52.542,4,mb,28,192,1.315,1.11,us,us6000sglq,2026-03-25T05:25:55.040Z,"243 km ESE of Attu Station, Alaska",earthquake,11.16,6.693,0.125,17,reviewed,us,us
2026-03-03T06:54:57.153Z,28.0387,53.8004,10,4.3,mb,55,85,3.759,0.76,us,us7000s1my,2026-03-24T15:25:45.472Z,"52 km NW of Gerāsh, Iran",earthquake,11.18,1.877,0.075,51,reviewed,us,us
2026-03-03T06:36:04.654Z,52.2624,176.4524,10,3.8,mb,27,173,1.342,0.62,us,us6000sgll,2026-03-23T12:33:52.040Z,"230 km ESE of Attu Station, Alaska",earthquake,9.77,1.965,0.114,20,reviewed,us,us
2026-03-03T05:59:53.240Z,2.4009,97.0108,39.204,4.4,mb,22,132,1.227,0.76,us,us6000sgm9,2026-03-24T12:49:24.040Z,"70 km E of Sinabang, Indonesia",earthquake,10.05,6.328,0.123,19,reviewed,us,us
2026-03-03T05:37:22.683Z,27.3732,139.9519,491.656,4.3,mb,114,89,2.007,0.62,us,us7000s1mj,2026-03-24T15:20:26.040Z,"Bonin Islands, Japan region",earthquake,11.79,8.71,0.037,207,reviewed,us,us
2026-03-03T05:00:42.601Z,52.418,-169.7489,14.025,3.5,mb,35,177,0.369,0.63,us,us7000s1md,2026-03-24T15:17:19.040Z,"83 km SW of Nikolski, Alaska",earthquake,3.86,6.38,0.149,11,reviewed,us,us
2026-03-03T04:56:45.857Z,2.0076,96.695,18,6.2,mww,267,15,1.124,0.55,us,us7000s1ln,2026-03-26T05:56:47.438Z,"62 km SE of Sinabang, Indonesia",earthquake,7.82,1.665,0.062,25,reviewed,us,us
2026-03-03T04:01:11.154Z,51.8646,176.2576,10,3.6,mb,18,200,1.436,1.25,us,us6000sglh,2026-03-26T04:07:46.040Z,"236 km ESE of Attu Station, Alaska",earthquake,8.31,1.964,0.158,10,reviewed,us,us
2026-03-03T02:16:42.002Z,50.8911,158.5174,26.047,4.9,mww,212,68,2.137,0.63,us,us7000s1lc,2026-03-25T23:44:31.040Z,"156 km ESE of Ozernovskiy, Russia",earthquake,7.98,4.107,0.098,10,reviewed,us,us
2026-03-03T01:55:47.257Z,-18.2782,-177.9924,508.616,4.1,mb,21,83,3.09,0.22,us,us6000sglb,2026-03-24T04:23:58.040Z,"285 km E of Levuka, Fiji",earthquake,16.53,8.993,0.135,15,reviewed,us,us
2026-03-03T00:35:10.619Z,1.4487,127.4795,147.394,4.4,mb,38,105,17.062,0.5,us,us6000sgla,2026-03-25T00:16:31.040Z,"66 km WSW of Tobelo, Indonesia",earthquake,12.47,4.477,0.092,34,reviewed,us,us
2026-03-03T00:11:43.405Z,25.2983,124.9174,10,5,mww,78,91,1.105,0.56,us,us7000s1k2,2026-03-25T00:14:19.040Z,"67 km NW of Hirara, Japan",earthquake,5.82,1.721,0.066,22,reviewed,us,us
2026-03-02T23:55:53.482Z,-28.564,-71.7498,20.656,4.1,mwr,27,145,0.695,0.74,us,us7000s1js,2026-03-25T00:10:19.040Z,"96 km W of Vallenar, Chile",earthquake,5.3,5.635,0.06,27,reviewed,us,us
2026-03-02T23:52:06.893Z,6.5559,126.3864,98.507,4.4,mb,18,123,0.95,0.96,us,us6000sg3x,2026-03-24T23:58:53.040Z,"30 km ENE of Nangan, Philippines",earthquake,12.09,7.031,0.139,15,reviewed,us,us
2026-03-02T23:46:49.761Z,52.3183,176.4354,10,5.3,mww,101,46,1.328,0.59,us,us7000s1jn,2026-03-25T23:25:40.040Z,"227 km ESE of Attu Station, Alaska",earthquake,5.78,1.767,0.06,27,reviewed,us,us
2026-03-02T23:02:42.590Z,-33.7252,118.0664,10,4.2,mb,15,138,1.055,0.58,us,us6000sg3u,2026-03-15T23:28:19.040Z,"47 km E of Katanning, Australia",earthquake,5.12,1.961,0.158,11,reviewed,us,us
2026-03-02T22:00:22.165Z,52.4961,176.3157,10,4,mb,24,170,1.371,0.92,us,us6000sg3v,2026-03-25T23:12:52.040Z,"215 km ESE of Attu Station, Alaska",earthquake,9.45,1.944,0.15,12,reviewed,us,us
2026-03-02T20:59:58.097Z,51.8267,176.1739,37.022,3.9,mb,42,191,1.454,0.88,us,us7000s1iu,2026-03-05T17:31:16.040Z,"233 km ESE of Attu Station, Alaska",earthquake,8.45,7.544,0.101,26,reviewed,us,us
2026-03-02T20:57:43.015Z,25.3403,124.9109,10,4.5,mb,47,83,1.137,0.84,us,us6000sg3s,2026-03-14T16:45:58.040Z,"71 km NNW of Hirara, Japan",earthquake,7.29,1.906,0.093,34,reviewed,us,us
2026-03-02T19:23:10.220Z,-30.6727,-178.7249,141.228,4.9,mb,24,142,1.582,1,us,us7000s1hn,2026-03-14T19:13:15.040Z,"Kermadec Islands, New Zealand",earthquake,11.33,5.718,0.106,28,reviewed,us,us
2026-03-02T19:13:55.137Z,51.9571,176.4356,10,3.9,mb,25,186,1.322,0.36,us,us6000sg3p,2026-03-14T16:27:58.040Z,"242 km ESE of Attu Station, Alaska",earthquake,10.94,1.984,0.132,15,reviewed,us,us
2026-03-02T19:12:13.641Z,52.99,-162.963,36.2,3.8,ml,67,248,2.1,0.8,ak,aka2026ehptor,2026-03-02T21:22:37.999Z,"209 km S of False Pass, Alaska",earthquake,10.3,24.1181,0.1,43,reviewed,ak,ak
2026-03-02T19:12:11.165Z,53.071,-162.8877,10,4,mb,51,173,1.656,0.95,us,us7000s1hi,2026-03-14T19:08:34.040Z,"201 km S of False Pass, Alaska",earthquake,6.57,1.936,0.1,28,reviewed,us,us
2026-03-02T18:06:01.007Z,22.8842,143.9445,35,4.6,mb,52,134,7.8,0.9,us,us7000s1h0,2026-03-14T19:06:36.040Z,"Volcano Islands, Japan region",earthquake,2.62,1.935,0.087,39,reviewed,us,us
2026-03-02T17:40:14.559Z,-7.541,127.6711,139.681,5,mww,64,60,3.732,0.78,us,us7000s1gx,2026-03-14T19:01:50.040Z,"131 km NE of Lospalos, Timor Leste",earthquake,8.65,6.852,0.083,14,reviewed,us,us
2026-03-02T17:27:09.062Z,10.182,-43.0129,10,4.2,mb,12,199,10.792,0.43,us,us6000sg3m,2026-03-14T16:16:03.040Z,"northern Mid-Atlantic Ridge",earthquake,14.05,1.995,0.176,9,reviewed,us,us
2026-03-02T17:20:52.772Z,25.2734,125.0352,10,4.9,mww,96,52,1.15,0.76,us,us7000s1gu,2026-03-14T18:53:42.040Z,"58 km NNW of Hirara, Japan",earthquake,6.41,1.848,0.056,31,reviewed,us,us
2026-03-02T17:00:32.607Z,52.0636,176.2428,10,4.1,mb,51,163,1.407,0.76,us,us7000s1iz,2026-03-14T19:16:15.040Z,"225 km ESE of Attu Station, Alaska",earthquake,7.12,1.922,0.085,38,reviewed,us,us
2026-03-02T16:55:27.585Z,18.7211,146.6492,70.679,4.2,mb,13,114,3.557,1.03,us,us6000sg3t,2026-03-16T20:24:33.040Z,"Pagan region, Northern Mariana Islands",earthquake,11.52,12.214,0.187,8,reviewed,us,us
2026-03-02T16:55:18.345Z,51.9461,176.1774,35,3.9,mb,50,188,1.444,0.69,us,us7000s1jd,2026-03-16T20:10:28.040Z,"226 km ESE of Attu Station, Alaska",earthquake,4.73,1.925,0.087,35,reviewed,us,us
2026-03-02T16:04:15.983Z,51.9279,176.3041,22.183,3.9,mb,18,196,1.404,0.89,us,us6000sg3y,2026-03-16T17:50:21.040Z,"235 km ESE of Attu Station, Alaska",earthquake,12.16,16.319,0.163,10,reviewed,us,us
2026-03-02T15:59:51.151Z,25.3046,124.9893,10,4.5,mwr,64,80,1.148,0.66,us,us7000s1ft,2026-03-16T17:29:56.040Z,"63 km NNW of Hirara, Japan",earthquake,7.07,1.878,0.089,12,reviewed,us,us
2026-03-02T15:10:17.850Z,52.2173,176.4268,28.297,3.9,mb,33,167,1.349,0.85,us,us6000sg3g,2026-03-16T17:12:40.040Z,"230 km ESE of Attu Station, Alaska",earthquake,12.85,7.505,0.11,22,reviewed,us,us
2026-03-02T14:59:06.029Z,39.9088,-29.8364,10,4.6,mb,44,119,1.012,1.06,us,us7000s1fm,2026-03-16T16:40:26.040Z,"121 km ENE of Santa Cruz das Flores, Portugal",earthquake,12.75,1.92,0.087,39,reviewed,us,us
2026-03-02T14:52:53.160Z,38.1364,38.5248,10,4.3,mwr,47,108,0.66,0.84,us,us7000s1fn,2026-03-16T15:59:37.040Z,"13 km NW of Sincik, Turkey",earthquake,6.04,1.911,0.078,16,reviewed,us,us
2026-03-02T14:22:18.787Z,51.9809,178.2043,146.316,3.8,mb,79,192,0.228,0.7,us,us7000s1jw,2026-03-16T15:46:42.040Z,"Rat Islands, Aleutian Islands, Alaska",earthquake,10.95,9.981,0.064,64,reviewed,us,us
2026-03-02T13:32:15.441Z,52.1967,176.3489,10,4,mb,39,179,1.393,0.81,us,us6000sg3d,2026-03-16T15:08:41.040Z,"226 km ESE of Attu Station, Alaska",earthquake,13.66,1.95,0.096,29,reviewed,us,us
2026-03-02T13:30:16.810Z,51.9894,176.2549,10,4,mb,40,186,1.433,0.73,us,us6000sg3e,2026-03-16T14:58:22.040Z,"229 km ESE of Attu Station, Alaska",earthquake,13.37,1.941,0.094,30,reviewed,us,us
2026-03-02T12:38:26.442Z,51.8334,176.1596,36.061,4,mb,75,191,1.462,0.69,us,us7000s1ki,2026-03-24T12:04:09.040Z,"231 km ESE of Attu Station, Alaska",earthquake,8.76,3.108,0.064,66,reviewed,us,us
2026-03-02T11:41:26.074Z,25.2094,125.1145,10,4.9,mb,65,71,1.15,0.91,us,us7000s1ev,2026-03-24T15:15:50.040Z,"48 km NNW of Hirara, Japan",earthquake,7.56,1.89,0.06,89,reviewed,us,us
2026-03-02T11:30:47.351Z,25.2236,125.0867,10,4.6,mb,62,77,1.143,0.78,us,us6000sg3j,2026-03-23T12:13:13.040Z,"51 km NNW of Hirara, Japan",earthquake,7.12,1.875,0.074,55,reviewed,us,us
2026-03-02T11:12:45.544Z,25.0258,125.1623,10,4.2,mb,26,63,1.061,1.15,us,us6000sg3i,2026-03-23T11:08:55.040Z,"28 km NNW of Hirara, Japan",earthquake,6.96,1.909,0.153,12,reviewed,us,us
2026-03-02T10:39:22.622Z,25.2088,124.9773,9,5.6,mww,111,30,1.067,0.95,us,us7000s1en,2026-03-25T12:36:28.441Z,"55 km NW of Hirara, Japan",earthquake,6.21,1.756,0.047,43,reviewed,us,us
2026-03-02T10:19:19.736Z,52.0082,176.2891,10,4,mb,30,191,1.376,1.16,us,us7000s1k9,2026-03-23T06:55:54.040Z,"230 km ESE of Attu Station, Alaska",earthquake,7.02,1.976,0.133,15,reviewed,us,us
2026-03-02T10:13:24.204Z,10.7781,122.3947,10,4.9,mb,73,98,4.845,0.86,us,us7000s1ek,2026-03-25T12:41:38.928Z,"0 km ESE of Leon, Philippines",earthquake,8.97,1.873,0.061,92,reviewed,us,us
2026-03-02T10:08:02.770Z,52.3429,176.5356,10,4.2,mb,60,228,1.275,0.95,us,us7000s1em,2026-03-23T09:54:50.040Z,"233 km ESE of Attu Station, Alaska",earthquake,5.3,2.012,0.064,67,reviewed,us,us
2026-03-02T09:38:46.158Z,52.2256,160.8014,10,4.2,mb,28,132,1.536,0.82,us,us6000sg36,2026-03-25T07:31:35.040Z,"174 km ESE of Petropavlovsk-Kamchatsky, Russia",earthquake,11.57,1.915,0.121,22,reviewed,us,us
2026-03-02T09:27:02.490Z,52.1448,176.4032,9.184,3.9,mb,22,170,1.352,0.59,us,us6000sg35,2026-03-20T08:17:15.040Z,"232 km ESE of Attu Station, Alaska",earthquake,8.94,3.762,0.154,11,reviewed,us,us
2026-03-02T09:23:26.719Z,25.1628,125.0476,10,4.7,mb,36,105,1.075,0.75,us,us6000sg34,2026-03-26T11:45:08.040Z,"47 km NNW of Hirara, Japan",earthquake,7.63,1.908,0.094,34,reviewed,us,us
2026-03-02T08:47:34.945Z,25.3497,124.7918,10,4.6,mb,51,75,1.091,0.71,us,us6000sg31,2026-03-25T10:04:34.040Z,"75 km N of Tarama, Japan",earthquake,5.36,1.873,0.077,50,reviewed,us,us
2026-03-02T08:41:15.130Z,52.0196,176.2061,40.645,4,mb,66,156,1.427,0.64,us,us7000s1kj,2026-03-25T06:07:27.040Z,"225 km ESE of Attu Station, Alaska",earthquake,8.98,10.973,0.084,38,reviewed,us,us
2026-03-02T08:39:47.780Z,19.072666666667,-155.37483333333,34.25,3.93,ml,60,201,0.1166,0.12,hv,hv74911871,2026-03-24T15:31:06.893Z,"18 km SE of Pāhala, Hawaii",earthquake,0.42,0.47,0.20029118525357,48,reviewed,hv,hv
2026-03-02T08:15:13.796Z,51.5578,159.4619,35,4.6,mb,121,126,1.55,0.66,us,us7000s1dz,2026-03-26T00:59:17.040Z,"169 km SSE of Vilyuchinsk, Russia",earthquake,7.98,1.907,0.052,109,reviewed,us,us
2026-03-02T08:12:59.828Z,49.6543,155.6484,73.76,4.1,mb,59,137,3.689,0.53,us,us6000sg3a,2026-03-26T03:15:54.040Z,"118 km SSW of Severo-Kuril’sk, Russia",earthquake,11.4,8.068,0.081,42,reviewed,us,us
2026-03-02T07:25:14.376Z,22.9686,144.1861,10,4.6,mb,104,127,4.492,0.42,us,us6000sg2y,2026-03-26T04:14:20.040Z,"Volcano Islands, Japan region",earthquake,12.28,1.901,0.049,126,reviewed,us,us
2026-03-02T06:43:57.691Z,52.3107,176.5461,10,4.1,mb,33,163,1.298,0.46,us,us6000sg2w,2026-03-26T04:41:43.040Z,"235 km ESE of Attu Station, Alaska",earthquake,5.74,1.925,0.126,17,reviewed,us,us
2026-03-02T05:16:23.631Z,38.4486,-116.4919,3,3.94,ml,13,217,0.501,0.1388,nn,nn00911595,2026-03-24T12:56:11.189Z,"77 km ENE of Tonopah, Nevada",earthquake,,0,0.16,8,reviewed,nn,nn
2026-03-02T04:58:16.405Z,34.8839,29.0279,32.954,4.1,mb,32,114,1.519,0.86,us,us7000s1de,2026-03-24T04:13:23.040Z,"156 km SSW of Kaş, Turkey",earthquake,5.39,6.722,0.105,25,reviewed,us,us
2026-03-02T04:56:26.985Z,25.2869,124.9384,10,5,mww,149,91,1.107,0.6,us,us7000s1df,2026-03-24T03:58:14.040Z,"64 km NW of Hirara, Japan",earthquake,6.35,1.826,0.061,26,reviewed,us,us
2026-03-02T04:52:58.398Z,-4.1096,129.0647,141.859,4.1,mb,11,153,0.932,0.82,us,us6000sg37,2026-03-24T02:53:58.040Z,"86 km S of Amahai, Indonesia",earthquake,14.97,7.873,0.174,9,reviewed,us,us
2026-03-02T04:35:52.687Z,51.76,159.9534,35,4.8,mb,120,126,1.496,0.74,us,us7000s1db,2026-03-24T02:46:27.040Z,"167 km SE of Vilyuchinsk, Russia",earthquake,8.83,1.898,0.055,102,reviewed,us,us
2026-03-02T04:35:05.520Z,-10.7783,164.7755,10,4.6,mb,14,97,4.937,0.67,us,us6000sg2z,2026-03-24T01:46:15.040Z,"111 km W of Lata, Solomon Islands",earthquake,9.29,1.933,0.223,6,reviewed,us,us
2026-03-02T04:07:46.695Z,22.9335,144.2205,10,4.9,mb,91,121,20.166,0.46,us,us7000s1d3,2026-03-24T01:33:07.040Z,"Volcano Islands, Japan region",earthquake,12.57,1.88,0.062,80,reviewed,us,us
2026-03-02T03:59:47.134Z,52.1082,176.2268,10,4.1,mb,39,183,1.42,0.66,us,us7000s1cs,2026-03-24T01:15:03.040Z,"222 km ESE of Attu Station, Alaska",earthquake,6.79,1.949,0.097,29,reviewed,us,us
2026-03-02T03:55:23.534Z,22.9731,144.2098,20,6,mww,304,12,7.835,0.63,us,us7000s1cq,2026-03-24T00:57:47.020Z,"Volcano Islands, Japan region",earthquake,8.82,1.728,0.036,74,reviewed,us,us
2026-03-02T03:28:10.545Z,46.8203,153.9016,10,4.3,mb,22,144,6.753,0.54,us,us6000sg32,2026-03-23T03:22:06.040Z,"Kuril Islands",earthquake,10.61,1.922,0.142,14,reviewed,us,us
2026-03-02T03:15:58.940Z,4.3504,-32.6052,10,5.1,mww,162,22,10.632,0.48,us,us7000s1cn,2026-03-23T01:11:49.587Z,"central Mid-Atlantic Ridge",earthquake,9.41,1.769,0.089,12,reviewed,us,us
2026-03-02T01:30:45.671Z,33.5595,91.2327,10,4.2,mb,31,110,3.845,0.72,us,us7000s1c8,2026-03-19T03:17:21.040Z,"243 km NNW of Nagqu, China",earthquake,7.94,1.892,0.099,28,reviewed,us,us
2026-03-02T00:14:08.715Z,4.445,-32.7016,10,4.6,mb,17,72,10.692,0.64,us,us6000sg2u,2026-03-24T23:44:21.040Z,"central Mid-Atlantic Ridge",earthquake,9.51,1.662,0.165,11,reviewed,us,us
2026-03-01T23:23:31.883Z,-49.1746,124.6536,10,4.5,mb,16,152,19.007,0.72,us,us6000sg2k,2026-03-24T23:30:07.040Z,"western Indian-Antarctic Ridge",earthquake,9.09,1.939,0.14,15,reviewed,us,us
2026-03-01T22:10:33.224Z,-19.5465,-69.357,98.387,4.2,mb,36,89,0.196,0.62,us,us7000s1bs,2026-03-24T23:27:03.040Z,"26 km SSE of Camiña, Chile",earthquake,4.9,5.474,0.14,14,reviewed,us,us
2026-03-01T22:07:42.243Z,-31.1135,-70.2042,127.345,4.5,mb,40,56,0.498,0.64,us,us7000s1bq,2026-03-15T22:15:54.040Z,"78 km WNW of Calingasta, Argentina",earthquake,3.08,5.709,0.156,12,reviewed,us,us
2026-03-01T21:58:38.137Z,-10.8253,164.8785,10,4.8,mb,46,62,5.121,0.78,us,us7000s1bp,2026-03-24T23:21:50.541Z,"101 km W of Lata, Solomon Islands",earthquake,10.86,1.818,0.064,77,reviewed,us,us
2026-03-01T21:05:57.969Z,51.3762,160.012,10,4.3,mb,42,138,1.85,1.36,us,us7000s1bd,2026-03-15T20:59:55.040Z,"205 km SSE of Vilyuchinsk, Russia",earthquake,8.88,1.898,0.103,27,reviewed,us,us
2026-03-01T20:18:17.799Z,40.537,142.7286,44.076,4,mb,27,135,1.291,0.52,us,us6000sg2l,2026-03-14T15:12:50.040Z,"90 km ENE of Kuji, Japan",earthquake,7.45,9.216,0.134,15,reviewed,us,us
2026-03-01T20:14:14.586Z,51.6403,159.953,10,4.3,mb,36,137,1.599,0.7,us,us6000sg2e,2026-03-14T14:58:52.040Z,"178 km SE of Vilyuchinsk, Russia",earthquake,11.21,1.914,0.109,24,reviewed,us,us
2026-03-01T20:12:15.785Z,-18.7348,168.3796,36.36,4.5,mb,29,132,3.458,0.4,us,us6000sg2n,2026-03-14T15:25:49.040Z,"110 km S of Port-Vila, Vanuatu",earthquake,9.28,8.103,0.118,22,reviewed,us,us
2026-03-01T20:03:54.403Z,-22.0798,-68.8069,107.244,5.1,mww,79,43,0.492,1.05,us,us7000s1ak,2026-03-14T18:05:41.185Z,"43 km NNE of Calama, Chile",earthquake,4.45,4.622,0.071,19,reviewed,us,us
2026-03-01T19:42:22.188Z,51.9155,159.8792,44.018,4.7,mb,56,135,1.34,0.77,us,us7000s1ah,2026-03-14T17:52:13.040Z,"151 km SE of Vilyuchinsk, Russia",earthquake,10.98,7.419,0.081,46,reviewed,us,us
2026-03-01T19:41:28.326Z,-56.0186,-28.0046,121.52,4.9,mb,53,67,5.166,0.55,us,us7000s1af,2026-03-14T17:44:09.040Z,"South Sandwich Islands region",earthquake,11.11,7.02,0.064,77,reviewed,us,us
2026-03-01T19:38:38.637Z,51.8317,159.856,28.432,5,mb,96,135,1.404,0.6,us,us7000s1ad,2026-03-14T17:39:14.040Z,"157 km SE of Vilyuchinsk, Russia",earthquake,10.3,5.662,0.045,159,reviewed,us,us
2026-03-01T19:30:10.336Z,38.4475,-116.4838,6,3.5,ml,6,152,0.506,0.206,nn,nn00911534,2026-03-14T17:30:03.097Z,"77 km ENE of Tonopah, Nevada",earthquake,,0,0.33,5,reviewed,nn,nn
2026-03-01T18:59:27.717Z,40.1577,-98.3876,5,4.1,mwr,72,50,1.262,0.64,us,us7000s1a2,2026-04-05T19:09:34.422Z,"5 km ESE of Cowles, Nebraska",earthquake,2.28,1.883,0.058,29,reviewed,us,us
2026-03-01T18:38:48.537Z,40.4463,142.8877,42.921,4.6,mb,64,143,1.429,0.72,us,us7000s19z,2026-03-14T17:22:06.040Z,"98 km ENE of Noda, Japan",earthquake,6.08,5.789,0.074,54,reviewed,us,us
2026-03-01T18:36:38.200Z,0.1142,-16.9321,10,5.3,mww,92,48,13.695,0.89,us,us7000s19x,2026-03-14T17:16:53.040Z,"north of Ascension Island",earthquake,10.65,1.87,0.093,11,reviewed,us,us
2026-03-01T18:33:23.740Z,2.7568,128.2361,143.254,4.8,mb,79,106,5.036,0.94,us,us7000s19v,2026-03-14T17:08:12.040Z,"116 km NNE of Tobelo, Indonesia",earthquake,10.24,7.239,0.055,101,reviewed,us,us
2026-03-01T18:23:06.822Z,69.521,-143.97,3.9,3.5,ml,80,80,0.1,0.9,ak,aka2026efskmx,2026-03-14T17:03:56.040Z,"69 km S of Kaktovik, Alaska",earthquake,5.1,4.1196,0.2,54,reviewed,ak,ak
2026-03-01T17:19:09.622Z,-18.0914,-69.8943,131.241,4.2,mb,27,94,0.44,0.87,us,us7000s19p,2026-03-14T16:59:32.040Z,"35 km ESE of Calana, Peru",earthquake,6.52,4.504,0.141,14,reviewed,us,us
2026-03-01T16:41:17.737Z,32.0343,-42.0396,10,5.1,mb,92,65,17.53,0.8,us,us7000s19b,2026-03-23T13:46:23.040Z,"northern Mid-Atlantic Ridge",earthquake,10.62,1.804,0.034,275,reviewed,us,us
2026-03-01T16:37:53.962Z,38.4791,-116.4982,11,4.26,mw,21,167,0.51,0.1412,nn,nn00911469,2026-04-05T16:47:56.807Z,"78 km NE of Tonopah, Nevada",earthquake,,1.9008,,,reviewed,nn,nn
2026-03-01T13:34:21.818Z,18.2484,-76.7392,10,3.8,mb,46,56,0.756,0.8,us,us7000s18c,2026-03-22T13:13:16.178Z,"3 km SE of Annotto Bay, Jamaica",earthquake,3.79,1.953,0.098,27,reviewed,us,us
2026-03-01T10:44:01.370Z,-10.6096,164.9841,55.826,4.4,mb,33,133,5.095,0.82,us,us6000sg21,2026-03-23T09:05:14.040Z,"89 km W of Lata, Solomon Islands",earthquake,11.85,7.801,0.103,27,reviewed,us,us
2026-03-01T10:13:15.062Z,51.8586,172.3247,10,4,mb,45,127,1.396,0.59,us,us6000sg27,2026-03-23T09:42:56.040Z,"124 km SSW of Attu Station, Alaska",earthquake,11.36,1.967,0.078,44,reviewed,us,us
2026-03-01T10:12:50.370Z,7.6416,-72.6871,190.29,4.9,mww,67,83,2.377,0.87,us,us7000s17z,2026-03-24T15:03:33.641Z,"5 km NW of Bochalema, Colombia",earthquake,8.57,7.266,0.071,19,reviewed,us,us
2026-03-01T10:03:14.102Z,51.2723,159.7957,10,4.2,mb,26,146,1.891,0.95,us,us6000sg28,2026-03-23T09:54:33.040Z,"207 km SSE of Vilyuchinsk, Russia",earthquake,10.38,1.93,0.116,21,reviewed,us,us
2026-03-01T09:50:41.616Z,-5.2668,152.7006,27.999,4.4,mb,16,92,1.195,0.8,us,us6000sg20,2026-03-23T08:49:10.040Z,"112 km SSE of Kokopo, Papua New Guinea",earthquake,9.99,4.496,0.162,11,reviewed,us,us
2026-03-01T09:00:07.763Z,31.113,130.539,125,5.5,mww,111,84,0.402,0.67,us,us7000s17q,2026-03-24T15:29:22.795Z,"17 km SW of Ibusuki, Japan",earthquake,6.6,1.86,0.057,30,reviewed,us,us
2026-03-01T08:58:55.513Z,-7.3616,129.4406,127.982,4.7,mb,23,84,2.858,0.79,us,us7000s17r,2026-03-15T11:33:06.040Z,"298 km ENE of Lospalos, Timor Leste",earthquake,9.78,9.202,0.133,17,reviewed,us,us
2026-03-01T08:45:44.886Z,31.9382,48.9279,10,4.3,mb,35,217,7.97,1.03,us,us7000s17p,2026-03-25T06:16:11.040Z,"14 km SSE of Shūshtar, Iran",earthquake,9.62,1.986,0.106,25,reviewed,us,us
2026-03-01T06:38:41.731Z,-16.7218,-173.0218,24.09,4.9,mb,61,73,3.042,0.92,us,us7000s173,2026-03-15T11:19:57.040Z,"118 km SE of Hihifo, Tonga",earthquake,9.91,5.395,0.068,68,reviewed,us,us
2026-03-01T05:44:41.923Z,-21.8035,-179.4529,579,6.3,mww,106,24,4.671,0.85,us,us7000s16b,2026-03-15T11:20:47.187Z,"Fiji region",earthquake,9.68,1.917,0.051,37,reviewed,us,us
2026-03-01T04:54:08.709Z,25.2976,124.942,10,4.6,mb,29,105,1.118,0.63,us,us7000s166,2026-03-13T21:50:12.040Z,"65 km NNW of Hirara, Japan",earthquake,4.82,1.869,0.132,17,reviewed,us,us
2026-03-01T03:52:50.408Z,-8.9817,115.5235,100.607,4.5,mb,46,63,1.448,0.83,us,us7000s15z,2026-03-13T21:46:14.708Z,"37 km ESE of Nusa Dua, Indonesia",earthquake,7.26,5.584,0.094,37,reviewed,us,us
2026-03-01T03:41:55.674Z,-55.469,-27.5491,35,4.9,mb,35,93,5.297,0.85,us,us7000s15y,2026-03-13T21:42:49.040Z,"South Sandwich Islands region",earthquake,14.17,1.923,0.103,30,reviewed,us,us
2026-03-01T01:46:53.844Z,33.5664,91.2643,17.446,4.4,mb,31,113,3.853,0.96,us,us6000sg1r,2026-03-13T21:24:32.040Z,"243 km NNW of Nagqu, China",earthquake,11.92,4.927,0.12,20,reviewed,us,us
2026-03-01T01:37:06.076Z,-32.6408,-71.678,37.873,4.6,mb,53,140,0.766,0.72,us,us7000s15h,2026-03-13T21:05:40.335Z,"44 km N of Valparaíso, Chile",earthquake,3.25,7.336,0.101,29,reviewed,us,us
2026-03-01T00:41:53.193Z,-10.7303,164.3618,10,4.5,mb,31,129,4.532,0.8,us,us6000sg1v,2026-03-20T02:51:25.040Z,"157 km W of Lata, Solomon Islands",earthquake,11.09,1.922,0.11,24,reviewed,us,us
2026-03-01T00:35:07.786Z,31.4169,131.3253,56.324,4.4,mb,47,88,0.751,0.77,us,us7000s15b,2026-03-01T02:09:18.040Z,"11 km SE of Kushima, Japan",earthquake,6.9,7.805,0.095,32,reviewed,us,us
2026-03-01T00:25:44.225Z,-9.9104,119.9576,61.556,4.5,mb,48,93,2.406,0.77,us,us7000s15a,2026-03-21T22:07:39.040Z,"43 km SW of Waingapu, Indonesia",earthquake,4.24,7.419,0.086,40,reviewed,us,us
2026-03-01T00:22:43.082Z,-24.0653,179.7641,537.793,4.1,mb,15,182,6.489,1.1,us,us6000sg1m,2026-03-21T01:12:28.040Z,"south of the Fiji Islands",earthquake,20.27,12.828,0.158,11,reviewed,us,us
2026-03-01T00:15:07.581Z,51.6781,158.0044,76.238,4.3,mb,86,134,1.404,0.62,us,us7000s159,2026-03-21T21:53:45.040Z,"106 km E of Ozernovskiy, Russia",earthquake,9.87,7.26,0.062,75,reviewed,us,us
2026-02-28T23:48:02.726Z,-5.3749,151.8279,62.778,4.4,mb,26,157,1.223,0.94,us,us6000sfwl,2026-03-18T02:33:46.040Z,"124 km SSW of Kokopo, Papua New Guinea",earthquake,13.54,7.976,0.117,21,reviewed,us,us
2026-02-28T23:05:30.723Z,-31.1537,-68.8015,143.604,4.3,mb,29,186,1.618,0.93,us,us7000s14r,2026-03-21T21:36:31.040Z,"40 km NW of Albardón, Argentina",earthquake,3.96,13.061,0.239,5,reviewed,us,us
2026-02-28T21:41:56.364Z,25.1344,125.0221,10,4.8,mww,59,94,1.038,0.91,us,us7000s14c,2026-03-22T05:06:36.040Z,"46 km NW of Hirara, Japan",earthquake,6.02,1.86,0.083,14,reviewed,us,us
2026-02-28T21:39:28.904Z,25.1612,124.9947,10,4.9,mb,62,93,1.041,0.81,us,us7000s148,2026-03-22T04:55:34.040Z,"50 km NW of Hirara, Japan",earthquake,6.13,1.856,0.058,93,reviewed,us,us
2026-02-28T19:55:55.897Z,32.9741,76.1687,10,4.4,mb,61,66,6.112,1,us,us7000s13v,2026-03-22T04:22:55.207Z,"42 km E of Bhadarwāh, India",earthquake,10.13,1.883,0.08,45,reviewed,us,us
2026-02-28T17:22:22.401Z,5.0219,125.9332,101.33,5.3,mww,251,22,2.065,0.67,us,us7000s135,2026-03-20T21:54:31.529Z,"67 km SE of Sarangani, Philippines",earthquake,7.67,4.312,0.063,24,reviewed,us,us
2026-02-28T17:11:55.916Z,9.4775,-81.832,10,5,mww,139,49,1.411,0.6,us,us7000s132,2026-03-20T21:49:04.538Z,"33 km N of Kusapín, Panama",earthquake,6.53,1.865,0.053,34,reviewed,us,us
2026-02-28T16:42:55.065Z,-11.2728,166.2748,95.352,4.4,mb,37,119,4.246,0.64,us,us6000sfwe,2026-03-20T21:33:05.040Z,"79 km SE of Lata, Solomon Islands",earthquake,11.52,21.948,0.103,29,reviewed,us,us
2026-02-28T16:22:26.480Z,-24.0864,-67.1826,214.318,4.3,mb,25,77,1.453,0.65,us,us7000s12u,2026-03-20T21:22:14.040Z,"88 km W of San Antonio de los Cobres, Argentina",earthquake,8.57,8.032,0.265,5,reviewed,us,us
2026-02-28T15:56:21.988Z,-4.9129,150.5755,208.068,4,mb,11,185,1.738,0.3,us,us6000sfwc,2026-03-20T21:20:22.040Z,"85 km NE of Kimbe, Papua New Guinea",earthquake,20.49,17.403,0.196,7,reviewed,us,us
2026-02-28T15:49:50.672Z,24.3514,121.8535,12.343,4.3,mb,26,116,0.295,0.83,us,us7000s12n,2026-03-20T19:28:35.040Z,"46 km SSE of Yilan, Taiwan",earthquake,2.45,1.133,0.177,12,reviewed,us,us
2026-02-28T15:38:33.750Z,36.3409,70.7225,115.253,4.2,mb,62,91,2.236,1.05,us,us7000s12l,2026-03-20T19:27:10.040Z,"58 km S of Jurm, Afghanistan",earthquake,6.59,6.274,0.08,44,reviewed,us,us
2026-02-28T15:30:48.234Z,-18.8246,-177.8416,539.012,4,mb,21,167,3.538,0.45,us,us6000sfwa,2026-03-20T19:19:36.040Z,"Fiji region",earthquake,16.17,10.525,0.126,19,reviewed,us,us
2026-02-28T15:30:04.064Z,-0.2113,126.6711,88.749,4,mb,13,91,6.19,0.41,us,us6000sfwb,2026-03-20T19:25:24.040Z,"100 km WNW of Labuha, Indonesia",earthquake,16.25,8.744,0.172,10,reviewed,us,us
2026-02-28T15:06:14.099Z,18.8828,145.6435,236.95,4.4,mb,71,93,3.624,0.77,us,us7000s12k,2026-03-20T19:09:32.040Z,"Pagan region, Northern Mariana Islands",earthquake,10.76,7.941,0.067,65,reviewed,us,us
2026-02-28T14:04:29.684Z,-5.4936,150.1246,148.493,4.5,mb,45,81,2.409,0.75,us,us7000s12j,2026-03-21T20:08:17.040Z,"6 km NNW of Kimbe, Papua New Guinea",earthquake,7.72,7.253,0.087,39,reviewed,us,us
2026-02-28T13:53:30.877Z,-20.0457,-177.5815,539.433,4.3,mb,27,96,4.58,0.77,us,us6000sfw8,2026-03-21T20:05:04.040Z,"268 km WNW of Houma, Tonga",earthquake,13.86,10.314,0.125,19,reviewed,us,us
2026-02-28T12:56:59.269Z,25.3149,124.962,10,5.1,mww,70,57,1.142,0.82,us,us7000s122,2026-03-13T08:49:59.040Z,"66 km NNW of Hirara, Japan",earthquake,3.86,1.855,0.048,41,reviewed,us,us
2026-02-28T12:50:13.411Z,-23.8299,179.1454,575.276,4.4,mb,38,121,6.14,0.87,us,us7000s120,2026-03-13T08:34:23.040Z,"south of the Fiji Islands",earthquake,13.93,8.192,0.097,31,reviewed,us,us
2026-02-28T12:44:32.536Z,-29.7992,-71.5936,35.272,4.2,mb,26,191,0.331,1.13,us,us7000s11x,2026-03-21T07:46:48.040Z,"29 km NW of Coquimbo, Chile",earthquake,2.32,8.503,0.216,6,reviewed,us,us
2026-02-28T11:18:50.711Z,25.0874,125.1664,10,4.6,mb,41,81,1.102,0.89,us,us7000s11m,2026-03-13T08:11:52.040Z,"34 km NNW of Hirara, Japan",earthquake,6.7,1.895,0.107,26,reviewed,us,us
2026-02-28T11:13:43.937Z,-21.0519,-178.5403,551.399,4.4,mb,42,122,4.6,0.86,us,us7000s11l,2026-03-13T08:09:57.040Z,"Fiji region",earthquake,14.24,9.067,0.049,118,reviewed,us,us
2026-02-28T11:04:40.175Z,-17.8752,-178.6332,562.798,4.2,mb,36,100,2.361,0.97,us,us7000s11k,2026-03-13T08:06:49.040Z,"218 km E of Levuka, Fiji",earthquake,15.24,10.257,0.106,25,reviewed,us,us
2026-02-28T11:01:24.644Z,43.2897,146.0912,62.378,4.3,mb,37,180,2.511,0.69,us,us6000sfw5,2026-03-13T07:51:58.040Z,"42 km E of Nemuro, Japan",earthquake,9.75,9.303,0.102,27,reviewed,us,us
2026-02-28T10:40:53.926Z,14.0059,-93.0225,10,4.5,mb,43,208,1.343,1.08,us,us7000s11g,2026-03-13T07:41:54.040Z,"102 km SW of Puerto Madero, Mexico",earthquake,7.5,1.961,0.047,134,reviewed,us,us
2026-02-28T10:21:25.083Z,13.5616,-89.9442,73.755,4.6,mb,60,151,0.374,0.67,us,us7000s11c,2026-03-25T06:09:10.040Z,"13 km WSW of Acajutla, El Salvador",earthquake,8.74,6.412,0.032,282,reviewed,us,us
2026-02-28T08:54:50.591Z,14.0784,-93.026,10,4.3,mb,137,134,1.286,0.74,us,us7000s110,2026-03-18T08:43:05.040Z,"96 km SW of Puerto Madero, Mexico",earthquake,4.77,1.886,0.049,120,reviewed,us,us
2026-02-28T08:42:19.419Z,28.4031,142.0768,32.665,4.5,mb,26,152,8.746,0.45,us,us6000sfw3,2026-03-18T08:48:47.040Z,"Bonin Islands, Japan region",earthquake,15.16,6.934,0.128,18,reviewed,us,us
2026-02-28T08:29:09.174Z,-23.9274,-66.711,195.229,4.3,mb,65,115,1.661,0.66,us,us7000s10v,2026-03-18T08:36:01.040Z,"51 km NW of San Antonio de los Cobres, Argentina",earthquake,11.56,7.546,0.067,63,reviewed,us,us
2026-02-28T07:20:05.628Z,-14.3072,66.2267,10,4.5,mb,18,131,14.274,0.46,us,us6000sfw1,2026-03-18T08:32:49.040Z,"Mid-Indian Ridge",earthquake,11.56,1.881,0.15,13,reviewed,us,us
2026-02-28T06:52:14.334Z,1.0444,120.9122,67.538,5.1,mb,111,79,6.129,0.79,us,us7000s10h,2026-03-18T08:22:10.040Z,"245 km NNE of Palu, Indonesia",earthquake,9.05,6.64,0.055,105,reviewed,us,us
2026-02-28T06:23:27.314Z,-5.463,151.8942,52.402,5.4,mww,137,37,1.292,0.76,us,us7000s106,2026-03-18T08:22:44.379Z,"130 km SSW of Kokopo, Papua New Guinea",earthquake,7.25,5.632,0.068,21,reviewed,us,us
2026-02-28T05:53:53.977Z,25.2126,125.0479,10,5.3,mww,150,60,1.111,0.56,us,us7000s103,2026-03-18T08:09:34.040Z,"52 km NNW of Hirara, Japan",earthquake,6.42,1.831,0.047,44,reviewed,us,us
2026-02-28T05:35:22.726Z,-17.9755,-178.4316,571.306,4.8,mb,103,80,2.575,0.64,us,us7000s0zy,2026-03-18T08:03:12.040Z,"238 km E of Levuka, Fiji",earthquake,13.01,8.317,0.058,95,reviewed,us,us
2026-02-28T04:37:35.936Z,-20.0705,-177.8714,560.819,4.1,mb,24,96,4.431,0.61,us,us6000sfvw,2026-03-13T02:44:28.040Z,"294 km WNW of Houma, Tonga",earthquake,16.09,10.22,0.14,17,reviewed,us,us
2026-02-28T04:15:56.350Z,3.5408,124.5421,350.457,4.4,mb,65,102,3.654,0.89,us,us7000s0zp,2026-03-13T02:34:04.040Z,"229 km SSW of Sarangani, Philippines",earthquake,11.42,7.728,0.069,71,reviewed,us,us
2026-02-28T03:14:10.615Z,33.635,91.1876,10,4.5,mb,27,127,3.92,0.48,us,us6000sfvu,2026-03-13T02:26:55.040Z,"252 km NNW of Nagqu, China",earthquake,12.71,1.892,0.124,19,reviewed,us,us
2026-02-28T02:34:49.478Z,40.7677,48.7376,10,4.4,mb,38,84,1.477,0.92,us,us6000sfvt,2026-03-13T02:12:33.040Z,"17 km NNE of Shamakhi, Azerbaijan",earthquake,7.18,1.924,0.098,30,reviewed,us,us
2026-02-28T01:49:20.129Z,25.2429,124.9932,10,5.1,mww,81,82,1.102,0.97,us,us7000s0z7,2026-03-13T01:58:14.040Z,"57 km NNW of Hirara, Japan",earthquake,6.51,1.824,0.052,35,reviewed,us,us
2026-02-27T23:38:39.870Z,40.7514,48.8018,10,4.2,mb,21,102,1.449,0.49,us,us7000s0xx,2026-03-22T02:33:37.040Z,"16 km SW of Altıağac, Azerbaijan",earthquake,9.1,1.935,0.115,21,reviewed,us,us
2026-02-27T23:06:38.990Z,28.0272,139.9178,446.646,4.4,mb,65,125,7.698,0.71,us,us7000s0xh,2026-03-22T02:20:15.040Z,"Bonin Islands, Japan region",earthquake,12.09,7.241,0.038,203,reviewed,us,us
2026-02-27T22:44:40.952Z,51.6013,159.7883,35,4.5,mb,12,142,1.587,0.82,us,us6000sfvh,2026-03-23T23:09:10.040Z,"175 km SSE of Vilyuchinsk, Russia",earthquake,11.36,1.963,0.221,6,reviewed,us,us
2026-02-27T22:26:33.134Z,2.4258,125.9192,10,4.2,mb,21,134,7.968,1.16,us,us6000sfvg,2026-03-16T04:36:27.040Z,"140 km NE of Bitung, Indonesia",earthquake,11.09,1.887,0.132,17,reviewed,us,us
2026-02-27T22:01:16.809Z,40.7919,48.7566,10,4.1,mb,22,127,2.812,0.63,us,us6000sfvd,2026-03-16T02:09:07.040Z,"16 km WSW of Altıağac, Azerbaijan",earthquake,11.33,1.963,0.126,17,reviewed,us,us
2026-02-27T21:31:26.479Z,-9.7799,118.9897,59.722,4.2,mb,22,92,4.795,0.51,us,us6000sfvb,2026-03-23T23:02:44.040Z,"47 km SW of Tambolaka, Indonesia",earthquake,8.76,6.646,0.152,12,reviewed,us,us
2026-02-27T19:24:04.790Z,35.8817,74.9067,47.786,4.2,mb,73,123,3.104,0.74,us,us7000s0vh,2026-03-20T17:59:55.040Z,"52 km SSE of Barishal, Pakistan",earthquake,8.56,2.918,0.071,58,reviewed,us,us
2026-02-27T19:01:49.092Z,-20.6047,-177.8574,503.496,4.4,mb,34,98,4.799,0.58,us,us6000sfv9,2026-03-20T17:54:12.040Z,"273 km WNW of Houma, Tonga",earthquake,15.09,9.731,0.095,32,reviewed,us,us
2026-02-27T19:01:28.801Z,-16.3237,-173.7528,10,4.7,mb,59,52,3.705,0.59,us,us6000sfv7,2026-03-20T17:11:16.040Z,"41 km S of Hihifo, Tonga",earthquake,9.5,1.858,0.071,60,reviewed,us,us
2026-02-27T18:58:08.469Z,-5.5009,147.2165,191.149,4.3,mb,18,116,3.879,0.49,us,us6000sfv8,2026-03-20T16:56:34.040Z,"136 km NNW of Finschhafen, Papua New Guinea",earthquake,10.32,12.662,0.16,11,reviewed,us,us
2026-02-27T18:55:55.968Z,-15.2109,-72.2522,154.06,4.2,mb,16,126,3.636,0.54,us,us7000s0vb,2026-03-20T16:33:53.040Z,"11 km ENE of Orcopampa, Peru",earthquake,9.78,16.227,0.186,8,reviewed,us,us
2026-02-27T18:31:18.635Z,-60.2661,-61.5252,10,5.3,mb,150,46,4.673,0.61,us,us7000s0v7,2026-03-20T16:31:29.040Z,"Drake Passage",earthquake,7.43,1.724,0.053,121,reviewed,us,us
2026-02-27T18:01:15.037Z,52.4194,-170.0079,23.077,3.9,mb,22,212,0.378,0.61,us,us7000s0y7,2026-03-20T16:26:06.040Z,"96 km SW of Nikolski, Alaska",earthquake,4.01,10.979,0.193,8,reviewed,us,us
2026-02-27T17:31:00.329Z,-3.4339,140.1298,42.852,4.4,mb,43,81,1.078,1.38,us,us6000sfv6,2026-03-20T16:19:33.040Z,"108 km SSW of Abepura, Indonesia",earthquake,7.12,8.31,0.097,31,reviewed,us,us
2026-02-27T17:10:48.969Z,55.5626,-149.3831,10,3.6,ml,67,201,2.841,0.51,us,us7000s1c3,2026-03-20T15:30:56.040Z,"289 km SE of Chiniak, Alaska",earthquake,8.53,2,0.066,30,reviewed,us,us
2026-02-27T17:09:00.554Z,12.0713,-87.9692,31.362,4.5,mb,89,156,1.116,0.75,us,us6000sfv4,2026-03-19T22:15:35.040Z,"93 km SW of Jiquilillo, Nicaragua",earthquake,6,7.006,0.062,77,reviewed,us,us
2026-02-27T16:23:51.202Z,8.9272,126.2256,78.53,4.6,mb,111,94,1.954,0.83,us,us7000s0se,2026-03-21T19:48:35.040Z,"7 km W of Bacolod, Philippines",earthquake,2.91,6.929,0.051,116,reviewed,us,us
2026-02-27T16:17:08.408Z,-27.6234,64.3197,10,4.9,mb,80,42,7.88,0.46,us,us7000s0sh,2026-03-21T19:44:13.040Z,"Southwest Indian Ridge",earthquake,10.48,1.845,0.066,73,reviewed,us,us
2026-02-27T15:45:31.230Z,-11.8378,166.6133,180.664,4.7,mb,38,100,3.633,0.8,us,us7000s0s8,2026-03-21T19:40:24.040Z,"151 km SE of Lata, Solomon Islands",earthquake,13.3,8.394,0.092,36,reviewed,us,us
2026-02-27T14:54:28.525Z,25.2804,125.02,10,4.6,mb,61,102,1.146,0.51,us,us6000sfv1,2026-03-23T08:27:11.040Z,"59 km NNW of Hirara, Japan",earthquake,6.91,1.87,0.08,47,reviewed,us,us
2026-02-27T14:48:19.527Z,25.2447,125.001,10,5,mww,78,92,1.108,0.7,us,us7000s0qv,2026-03-24T14:51:13.040Z,"57 km NNW of Hirara, Japan",earthquake,5.78,1.743,0.053,34,reviewed,us,us
2026-02-27T13:53:26.988Z,-3.0362,130.2768,10,4.2,mb,15,74,1.522,0.65,us,us6000sfuy,2026-03-23T08:11:49.040Z,"148 km ENE of Masohi, Indonesia",earthquake,5.94,1.894,0.146,13,reviewed,us,us
2026-02-27T13:39:56.198Z,3.9779,126.5983,185.82,4.3,mb,21,129,3.234,0.63,us,us6000sfux,2026-03-23T07:59:47.040Z,"201 km SE of Sarangani, Philippines",earthquake,15.3,9.566,0.126,18,reviewed,us,us
2026-02-27T13:34:50.644Z,37.7694,72.2328,108.501,4.1,mb,41,232,0.578,0.97,us,us7000s0qm,2026-03-24T12:57:45.040Z,"67 km ENE of Khorugh, Tajikistan",earthquake,8.27,3.889,0.101,27,reviewed,us,us
2026-02-27T12:53:30.148Z,51.3763,159.7053,10,4.3,mb,19,139,1.773,0.59,us,us6000sfuv,2026-03-22T14:11:01.040Z,"194 km SSE of Vilyuchinsk, Russia",earthquake,11.38,1.934,0.133,16,reviewed,us,us
2026-02-27T12:49:53.551Z,51.6404,159.25,61.572,4.4,mb,30,135,1.433,0.73,us,us6000sfuu,2026-03-22T12:14:45.040Z,"154 km SSE of Vilyuchinsk, Russia",earthquake,11.81,7.633,0.103,27,reviewed,us,us
2026-02-27T12:35:26.989Z,-8.1531,117.933,205.916,4.2,mb,21,74,0.688,0.73,us,us6000sfut,2026-03-22T11:46:37.040Z,"57 km ENE of Pototano, Indonesia",earthquake,9.47,6.057,0.146,13,reviewed,us,us
2026-02-27T12:05:02.941Z,40.748,48.8798,10,4.2,mb,30,152,2.914,0.99,us,us6000sfv5,2026-03-23T08:39:42.040Z,"13 km SSW of Altıağac, Azerbaijan",earthquake,6.57,1.946,0.128,17,reviewed,us,us
2026-02-27T12:00:34.321Z,6.849,126.712,10,4.4,mb,27,92,1.146,0.64,us,us6000sfus,2026-03-22T11:01:31.040Z,"36 km SE of Tarragona, Philippines",earthquake,7.99,2.311,0.114,22,reviewed,us,us
2026-02-27T11:52:47.253Z,40.7241,48.5941,10,4.8,mww,82,37,1.467,0.85,us,us7000s0q7,2026-03-24T14:37:26.040Z,"11 km NNW of Shamakhi, Azerbaijan",earthquake,5.73,1.827,0.093,11,reviewed,us,us
2026-02-27T11:06:58.290Z,19.0468,-68.128,79,3.68,md,17,186,0.5901,0.66,pr,pr2026058000,2026-03-24T14:33:13.040Z,"59 km NNE of Punta Cana, Dominican Republic",earthquake,4.08,5.38,0.1,9,reviewed,pr,pr
2026-02-27T11:01:04.415Z,25.1821,125.1632,10,4.7,mb,63,71,1.162,0.81,us,us7000s0q0,2026-03-24T14:28:19.040Z,"44 km NNW of Hirara, Japan",earthquake,6.45,1.873,0.078,50,reviewed,us,us
2026-02-27T11:00:00.314Z,-45.1084,167.4804,126.698,4.2,mb,27,81,0.424,0.87,us,us7000s0px,2026-03-24T11:20:40.040Z,"38 km NNW of Te Anau, New Zealand",earthquake,5.54,4.301,0.186,8,reviewed,us,us
2026-02-27T08:03:21.605Z,-53.6432,-51.5636,10,4.5,mb,21,113,4.421,0.92,us,us6000sfuw,2026-03-13T07:07:50.040Z,"South Atlantic Ocean",earthquake,5.87,1.939,0.124,19,reviewed,us,us
2026-02-27T07:52:25.050Z,22.5236,89.1853,10,5,mww,83,72,5.482,0.64,us,us7000s0pc,2026-03-20T03:21:23.123Z,"23 km SSE of Sātkhira, Bangladesh",earthquake,8.97,1.854,0.093,11,reviewed,us,us
2026-02-27T06:43:25.997Z,25.2043,124.9881,10,4.7,mb,51,71,1.069,0.86,us,us7000s0p2,2026-03-13T06:38:01.040Z,"54 km NW of Hirara, Japan",earthquake,6.58,1.864,0.077,52,reviewed,us,us
2026-02-27T06:27:35.620Z,-21.0299,-70.0138,51.932,4.6,mb,25,131,0.309,1.03,us,us7000s0nv,2026-03-20T14:34:45.040Z,"83 km S of La Tirana, Chile",earthquake,3.71,4.987,0.087,39,reviewed,us,us
2026-02-27T06:11:46.941Z,25.2055,125.004,10,4.8,mww,62,93,1.08,0.83,us,us7000s0nu,2026-03-13T06:09:56.040Z,"53 km NW of Hirara, Japan",earthquake,6.2,1.59,0.08,15,reviewed,us,us
2026-02-27T06:11:20.624Z,25.0776,125.0551,10,4.3,mb,30,109,1.02,0.62,us,us7000s0nz,2026-03-13T06:04:03.040Z,"39 km NW of Hirara, Japan",earthquake,3.86,1.93,0.111,23,reviewed,us,us
2026-02-27T05:50:38.841Z,25.2242,124.9884,10,4.2,mb,43,102,1.085,0.67,us,us6000sfum,2026-03-13T05:58:16.040Z,"56 km NW of Hirara, Japan",earthquake,6.98,1.883,0.108,24,reviewed,us,us
2026-02-27T05:45:09.785Z,-5.683,133.7283,10,4.7,mb,20,91,3.117,0.56,us,us7000s0nq,2026-03-13T05:50:39.040Z,"108 km E of Tual, Indonesia",earthquake,8.97,1.898,0.134,17,reviewed,us,us
2026-02-27T05:19:08.745Z,16.5143,-98.6649,35,4.4,mb,45,184,0.498,1.24,us,us7000s0nm,2026-03-13T05:38:43.040Z,"7 km E of Barra de Tecoanapa, Mexico",earthquake,4.26,1.963,0.043,158,reviewed,us,us
2026-02-27T05:17:52.119Z,51.5045,-174.8703,34.108,5,mb,88,181,0.813,0.87,us,us7000s0nl,2026-04-03T05:27:54.535Z,"89 km SSW of Atka, Alaska",earthquake,5.17,6.185,0.034,272,reviewed,us,us
2026-02-27T04:39:00.627Z,25.1455,125.0305,10,4.4,mb,31,104,1.051,0.78,us,us6000sfuq,2026-03-13T01:38:33.040Z,"46 km NW of Hirara, Japan",earthquake,6.07,1.889,0.118,22,reviewed,us,us
2026-02-27T04:19:31.284Z,52.269,160.5069,35,4.4,mb,26,226,1.36,0.87,us,us6000sfuj,2026-03-13T01:29:39.040Z,"154 km SE of Petropavlovsk-Kamchatsky, Russia",earthquake,13.71,1.997,0.134,17,reviewed,us,us
2026-02-27T03:57:32.845Z,13.4655,145.0068,69.673,4.5,mb,43,79,8.994,0.94,us,us6000sfup,2026-03-13T01:09:58.040Z,"14 km ESE of Yigo Village, Guam",earthquake,12.95,7.806,0.087,47,reviewed,us,us
2026-02-27T03:51:37.978Z,34.4068,45.5634,10,4.6,mb,52,105,0.72,0.87,us,us7000s0ng,2026-03-13T00:40:51.040Z,"28 km WSW of Sarpol-e Z̄ahāb, Iran",earthquake,6.12,1.854,0.074,54,reviewed,us,us
2026-02-27T03:14:47.328Z,52.4581,-169.8186,8.281,3.9,mb,43,177,0.334,0.85,us,us7000s0wc,2026-03-25T19:26:39.040Z,"83 km SW of Nikolski, Alaska",earthquake,2.42,5.092,0.209,8,reviewed,us,us
2026-02-27T03:11:24.351Z,-21.0522,-178.4102,509.194,4.2,mb,36,136,4.687,0.64,us,us7000s0n9,2026-03-13T00:11:38.040Z,"Fiji region",earthquake,14.84,8.112,0.076,51,reviewed,us,us
2026-02-27T03:07:20.921Z,52.4778,-169.7896,10.94,3.8,mb,35,177,0.312,1.09,us,us7000s0yi,2026-03-25T19:30:21.040Z,"81 km SW of Nikolski, Alaska",earthquake,3.43,2.589,0.208,7,reviewed,us,us
2026-02-27T02:54:52.374Z,25.2601,125.0247,10,5.2,mb,67,87,1.133,0.83,us,us7000s0n7,2026-03-13T00:09:53.040Z,"57 km NNW of Hirara, Japan",earthquake,6.44,1.832,0.051,128,reviewed,us,us
2026-02-27T02:54:00.094Z,25.3111,124.9987,10,4.4,mb,25,137,1.159,0.77,us,us6000sful,2026-03-13T00:03:29.040Z,"64 km NNW of Hirara, Japan",earthquake,10.58,1.902,0.143,14,reviewed,us,us
2026-02-27T01:51:07.954Z,32.5849,49.8149,10,4.2,mb,20,119,4.241,1.26,us,us7000s0p3,2026-03-12T23:46:06.040Z,"48 km SW of Fereydūnshahr, Iran",earthquake,9.67,1.943,0.141,14,reviewed,us,us
2026-02-27T00:52:33.405Z,-19.7109,-177.6469,567.208,4.1,mb,41,138,4.288,0.57,us,us7000s0mm,2026-03-16T05:09:50.040Z,"293 km NW of Houma, Tonga",earthquake,16.96,8.055,0.076,49,reviewed,us,us
2026-02-27T00:39:31.485Z,-20.53,-178.0112,507.813,4.1,mb,22,209,4.639,0.54,us,us6000sfuf,2026-03-15T00:20:00.040Z,"290 km WNW of Houma, Tonga",earthquake,17.3,6.99,0.131,17,reviewed,us,us
2026-02-26T23:21:09.895Z,-12.2452,-76.7447,65.338,4.9,mb,72,141,0.273,1.04,us,us7000s0m0,2026-03-16T04:56:18.922Z,"15 km NNE of San Bartolo, Peru",earthquake,8.52,3.55,0.058,93,reviewed,us,us
2026-02-26T23:06:30.868Z,25.2221,125.0186,10,4.5,mww,56,107,1.101,0.94,us,us7000s0lv,2026-03-16T04:42:56.040Z,"54 km NNW of Hirara, Japan",earthquake,6.17,1.893,0.098,10,reviewed,us,us
2026-02-26T21:49:48.451Z,25.1888,124.8605,10,4.3,mb,29,122,0.987,0.82,us,us7000s0l8,2026-03-15T04:25:59.040Z,"59 km NNE of Tarama, Japan",earthquake,8.12,1.923,0.105,26,reviewed,us,us
2026-02-26T20:38:26.841Z,51.0069,-179.2648,10,3.8,ml,16,231,0.616,0.72,us,us7000s0n8,2026-03-13T18:44:04.040Z,"206 km WSW of Adak, Alaska",earthquake,3.02,1.835,0.097,14,reviewed,us,us
2026-02-26T20:07:53.321Z,48.1647,146.1664,496.902,4,mb,55,124,2.603,1.47,us,us7000s0kh,2026-03-13T18:42:56.040Z,"254 km ESE of Vakhrushev, Russia",earthquake,12.7,8.97,0.076,46,reviewed,us,us
2026-02-26T20:01:37.222Z,51.5331,159.6295,36.184,4.3,mb,41,144,1.609,0.73,us,us7000s0kg,2026-03-13T18:29:28.040Z,"176 km SSE of Vilyuchinsk, Russia",earthquake,11.63,7.703,0.099,29,reviewed,us,us
2026-02-26T18:57:51.940Z,51.5143,159.2561,35,4.6,mb,50,135,1.557,0.98,us,us7000s0k1,2026-03-13T18:23:45.040Z,"168 km SSE of Vilyuchinsk, Russia",earthquake,9.68,1.927,0.087,39,reviewed,us,us
2026-02-26T18:56:16.790Z,51.6621,160.2371,46.668,4.5,mb,51,138,1.675,0.87,us,us7000s0k0,2026-03-13T18:20:02.040Z,"188 km SE of Vilyuchinsk, Russia",earthquake,11.51,7.377,0.082,44,reviewed,us,us
2026-02-26T18:51:49.937Z,25.1824,125.0052,10,4.8,mb,65,81,1.063,0.71,us,us7000s0jt,2026-03-13T18:15:21.040Z,"51 km NW of Hirara, Japan",earthquake,3.86,1.798,0.076,54,reviewed,us,us
2026-02-26T18:45:41.030Z,-21.0618,-68.7822,118.896,4.6,mb,39,61,0.659,0.72,us,us7000s0js,2026-03-13T18:09:29.040Z,"57 km WNW of Ollagüe, Chile",earthquake,5.28,6.068,0.066,70,reviewed,us,us
2026-02-26T18:35:09.225Z,-33.4313,-178.8095,10,4.3,mb,16,169,4.241,0.5,us,us7000s3p8,2026-03-13T17:07:22.040Z,"south of the Kermadec Islands",earthquake,9.95,1.862,0.178,9,reviewed,us,us
2026-02-26T17:21:52.987Z,45.7676,26.7083,115.83,4.5,mb,57,32,0.603,0.78,us,us7000s0im,2026-03-13T18:02:21.734Z,"1 km SSW of Paltin, Romania",earthquake,5.97,5.801,0.094,33,reviewed,us,us
2026-02-26T17:17:09.456Z,38.0587,37.3319,10,4.6,mwr,90,67,0.916,0.62,us,us7000s0ij,2026-03-13T17:29:16.833Z,"12 km E of Ekinözü, Turkey",earthquake,4.19,1.86,0.06,27,reviewed,us,us
2026-02-26T17:04:49.533Z,43.6634,150.5511,10,5,mb,79,135,5.68,0.64,us,us7000s0ig,2026-03-13T17:20:48.040Z,"274 km SE of Kuril’sk, Russia",earthquake,10.47,1.885,0.034,282,reviewed,us,us
2026-02-26T17:00:39.110Z,-57.8229,-24.9867,35,4.5,mb,26,95,7.35,0.89,us,us7000s3p4,2026-03-13T16:50:14.040Z,"South Sandwich Islands region",earthquake,8,1.922,0.11,24,reviewed,us,us
2026-02-26T16:24:40.776Z,10.0034,125.3014,208.544,4.4,mb,73,70,2.928,0.84,us,us7000s0h0,2026-03-20T19:57:10.040Z,"16 km ESE of San Francisco, Philippines",earthquake,11.24,7.567,0.065,69,reviewed,us,us
2026-02-26T15:53:58.294Z,25.0834,125.0097,10.301,4.7,mb,68,77,0.994,0.62,us,us7000s0gv,2026-03-20T19:51:30.040Z,"42 km NW of Hirara, Japan",earthquake,7.01,5.014,0.074,55,reviewed,us,us
2026-02-26T15:29:45.020Z,-25.6079,179.6601,494.072,4.7,mb,59,76,4.209,0.78,us,us7000s0gu,2026-03-20T19:41:12.040Z,"south of the Fiji Islands",earthquake,12.57,6.869,0.039,195,reviewed,us,us
2026-02-26T14:38:04.080Z,-31.362,-178.8564,66.168,4.4,mb,19,159,2.257,1.04,us,us7000s3p7,2026-03-20T19:32:31.040Z,"Kermadec Islands region",earthquake,10.81,11.592,0.155,15,reviewed,us,us
2026-02-26T14:20:25.941Z,-19.4451,-172.9567,10,4.7,mb,20,82,2.885,0.81,us,us7000s0gf,2026-03-20T19:23:08.040Z,"139 km SE of Neiafu, Tonga",earthquake,11.41,1.928,0.12,22,reviewed,us,us
2026-02-26T12:38:27.116Z,51.3975,160.0671,10,4.2,mb,25,138,1.847,1.15,us,us7000s3p2,2026-03-24T13:28:09.040Z,"205 km SSE of Vilyuchinsk, Russia",earthquake,10.12,1.916,0.132,17,reviewed,us,us
2026-02-26T11:55:17.969Z,35.3865,141.3174,40.766,4.4,mb,22,140,2.772,0.71,us,us7000s3nw,2026-03-26T13:08:54.040Z,"58 km SE of Hasaki, Japan",earthquake,6.95,8.521,0.189,8,reviewed,us,us
2026-02-26T11:52:12.168Z,27.3076,88.107,10,4.3,mb,47,161,3.572,0.86,us,us7000s0fm,2026-03-25T13:04:27.496Z,"15 km W of Gyalshing, India",earthquake,10.42,1.907,0.09,35,reviewed,us,us
2026-02-26T10:32:43.337Z,-21.7127,-68.6298,109.805,4.3,mb,25,85,0.575,0.49,us,us7000s0fa,2026-03-23T13:31:31.040Z,"66 km SW of Ollagüe, Chile",earthquake,5.46,7.237,0.142,14,reviewed,us,us
2026-02-26T09:07:45.037Z,-21.8116,-68.6304,110.181,4.9,mwr,68,41,0.568,0.99,us,us7000s0ew,2026-03-23T13:43:15.040Z,"75 km SSW of Ollagüe, Chile",earthquake,5.97,4.739,0.061,26,reviewed,us,us
2026-02-26T08:39:37.352Z,4.2172,125.6958,140.862,4,mb,16,140,2.836,0.36,us,us7000s3nu,2026-03-18T07:56:31.040Z,"133 km S of Sarangani, Philippines",earthquake,15.83,6.454,0.143,13,reviewed,us,us
2026-02-26T07:04:24.714Z,50.0473,156.7844,42.526,5.1,mb,271,119,3.118,0.54,us,us7000s0ek,2026-03-18T07:48:31.633Z,"84 km SSE of Severo-Kuril’sk, Russia",earthquake,4.62,6.664,0.027,454,reviewed,us,us
2026-02-26T06:39:21.842Z,51.474,159.1698,40.112,4.2,mb,23,137,1.584,0.7,us,us7000s3nq,2026-03-18T07:24:24.040Z,"170 km SSE of Vilyuchinsk, Russia",earthquake,12.3,8.281,0.132,16,reviewed,us,us
2026-02-26T06:20:34.114Z,25.3061,125.0145,10,4.1,mb,22,155,1.163,0.8,us,us7000s3np,2026-03-18T07:16:40.040Z,"62 km NNW of Hirara, Japan",earthquake,4.12,1.947,0.165,10,reviewed,us,us
2026-02-26T06:07:30.001Z,51.4423,159.6559,10,4.6,mb,55,127,1.7,1.02,us,us7000s0ed,2026-03-18T07:10:45.040Z,"186 km SSE of Vilyuchinsk, Russia",earthquake,8.79,1.888,0.079,48,reviewed,us,us
2026-02-26T06:04:05.847Z,27.2253,88.1573,10,4.8,mb,62,98,3.596,0.63,us,us7000s0ec,2026-03-18T07:07:47.475Z,"12 km SW of Gyalshing, India",earthquake,10.46,1.872,0.07,63,reviewed,us,us
2026-02-26T05:58:51.499Z,51.4095,159.2745,35,4.9,mb,53,137,1.661,0.56,us,us7000s0ea,2026-03-18T06:53:07.040Z,"179 km SSE of Vilyuchinsk, Russia",earthquake,11.57,1.934,0.081,48,reviewed,us,us
2026-02-26T05:57:45.927Z,51.2679,159.5861,10,4.5,mb,42,123,1.85,0.74,us,us7000s0es,2026-03-18T06:48:48.040Z,"201 km SSE of Vilyuchinsk, Russia",earthquake,6.89,1.81,0.096,32,reviewed,us,us
2026-02-26T05:39:45.419Z,1.6073,122.5905,10,4.3,mb,21,77,7.162,0.59,us,us7000s3nn,2026-03-18T06:47:09.040Z,"129 km NNW of Gorontalo, Indonesia",earthquake,12.87,1.935,0.129,17,reviewed,us,us
2026-02-26T05:30:34.728Z,51.4505,159.5262,10,4.5,mb,49,127,1.665,0.54,us,us7000s0e2,2026-03-18T06:41:36.040Z,"181 km SSE of Vilyuchinsk, Russia",earthquake,9.56,1.9,0.083,43,reviewed,us,us
2026-02-26T05:09:02.592Z,51.4899,159.7035,23.156,4.2,mb,18,137,1.667,0.91,us,us7000s3nv,2026-03-18T06:34:52.040Z,"183 km SSE of Vilyuchinsk, Russia",earthquake,12.17,5.115,0.152,12,reviewed,us,us
2026-02-26T04:59:03.698Z,51.4084,159.6618,18,5.7,mww,114,120,1.733,0.87,us,us7000s0dq,2026-03-21T05:20:05.550Z,"190 km SSE of Vilyuchinsk, Russia",earthquake,8.92,1.865,0.071,19,reviewed,us,us
2026-02-26T03:34:21.796Z,-6.1038,128.6408,331.323,4.3,mb,39,62,2.013,0.78,us,us7000s0dl,2026-03-21T04:14:01.040Z,"271 km S of Ambon, Indonesia",earthquake,9.99,7.764,0.094,32,reviewed,us,us
2026-02-26T02:49:04.393Z,-20.6485,-176.3877,223.598,5.2,mww,50,85,5.779,0.92,us,us7000s0da,2026-03-21T03:55:36.040Z,"126 km WNW of Houma, Tonga",earthquake,11.31,6.57,0.093,11,reviewed,us,us
2026-02-26T02:36:05.415Z,-23.6809,-179.823,506.765,4.2,mb,24,199,6.231,0.6,us,us7000s3nj,2026-03-20T04:40:30.040Z,"south of the Fiji Islands",earthquake,15.19,10.866,0.125,18,reviewed,us,us
2026-02-26T00:21:00.447Z,-21.116,-67.305,209.492,4,mb,18,130,1.927,0.95,us,us7000s0cg,2026-03-19T03:06:10.040Z,"88 km SW of Uyuni, Bolivia",earthquake,9.36,14.41,0.232,5,reviewed,us,us
2026-02-26T00:20:52.720Z,35.305666666667,-117.45233333333,4.1,3.55,ml,69,50,0.1512,0.14,ci,ci41404008,2026-03-25T09:19:45.886Z,"18 km ESE of Johannesburg, CA",earthquake,0.13,0.55,0.14208350798886,309,reviewed,ci,ci
2026-02-25T22:40:46.361Z,47.3491,157.5147,10,4.9,mww,230,97,5.727,0.77,us,us7000s0bx,2026-03-19T02:31:59.040Z,"east of the Kuril Islands",earthquake,8.92,1.806,0.103,9,reviewed,us,us
2026-02-25T22:24:48.758Z,22.1564,144.8472,35,4.4,mb,43,154,14.816,0.76,us,us7000s3gf,2026-03-19T00:06:25.040Z,"Volcano Islands, Japan region",earthquake,13.94,1.96,0.095,32,reviewed,us,us
2026-02-25T21:52:38.345Z,38.3879,142.2024,48.298,4.1,mb,18,144,2.554,0.33,us,us7000s3ge,2026-03-18T23:45:53.040Z,"66 km E of Onagawa Chō, Japan",earthquake,6.64,9.325,0.158,11,reviewed,us,us
2026-02-25T20:38:54.671Z,-0.548,133.4198,10,4.1,mb,22,133,2.63,0.9,us,us7000s0au,2026-03-11T15:46:53.040Z,"79 km WNW of Manokwari, Indonesia",earthquake,8.26,1.9,0.157,13,reviewed,us,us
2026-02-25T20:14:52.272Z,38.6895,-97.5314,6.977,3.5,mwr,32,74,0.727,0.41,us,us7000s0ai,2026-03-11T15:34:14.412Z,"6 km E of Assaria, Kansas",earthquake,2.36,8.78,0.073,18,reviewed,us,us
2026-02-25T20:04:22.668Z,-5.2638,131.0084,64.303,4.5,mb,68,76,1.324,0.95,us,us7000s0ad,2026-03-11T15:15:48.040Z,"197 km WNW of Tual, Indonesia",earthquake,7.04,5.775,0.082,44,reviewed,us,us
2026-02-25T19:58:57.076Z,-17.1288,168.4441,228.248,4,mb,18,198,2.053,0.51,us,us7000s3ga,2026-03-11T14:57:39.040Z,"68 km NNE of Port-Vila, Vanuatu",earthquake,12.72,13.722,0.164,12,reviewed,us,us
2026-02-25T19:47:53.454Z,-16.2708,-173.0608,10,4.4,mb,17,73,3.139,0.97,us,us7000s3g9,2026-03-11T14:42:39.040Z,"86 km ESE of Hihifo, Tonga",earthquake,11.72,1.904,0.127,18,reviewed,us,us
2026-02-25T18:11:56.748Z,0.2825,122.1175,152.911,4.6,mb,105,63,5.767,0.79,us,us7000s09r,2026-03-11T13:56:54.040Z,"108 km WSW of Gorontalo, Indonesia",earthquake,9.65,6.174,0.061,81,reviewed,us,us
2026-02-25T17:49:30.311Z,-0.392,98.9797,61.488,4.9,mb,48,160,2.194,0.87,us,us7000s09j,2026-03-10T21:32:44.040Z,"129 km W of Pariaman, Indonesia",earthquake,6.54,7.77,0.087,41,reviewed,us,us
2026-02-25T17:44:36.349Z,-9.6395,149.8064,10,4.7,mb,44,124,2.621,0.67,us,us7000s09h,2026-03-10T21:20:19.040Z,"103 km NW of Alotau, Papua New Guinea",earthquake,9.06,1.894,0.099,31,reviewed,us,us
2026-02-25T17:17:01.900Z,31.6248,132.054,10,4.9,mww,94,94,1.372,0.74,us,us7000s09b,2026-03-10T21:12:45.040Z,"65 km E of Nichinan, Japan",earthquake,5.96,1.836,0.078,16,reviewed,us,us
2026-02-25T17:13:28.336Z,52.5176,-169.7949,15.91,3.8,mb,34,177,0.273,0.87,us,us7000s0bf,2026-03-10T20:55:47.040Z,"78 km SW of Nikolski, Alaska",earthquake,3.46,6.355,0.14,13,reviewed,us,us
2026-02-25T17:12:18.216Z,-18.923,169.412,250.116,4.9,mww,54,79,4.05,0.53,us,us7000s09a,2026-03-10T20:41:28.040Z,"69 km NNE of Isangel, Vanuatu",earthquake,9.69,7.98,0.103,9,reviewed,us,us
2026-02-25T16:51:48.981Z,22.9893,94.7613,125.346,4.9,mww,114,51,1.781,0.8,us,us7000s096,2026-03-14T04:32:56.764Z,"81 km SSE of Mawlaik, Burma (Myanmar)",earthquake,6.2,5.696,0.089,12,reviewed,us,us
2026-02-25T16:47:40.163Z,52.4563,-169.8406,2.023,3.5,ml,23,212,0.338,1.12,us,us7000s3bm,2026-03-13T21:46:58.040Z,"85 km SW of Nikolski, Alaska",earthquake,2.97,9.246,0.097,14,reviewed,us,us
2026-02-25T15:38:23.372Z,27.292,52.4585,10,4,mb,28,161,4.099,0.82,us,us7000s07n,2026-03-13T21:22:48.040Z,"51 km SW of Mohr, Iran",earthquake,10.2,1.937,0.096,29,reviewed,us,us
2026-02-25T14:04:10.596Z,52.4598,-169.8197,13.501,3.7,ml,24,212,0.332,0.51,us,us7000s39h,2026-03-19T15:39:43.040Z,"83 km SW of Nikolski, Alaska",earthquake,2.87,8.403,0.091,16,reviewed,us,us
2026-02-25T13:49:34.814Z,-4.886,153.2201,48.87,4.2,mb,13,147,1.259,0.56,us,us7000s3g2,2026-03-19T13:36:02.040Z,"121 km ESE of Kokopo, Papua New Guinea",earthquake,9.86,7.618,0.186,9,reviewed,us,us
2026-02-25T13:19:43.800Z,0.0099,124.4534,69.287,4.5,mb,40,80,6.852,0.68,us,us7000s070,2026-03-19T12:47:05.040Z,"48 km S of Modisi, Indonesia",earthquake,9.91,9.139,0.099,31,reviewed,us,us
2026-02-25T12:07:40.264Z,55.4622,161.5465,82.729,4,mb,45,132,2.977,0.43,us,us7000s3fy,2026-03-15T06:15:30.040Z,"103 km SW of Ust’-Kamchatsk Staryy, Russia",earthquake,13.51,8.579,0.09,33,reviewed,us,us
2026-02-25T11:14:03.799Z,-5.347,145.8805,81.449,5.4,mww,125,31,3.601,0.82,us,us7000s06i,2026-03-15T06:17:57.342Z,"17 km SE of Madang, Papua New Guinea",earthquake,7.57,5.423,0.057,30,reviewed,us,us
2026-02-25T11:12:07.666Z,37.0237,71.5523,121.27,5.4,mww,170,41,1.485,0.64,us,us7000s06h,2026-03-12T11:44:18.076Z,"33 km N of Ishqoshim, Tajikistan",earthquake,6.76,5.439,0.083,14,reviewed,us,us
2026-02-25T10:16:24.532Z,52.3913,-169.7924,9.574,3.6,mb,55,176,0.398,0.76,us,us7000s077,2026-03-15T06:03:49.040Z,"87 km SW of Nikolski, Alaska",earthquake,4.46,6.747,0.249,4,reviewed,us,us
2026-02-25T10:05:51.007Z,-18.9388,-178.0812,606.799,4.1,mb,17,225,3.448,0.55,us,us7000s3fw,2026-03-15T05:59:48.040Z,"291 km ESE of Levuka, Fiji",earthquake,11.98,18.111,0.145,13,reviewed,us,us
2026-02-25T09:48:08.841Z,-10.5861,165.8949,121.261,5,mww,139,58,4.997,0.57,us,us7000s06c,2026-03-15T05:56:00.040Z,"18 km NE of Lata, Solomon Islands",earthquake,9.88,7.063,0.075,17,reviewed,us,us
2026-02-25T09:41:35.742Z,41.472,142.0029,65.674,4.6,mb,69,121,0.983,0.45,us,us7000s069,2026-03-15T05:51:04.040Z,"68 km ENE of Mutsu, Japan",earthquake,6.43,7.504,0.07,60,reviewed,us,us
2026-02-25T09:07:45.997Z,32.0687,132.5883,17.334,5.2,mww,240,49,1.902,0.64,us,us7000s066,2026-03-15T05:49:03.114Z,"96 km S of Sukumo, Japan",earthquake,6.02,3.601,0.068,21,reviewed,us,us
2026-02-25T09:04:46.829Z,-6.6896,128.1789,294.156,4.4,mb,51,52,2.754,0.61,us,us7000s064,2026-03-15T05:39:22.040Z,"240 km NNE of Lospalos, Timor Leste",earthquake,8.78,7.716,0.092,34,reviewed,us,us
2026-02-25T08:13:29.883Z,49.8949,155.8558,63.562,4,mb,36,137,3.418,0.74,us,us7000s3ft,2026-03-19T08:31:50.040Z,"88 km SSW of Severo-Kuril’sk, Russia",earthquake,11.82,8.433,0.119,20,reviewed,us,us
2026-02-25T07:51:04.624Z,15.7724,122.2967,10.975,4.4,mb,31,131,8.073,0.73,us,us7000s3fr,2026-03-19T13:43:35.040Z,"80 km E of Suklayin, Philippines",earthquake,12.3,5.345,0.13,20,reviewed,us,us
2026-02-25T06:00:15.179Z,24.912,97.9069,10,4.3,mb,30,106,4.603,0.76,us,us7000s05i,2026-03-19T13:20:10.040Z,"22 km N of Yingjiang, China",earthquake,6.94,1.896,0.138,15,reviewed,us,us
2026-02-25T04:13:24.019Z,13.1014,146.9742,10,4.4,mb,37,127,2.41,0.86,us,us7000s3fk,2026-03-13T23:14:11.040Z,"231 km ESE of Yigo Village, Guam",earthquake,11.89,1.917,0.103,27,reviewed,us,us
2026-02-25T03:34:14.527Z,52.6517,-173.0453,157.375,4.4,mb,78,143,0.687,0.73,us,us7000s055,2026-03-14T04:19:58.480Z,"93 km ENE of Atka, Alaska",earthquake,7.86,6.45,0.07,58,reviewed,us,us
2026-02-25T03:18:53.219Z,4.5945,95.5859,94.84,4.5,mb,52,157,1.495,0.77,us,us7000s3fj,2026-03-13T22:51:22.040Z,"78 km NW of Meulaboh, Indonesia",earthquake,9.78,8.278,0.085,41,reviewed,us,us
2026-02-25T03:15:54.257Z,24.6435,97.4409,10,4.8,mb,64,86,4.138,0.93,us,us7000s053,2026-03-14T04:12:17.040Z,"41 km W of Taiping, China",earthquake,9.26,1.884,0.082,46,reviewed,us,us
2026-02-25T03:15:24.828Z,-19.1421,-172.7274,10,4.3,mb,17,103,2.648,0.75,us,us7000s3fh,2026-03-13T22:33:11.040Z,"143 km ESE of Neiafu, Tonga",earthquake,10.01,1.877,0.143,14,reviewed,us,us
2026-02-25T03:06:52.730Z,-3.8131,37.8453,10,4.6,mb,25,76,1.458,0.92,us,us7000s3fg,2026-03-30T09:11:31.858Z,"15 km ESE of Kwakoa, Tanzania",earthquake,9.24,1.903,0.129,18,reviewed,us,us
2026-02-25T00:43:53.310Z,52.4026,-169.8437,10,3.7,mb,51,211,0.392,0.92,us,us7000s07c,2026-03-11T01:41:53.040Z,"89 km SW of Nikolski, Alaska",earthquake,4.45,1.944,0.16,10,reviewed,us,us
2026-02-24T23:48:18.698Z,49.5027,159.0028,10,4.6,mb,62,135,3.532,0.51,us,us7000s03s,2026-03-18T00:56:42.040Z,"243 km ESE of Severo-Kuril’sk, Russia",earthquake,8.9,1.887,0.065,70,reviewed,us,us
2026-02-24T23:09:26.476Z,60.5294,-139.852,5,3.6,mwr,48,59,0.478,0.97,us,us7000s03f,2026-03-18T22:20:01.125Z,"109 km N of Yakutat, Alaska",earthquake,1.25,1.968,0.065,23,reviewed,us,us
2026-02-24T23:01:09.860Z,-25.1434,179.8078,501.993,4.4,mb,30,139,15.776,0.56,us,us7000s3ey,2026-03-18T00:52:30.040Z,"south of the Fiji Islands",earthquake,13.27,9.212,0.1,29,reviewed,us,us
2026-02-24T21:05:11.755Z,-3.4936,102.606,10,4.3,mb,21,155,0.929,0.73,us,us7000s3eu,2026-03-10T22:52:09.040Z,"9 km ESE of Curup, Indonesia",earthquake,9.49,1.922,0.142,14,reviewed,us,us
2026-02-24T20:38:28.956Z,8.4231,-82.8039,10,4.8,mww,103,144,0.941,0.97,us,us7000s021,2026-03-10T20:06:50.380Z,"2 km NW of La Esperanza, Panama",earthquake,6.47,1.164,0.073,18,reviewed,us,us
2026-02-24T19:06:50.975Z,52.0384,-173.7653,65.781,4.1,mb,94,176,0.312,0.85,us,us7000s01j,2026-03-10T18:47:06.040Z,"34 km ESE of Atka, Alaska",earthquake,7.85,5.682,0.058,83,reviewed,us,us
2026-02-24T19:01:08.195Z,5.7664,123.5966,10,4.6,mb,46,69,2.358,0.54,us,us7000s01p,2026-04-06T20:00:46.040Z,"81 km SW of Palimbang, Philippines",earthquake,9.61,1.89,0.091,36,reviewed,us,us
2026-02-24T19:00:04.910Z,40.9095,19.6894,10,4.1,mb,28,96,0.456,1.03,us,us7000s01e,2026-03-10T17:29:24.040Z,"3 km SSW of Lushnjë, Albania",earthquake,4.27,1.934,0.12,19,reviewed,us,us
2026-02-24T18:16:41.527Z,39.5816,141.9738,61.812,4.3,mwr,114,115,1.393,0.92,us,us7000s01b,2026-04-06T19:51:47.040Z,"7 km SSE of Miyako, Japan",earthquake,7.53,3.25,0.078,16,reviewed,us,us
2026-02-24T17:00:23.998Z,-6.8124,129.8528,177.741,4.1,mb,19,87,2.276,0.77,us,us7000s3er,2026-03-10T16:45:14.040Z,"Banda Sea",earthquake,10.76,7.229,0.165,10,reviewed,us,us
2026-02-24T16:32:25.268Z,29.7442,102.2793,10,4.2,mb,28,77,6.28,0.88,us,us7000s3eq,2026-03-19T19:15:13.040Z,"42 km SE of Kangding, China",earthquake,5.7,1.906,0.128,20,reviewed,us,us
2026-02-24T15:51:34.919Z,-31.1235,-179.8068,310.736,5,mb,114,34,2.479,1,us,us7000rzzi,2026-03-19T16:29:05.040Z,"Kermadec Islands region",earthquake,9.99,4.932,0.044,166,reviewed,us,us
2026-02-24T14:52:38.821Z,52.4863,-169.8388,14.261,3.9,mb,46,176,0.309,0.66,us,us7000s0bi,2026-03-19T16:09:07.040Z,"83 km SW of Nikolski, Alaska",earthquake,6.34,4.95,0.105,24,reviewed,us,us
2026-02-24T14:43:47.498Z,-6.9284,116.7693,510.794,4.1,mb,27,92,2.134,0.58,us,us7000s3f4,2026-03-19T15:59:02.040Z,"174 km N of Labuan Lombok, Indonesia",earthquake,15.75,10.784,0.131,16,reviewed,us,us
2026-02-24T13:59:47.856Z,-15.7519,-174.7771,10,4.3,mb,16,163,4.337,1.31,us,us7000s3f5,2026-03-19T15:46:27.040Z,"107 km WNW of Hihifo, Tonga",earthquake,7.64,1.938,0.168,12,reviewed,us,us
2026-02-24T13:40:12.038Z,-18.3455,-178.0292,625.084,4.1,mb,24,147,3.101,0.78,us,us7000s3em,2026-03-19T15:11:08.040Z,"282 km E of Levuka, Fiji",earthquake,17.09,10.3,0.127,20,reviewed,us,us
2026-02-24T12:25:49.610Z,19.452333333333,-156.162,38.8,3.56,ml,55,222,0.2424,0.13,hv,hv74907591,2026-03-18T13:27:05.500Z,"24 km WSW of Kahaluu-Keauhou, Hawaii",earthquake,0.47,0.81,0.16125806058144,42,reviewed,hv,hv
2026-02-24T11:48:00.836Z,30.4352,140.2591,10,4.4,mb,20,119,3.732,0.54,us,us7000s3ek,2026-03-19T14:23:59.040Z,"Izu Islands, Japan region",earthquake,4.83,1.86,0.178,9,reviewed,us,us
2026-02-24T10:27:51.231Z,52.7521,-170.1093,10,3.7,mb,30,168,0.792,0.51,us,us7000s3ej,2026-03-19T15:33:54.040Z,"86 km WSW of Nikolski, Alaska",earthquake,6.63,1.919,0.115,19,reviewed,us,us
2026-02-24T10:22:06.543Z,52.3568,-169.844,10,4.3,mb,132,170,0.437,0.56,us,us7000rzy7,2026-03-19T07:19:52.040Z,"92 km SW of Nikolski, Alaska",earthquake,3.09,1.888,0.042,162,reviewed,us,us
2026-02-24T09:43:50.848Z,51.386,160.7921,10,4.9,mb,196,110,2.104,0.6,us,us7000rzy3,2026-03-18T15:34:52.040Z,"237 km SE of Vilyuchinsk, Russia",earthquake,8.19,1.863,0.029,365,reviewed,us,us
2026-02-24T07:46:49.141Z,-2.0948,138.8408,14,5.3,mww,129,23,1.907,0.6,us,us7000rzxu,2026-03-17T12:09:10.040Z,"206 km WNW of Abepura, Indonesia",earthquake,7.38,1.741,0.071,19,reviewed,us,us
2026-02-24T07:03:50.634Z,-20.5758,-173.0984,10,4.8,mb,28,116,3.337,0.76,us,us7000rzxq,2026-03-18T12:32:29.040Z,"155 km ESE of Pangai, Tonga",earthquake,7.93,1.763,0.116,23,reviewed,us,us
2026-02-24T06:15:54.203Z,67.7742,143.0461,10,4.1,mb,27,84,6.261,0.94,us,us7000rzxn,2026-03-14T13:12:53.040Z,"155 km SW of Belaya Gora, Russia",earthquake,11.07,1.948,0.076,48,reviewed,us,us
2026-02-24T05:27:50.646Z,-7.231,129.1514,104.507,4.2,mb,22,113,5.278,0.68,us,us7000s3ee,2026-03-17T13:19:54.040Z,"277 km ENE of Lospalos, Timor Leste",earthquake,10.06,7.857,0.136,15,reviewed,us,us
2026-02-24T05:14:12.303Z,-17.0963,-173.3875,10,4.6,mb,20,68,3.835,0.83,us,us7000s3ed,2026-03-17T13:13:02.040Z,"133 km SSE of Hihifo, Tonga",earthquake,9.56,1.834,0.158,12,reviewed,us,us
2026-02-24T04:37:15.439Z,24.6474,121.9039,72.752,4.7,mww,142,28,0.481,0.85,us,us7000rzx8,2026-03-18T23:23:10.690Z,"19 km SE of Yilan, Taiwan",earthquake,4.64,4.23,0.098,10,reviewed,us,us
2026-02-24T04:27:01.348Z,38.2985,141.5933,69.181,4,mb,23,150,2.521,0.63,us,us7000s3ec,2026-03-18T22:56:04.040Z,"20 km SE of Onagawa Chō, Japan",earthquake,7.65,9.832,0.157,11,reviewed,us,us
2026-02-24T04:25:31.854Z,52.6129,-169.9502,22.458,3.5,mb,24,174,0.756,0.88,us,us7000s3f3,2026-03-18T22:49:39.040Z,"81 km WSW of Nikolski, Alaska",earthquake,8.94,8.366,0.188,7,reviewed,us,us
2026-02-24T02:48:37.646Z,14.9182,147.299,10,4.7,mb,69,132,1.489,0.79,us,us7000rzwv,2026-03-18T03:25:45.040Z,"169 km ESE of Saipan, Northern Mariana Islands",earthquake,9.45,1.91,0.074,56,reviewed,us,us
2026-02-24T02:43:37.136Z,-47.7362,116.3357,10,4.5,mb,19,161,14.807,0.72,us,us7000s3e9,2026-03-18T03:14:35.040Z,"western Indian-Antarctic Ridge",earthquake,10.48,1.898,0.157,12,reviewed,us,us
2026-02-24T01:52:46.919Z,52.4439,-169.6946,15.572,3.6,mb,36,212,0.344,0.81,us,us7000s004,2026-03-18T02:19:36.040Z,"78 km SW of Nikolski, Alaska",earthquake,4.89,7.33,0.289,3,reviewed,us,us
2026-02-24T01:28:45.386Z,52.4184,-169.7923,8.762,3.5,mb,42,176,0.371,0.52,us,us7000s003,2026-03-18T02:01:24.040Z,"85 km SW of Nikolski, Alaska",earthquake,4.98,7.283,0.149,11,reviewed,us,us
2026-02-23T23:14:30.499Z,52.3531,-169.7329,10,3.8,mb,43,177,0.434,0.86,us,us7000rzy0,2026-03-18T21:28:03.040Z,"87 km SW of Nikolski, Alaska",earthquake,3.3,1.9,0.12,18,reviewed,us,us
2026-02-23T23:03:41.033Z,37.0384,137.0444,259.384,4.8,mww,107,56,1.053,0.52,us,us7000rzvv,2026-03-09T01:51:26.040Z,"7 km E of Nanao, Japan",earthquake,8.16,5.063,0.089,12,reviewed,us,us
2026-02-23T22:54:25.456Z,43.2884,146.8047,35,4.2,mb,42,134,2.976,0.47,us,us7000s2lv,2026-03-18T00:45:52.040Z,"57 km S of Shikotan, Russia",earthquake,9.08,1.934,0.108,24,reviewed,us,us
2026-02-23T22:34:21.130Z,34.3291,139.4449,139.765,4.5,mb,60,132,2.137,0.5,us,us7000rzvn,2026-03-18T00:38:51.040Z,"59 km SE of Shimoda, Japan",earthquake,9.91,7.519,0.075,53,reviewed,us,us
2026-02-23T22:12:22.022Z,52.3735,-169.7717,10,4.1,mb,37,186,0.415,0.68,us,us7000s0xr,2026-03-18T21:16:06.040Z,"88 km SW of Nikolski, Alaska",earthquake,2.41,1.927,0.234,5,reviewed,us,us
2026-02-23T21:45:53.059Z,52.5019,-169.8341,21.94,3.5,ml,27,208,0.293,0.99,us,us7000s0xb,2026-03-09T00:38:26.040Z,"81 km SW of Nikolski, Alaska",earthquake,6.29,4.198,0.091,16,reviewed,us,us
2026-02-23T21:29:00.362Z,52.4103,-169.8249,6.268,4.1,mb,61,174,0.389,0.58,us,us7000rzvm,2026-03-18T20:45:24.040Z,"87 km SW of Nikolski, Alaska",earthquake,4.09,4.718,0.097,29,reviewed,us,us
2026-02-23T21:11:06.222Z,52.3605,-169.8184,10,4.1,mb,43,172,0.431,0.79,us,us7000rzur,2026-03-08T23:46:18.040Z,"91 km SW of Nikolski, Alaska",earthquake,2.18,1.895,0.09,34,reviewed,us,us
2026-02-23T20:52:32.473Z,-5.1219,35.2158,10,4.4,mb,38,36,3.936,0.73,us,us7000rzuc,2026-03-13T16:07:44.075Z,"40 km ESE of Mungaa, Tanzania",earthquake,7.25,1.866,0.1,29,reviewed,us,us
2026-02-23T20:15:49.330Z,52.5333,-169.8179,10,4.2,mb,54,170,0.26,1,us,us7000rztz,2026-03-13T16:03:58.040Z,"78 km SW of Nikolski, Alaska",earthquake,3.19,1.882,0.069,59,reviewed,us,us
2026-02-23T20:01:39.710Z,52.4481,-169.7124,10,4.3,mb,53,172,0.339,0.82,us,us7000rztu,2026-03-13T16:01:35.040Z,"79 km SW of Nikolski, Alaska",earthquake,3.17,1.873,0.063,71,reviewed,us,us
2026-02-23T19:29:41.952Z,43.2877,17.4003,10,3.9,mwr,53,28,1.615,0.91,us,us7000rztk,2026-03-13T15:54:11.040Z,"8 km NW of Vitina, Bosnia and Herzegovina",earthquake,5.18,1.885,0.058,29,reviewed,us,us
2026-02-23T19:23:56.546Z,15.9531,-96.4793,35,4.4,mb,55,156,0.401,0.7,us,us7000rztj,2026-03-18T16:25:00.861Z,"3 km NNE of Candelaria Loxicha, Mexico",earthquake,7.21,1.894,0.062,74,reviewed,us,us
2026-02-23T19:20:45.241Z,46.7315,153.8756,28.7,4.3,mb,47,102,6.843,0.94,us,us7000s2lx,2026-03-09T16:14:14.040Z,"Kuril Islands",earthquake,11.35,5.868,0.091,34,reviewed,us,us
2026-02-23T19:14:46.526Z,51.2406,-178.4071,35,4.2,mb,72,180,0.404,0.99,us,us7000rzvf,2026-03-13T16:13:08.040Z,"141 km WSW of Adak, Alaska",earthquake,4.8,1.924,0.068,60,reviewed,us,us
2026-02-23T19:12:15.067Z,46.8434,153.6,10,4.5,mb,44,138,6.804,0.64,us,us7000rztf,2026-03-13T15:23:34.040Z,"Kuril Islands",earthquake,10.33,1.9,0.097,31,reviewed,us,us
2026-02-23T17:49:07.381Z,52.3813,-169.794,9.262,3.7,mb,39,213,0.408,0.5,us,us7000s0mn,2026-03-08T17:05:02.040Z,"88 km SW of Nikolski, Alaska",earthquake,5.12,8.109,0.167,9,reviewed,us,us
2026-02-23T17:36:17.208Z,52.4288,-169.9156,10,3.8,mb,27,175,0.844,0.66,us,us7000s2m2,2026-03-09T16:39:06.040Z,"91 km SW of Nikolski, Alaska",earthquake,8.42,1.959,0.169,9,reviewed,us,us
2026-02-23T17:35:34.111Z,52.442,-169.7713,10,3.9,mb,21,174,0.77,0.58,us,us7000s2lq,2026-03-09T15:16:12.040Z,"82 km SW of Nikolski, Alaska",earthquake,7.04,1.918,0.105,24,reviewed,us,us
2026-02-23T16:58:03.423Z,52.432,-169.8148,20.758,3.8,mb,24,178,0.359,0.62,us,us7000s0ma,2026-03-09T16:44:56.040Z,"85 km SW of Nikolski, Alaska",earthquake,4.51,7.066,0.294,3,reviewed,us,us
2026-02-23T16:04:04.351Z,27.5345,142.5593,23.821,4.4,mb,54,147,9.696,0.49,us,us6000sb1w,2026-03-09T16:31:20.040Z,"Bonin Islands, Japan region",earthquake,12.15,6.372,0.087,38,reviewed,us,us
2026-02-23T15:53:57.529Z,51.7685,159.1397,35,4.2,mb,19,185,1.292,0.88,us,us7000s2ln,2026-03-09T15:50:15.040Z,"138 km SSE of Vilyuchinsk, Russia",earthquake,11.71,2,0.175,9,reviewed,us,us
2026-02-23T15:44:40.303Z,52.4853,-169.7643,15.575,3.8,mb,35,177,0.303,0.81,us,us7000s0m1,2026-03-09T15:40:53.040Z,"79 km SW of Nikolski, Alaska",earthquake,3.38,3.037,0.169,9,reviewed,us,us
2026-02-23T15:24:13.648Z,52.2968,-169.7489,10,3.8,mb,33,219,0.491,0.74,us,us7000s0lu,2026-03-09T15:38:16.040Z,"93 km SW of Nikolski, Alaska",earthquake,3.29,1.578,0.146,12,reviewed,us,us
2026-02-23T15:04:57.309Z,24.9752,128.1581,10,4.4,mb,43,99,1.856,0.7,us,us6000sb1n,2026-03-09T15:30:21.040Z,"136 km SSE of Itoman, Japan",earthquake,4.04,1.888,0.098,30,reviewed,us,us
2026-02-23T15:04:41.010Z,52.4421,-169.8075,18.353,3.7,mb,26,213,0.349,0.86,us,us7000s0lt,2026-03-05T21:27:00.040Z,"84 km SW of Nikolski, Alaska",earthquake,5.48,7.165,0.19,7,reviewed,us,us
2026-02-23T14:49:35.480Z,1.8222,127.28,118.744,4.3,mb,29,165,6.845,0.53,us,us7000s2lk,2026-03-09T15:16:42.040Z,"81 km W of Tobelo, Indonesia",earthquake,13.55,9.673,0.114,23,reviewed,us,us
2026-02-23T14:40:04.823Z,52.4687,-169.6557,10,3.5,ml,13,211,0.472,0.61,us,us7000s0lp,2026-04-06T19:50:42.040Z,"74 km SW of Nikolski, Alaska",earthquake,6,1.998,0.091,18,reviewed,us,us
2026-02-23T14:28:20.886Z,-24.0751,-67.0125,177.359,4.3,mb,22,102,1.548,0.73,us,us6000sb1j,2026-03-08T20:17:20.040Z,"72 km WNW of San Antonio de los Cobres, Argentina",earthquake,8.94,8.983,0.187,8,reviewed,us,us
2026-02-23T14:27:24.070Z,52.6092,-169.7763,25.452,3.9,mb,63,108,0.181,1.06,us,us7000s0lm,2026-03-08T20:14:42.040Z,"71 km WSW of Nikolski, Alaska",earthquake,6.6,5.79,0.087,35,reviewed,us,us
2026-02-23T14:17:51.190Z,52.3935,-169.9851,25.085,3.5,ml,15,210,0.425,0.8,us,us7000s0lk,2026-03-05T16:12:11.040Z,"97 km SW of Nikolski, Alaska",earthquake,4.5,10.28,0.077,22,reviewed,us,us
2026-02-23T13:38:52.741Z,51.9162,159.3154,58.737,4.3,mb,25,166,1.181,0.48,us,us7000s2lh,2026-03-08T20:00:59.040Z,"128 km SSE of Vilyuchinsk, Russia",earthquake,9.86,6.058,0.129,17,reviewed,us,us
2026-02-23T13:32:06.202Z,-6.0006,151.6349,10,4.8,mb,53,85,1.873,0.55,us,us6000sb1e,2026-03-08T19:49:23.040Z,"173 km ESE of Kimbe, Papua New Guinea",earthquake,7.82,1.876,0.085,42,reviewed,us,us
2026-02-23T13:03:43.934Z,52.8524,-170.2239,9.204,3.8,mb,26,167,0.838,0.85,us,us7000s2lg,2026-03-08T18:17:07.040Z,"92 km W of Nikolski, Alaska",earthquake,7.5,5.519,0.127,16,reviewed,us,us
2026-02-23T12:51:59.364Z,-23.7262,-179.7163,558.122,4.2,mb,22,99,5.725,0.85,us,us6000sb16,2026-03-17T15:35:45.040Z,"south of the Fiji Islands",earthquake,15.65,16.028,0.152,12,reviewed,us,us
2026-02-23T12:18:09.124Z,54.4517,-167.987,272.062,4,mb,42,55,0.815,0.57,us,us6000sb13,2026-03-17T15:34:43.040Z,"113 km WNW of Dutch Harbor, Alaska",earthquake,5.21,7.374,0.105,24,reviewed,us,us
2026-02-23T11:05:11.041Z,52.5503,-169.8991,5,3.5,mb,29,185,0.244,1.05,us,us7000s0dy,2026-03-15T09:15:35.040Z,"82 km WSW of Nikolski, Alaska",earthquake,3.16,1.932,0.12,17,reviewed,us,us
2026-02-23T11:04:07.009Z,52.4827,-169.7315,5,3.5,ml,19,210,0.304,0.9,us,us7000s0d9,2026-03-15T06:52:14.040Z,"77 km SW of Nikolski, Alaska",earthquake,2.74,1.981,0.085,18,reviewed,us,us
2026-02-23T11:00:02.695Z,-11.2423,162.684,10,4.6,mb,51,111,3.234,0.66,us,us7000s2lc,2026-03-17T12:48:04.040Z,"120 km SE of Kirakira, Solomon Islands",earthquake,9.77,1.9,0.085,41,reviewed,us,us
2026-02-23T10:58:55.510Z,50.9362,-179.8595,10,3.8,mb,36,232,0.689,1.02,us,us7000s0d7,2026-03-02T15:04:17.040Z,"247 km WSW of Adak, Alaska",earthquake,4.47,1.966,0.141,14,reviewed,us,us
2026-02-23T10:54:24.767Z,52.2976,-169.8902,10,4.4,mb,62,176,1.638,1.16,us,us6000sb0u,2026-03-18T11:49:25.040Z,"99 km SW of Nikolski, Alaska",earthquake,4.87,1.931,0.06,79,reviewed,us,us
2026-02-23T10:46:36.703Z,-11.0054,163.0425,57.634,4.4,mb,17,152,3.421,0.67,us,us7000s2lp,2026-03-19T12:50:28.040Z,"137 km ESE of Kirakira, Solomon Islands",earthquake,11.82,10.499,0.162,11,reviewed,us,us
2026-02-23T10:26:33.225Z,52.5051,-169.823,10,3.6,ml,17,210,0.288,0.81,us,us7000s0bv,2026-03-02T14:29:18.040Z,"80 km SW of Nikolski, Alaska",earthquake,3.37,1.958,0.097,14,reviewed,us,us
2026-02-23T10:12:55.670Z,-11.5639,162.5282,10,4.4,mb,25,134,3.302,0.74,us,us7000s2la,2026-03-18T09:08:24.040Z,"139 km SSE of Kirakira, Solomon Islands",earthquake,6.99,1.914,0.144,16,reviewed,us,us
2026-02-23T10:11:51.800Z,10.6391,93.9934,130.964,4.3,mb,33,84,5.891,0.57,us,us7000s2lm,2026-03-18T12:08:14.040Z,"177 km SE of Port Blair, India",earthquake,11.3,8.524,0.125,20,reviewed,us,us
2026-02-23T10:02:07.432Z,52.3681,-169.8696,8,5.5,mww,114,74,0.428,1.37,us,us6000sb0h,2026-03-17T12:03:33.752Z,"93 km SW of Nikolski, Alaska",earthquake,4.61,1.753,0.036,76,reviewed,us,us
2026-02-23T09:42:34.438Z,52.4275,-169.7673,10,3.9,mb,82,174,0.361,0.99,us,us6000sb0k,2026-03-17T12:48:28.040Z,"83 km SW of Nikolski, Alaska",earthquake,4.78,1.911,0.086,36,reviewed,us,us
2026-02-23T09:15:01.777Z,-20.2201,-177.4087,378.358,4.7,mb,85,77,4.818,0.9,us,us6000sb07,2026-03-17T11:37:17.040Z,"243 km WNW of Houma, Tonga",earthquake,7.76,5.555,0.039,199,reviewed,us,us
2026-02-23T06:57:30.099Z,52.4229,-169.7462,10,3.7,ml,18,212,0.364,0.47,us,us7000s05e,2026-03-02T06:39:08.040Z,"82 km SW of Nikolski, Alaska",earthquake,3,1.859,0.085,18,reviewed,us,us
2026-02-23T06:57:12.633Z,24.9927,127.9255,10,4.3,mb,31,83,1.862,0.72,us,us7000s2lf,2026-03-19T14:08:57.040Z,"128 km SSE of Itoman, Japan",earthquake,7.71,1.904,0.119,20,reviewed,us,us
2026-02-23T06:32:27.972Z,-29.94,-177.4416,35,4.2,mb,13,211,0.812,0.3,us,us7000s2l6,2026-03-19T12:28:43.040Z,"Kermadec Islands, New Zealand",earthquake,7.83,2.002,0.167,10,reviewed,us,us
2026-02-23T05:11:48.359Z,52.3165,-169.8772,14,6,mww,295,78,0.479,0.79,us,us6000sayv,2026-04-06T05:21:52.937Z,"97 km SW of Nikolski, Alaska",earthquake,3.44,1.696,0.026,142,reviewed,us,us
2026-02-23T05:02:14.986Z,27.2946,52.5325,10,4.1,mb,37,166,4.046,0.56,us,us7000s2l3,2026-03-19T11:31:15.040Z,"45 km SW of Mohr, Iran",earthquake,9.07,1.88,0.105,25,reviewed,us,us
2026-02-23T05:02:10.879Z,11.642,91.7328,10,4.8,mb,69,64,7.702,0.32,us,us6000sayu,2026-03-18T14:26:08.040Z,"107 km W of Bamboo Flat, India",earthquake,8.68,1.867,0.082,46,reviewed,us,us
2026-02-23T04:12:07.698Z,40.8841,84.1769,10,4.9,mb,129,112,3.765,0.49,us,us6000sayi,2026-03-18T01:25:06.040Z,"139 km SE of Kuqa, China",earthquake,9.06,1.876,0.053,113,reviewed,us,us
2026-02-23T04:09:56.482Z,13.3987,-90.7083,35,4.1,mb,36,202,1.032,1.1,us,us7000s2l8,2026-03-18T01:12:47.040Z,"59 km S of Iztapa, Guatemala",earthquake,6.71,1.916,0.104,25,reviewed,us,us
2026-02-23T03:57:18.168Z,37.111,-115.3058,2,3.73,mw,37,175,0.278,0.2082,nn,nn00911076,2026-03-18T00:59:09.205Z,"30 km SSW of Alamo, Nevada",earthquake,,2.9644,,,reviewed,nn,nn
2026-02-23T03:54:15.375Z,13.2048,-90.946,35,4.5,mb,70,155,1.329,0.85,us,us6000sayc,2026-03-18T00:41:02.040Z,"81 km S of Puerto San José, Guatemala",earthquake,6.83,1.925,0.071,59,reviewed,us,us
2026-02-23T03:50:10.969Z,40.4307,142.8475,54.739,4.2,mb,23,150,1.404,0.73,us,us7000s2l1,2026-03-17T23:24:12.040Z,"94 km ENE of Noda, Japan",earthquake,7.46,8.897,0.141,14,reviewed,us,us
2026-02-23T03:17:10.484Z,13.0103,143.3093,203.193,4.7,mb,128,77,3.269,0.54,us,us6000say1,2026-03-17T23:13:18.040Z,"150 km W of Merizo Village, Guam",earthquake,10.56,7.091,0.052,111,reviewed,us,us
2026-02-23T03:12:34.011Z,-16.2069,167.9025,182.433,4.9,mb,47,40,1.012,0.67,us,us6000say0,2026-03-17T22:46:03.040Z,"53 km ESE of Lakatoro, Vanuatu",earthquake,7.42,4.702,0.106,28,reviewed,us,us
2026-02-23T02:59:33.402Z,40.4445,142.7401,52.286,4.6,mb,128,134,1.321,0.69,us,us6000saxx,2026-03-17T05:46:00.040Z,"86 km ENE of Noda, Japan",earthquake,7.28,6.866,0.052,108,reviewed,us,us
2026-02-23T02:30:50.597Z,49.0317,153.6142,154.915,4.3,mb,68,144,4.826,0.49,us,us6000saxt,2026-03-17T05:28:55.040Z,"257 km SW of Severo-Kuril’sk, Russia",earthquake,11.58,8.016,0.071,56,reviewed,us,us
2026-02-23T02:19:17.284Z,51.5036,159.8035,10,4.4,mb,42,127,1.679,1.16,us,us6000saxs,2026-03-17T04:22:24.040Z,"185 km SSE of Vilyuchinsk, Russia",earthquake,8.49,1.892,0.102,28,reviewed,us,us
2026-02-23T01:58:15.373Z,-23.71,-179.8233,524.393,4.6,mb,112,60,5.768,0.78,us,us6000saxp,2026-03-17T04:08:40.040Z,"south of the Fiji Islands",earthquake,12.57,6.146,0.061,80,reviewed,us,us
2026-02-23T01:48:58.578Z,-4.7616,153.5542,79.882,4.2,mb,15,148,1.498,0.85,us,us7000s2kz,2026-03-17T03:33:01.040Z,"149 km ESE of Kokopo, Papua New Guinea",earthquake,12,8.534,0.167,10,reviewed,us,us
2026-02-23T01:42:42.951Z,-47.3842,-11.4866,10,4.6,mb,32,78,17.175,0.61,us,us7000s2l2,2026-03-17T03:23:06.040Z,"southern Mid-Atlantic Ridge",earthquake,8.84,1.785,0.103,28,reviewed,us,us
2026-02-23T01:32:11.505Z,5.5537,126.349,87.601,4.3,mb,27,129,1.689,0.56,us,us7000s2ky,2026-03-17T03:09:53.040Z,"88 km ESE of Caburan, Philippines",earthquake,15.41,6.878,0.119,20,reviewed,us,us
2026-02-23T00:07:36.952Z,-23.1296,-179.77,551.402,4.8,mb,52,91,5.733,0.58,us,us6000sax9,2026-03-18T00:31:22.040Z,"south of the Fiji Islands",earthquake,11.19,6.713,0.087,41,reviewed,us,us
2026-02-22T22:36:17.186Z,-13.5252,-76.7317,37.197,4.8,mwr,93,67,1.532,0.59,us,us6000saww,2026-04-06T20:36:32.040Z,"60 km WNW of Pisco, Peru",earthquake,7.86,4.551,0.098,10,reviewed,us,us
2026-02-22T22:05:12.646Z,-7.9841,129.7301,10,4.4,mb,25,103,3.443,0.53,us,us6000saws,2026-03-17T23:48:26.040Z,"Kepulauan Babar, Indonesia",earthquake,11.41,1.642,0.131,17,reviewed,us,us
2026-02-22T21:47:15.943Z,-19.5184,-173.0547,10,4.5,mb,20,171,2.986,0.37,us,us7000s2ku,2026-03-17T23:44:32.040Z,"135 km ENE of Fangale’ounga, Tonga",earthquake,17.25,1.954,0.121,20,reviewed,us,us
2026-02-22T21:21:09.738Z,50.9963,159.6044,10,4.2,mb,18,223,2.114,0.84,us,us7000s2kv,2026-03-08T22:29:53.040Z,"223 km ESE of Ozernovskiy, Russia",earthquake,10.8,1.977,0.158,11,reviewed,us,us
2026-02-22T19:11:26.215Z,27.1979,53.2789,10,4.1,mb,31,181,3.457,0.71,us,us6000saw7,2026-03-13T14:59:23.040Z,"55 km SE of Mohr, Iran",earthquake,13.11,1.98,0.109,23,reviewed,us,us
2026-02-22T18:25:02.540Z,21.687166666667,-160.04483333333,11.4,4.14,ml,3,309,0.4276,0.03,hv,hv74905686,2026-03-13T15:04:08.404Z,"46 km SW of Kekaha, Hawaii",earthquake,7.79,10.03,0.42120784487241,17,reviewed,hv,hv
2026-02-22T18:03:32.870Z,-16.1483,-75.3709,10,4.4,mb,15,189,4.375,0.55,us,us6000saw9,2026-03-13T15:01:00.040Z,"89 km SSW of San Juan, Peru",earthquake,12.8,1.983,0.268,4,reviewed,us,us
2026-02-22T16:57:46.691Z,6.8201,116.2537,629,7,mww,194,17,5.918,0.67,us,us6000sasz,2026-03-15T15:12:18.797Z,"55 km NNW of Kota Belud, Malaysia",earthquake,9.48,1.926,0.05,39,reviewed,us,us
2026-02-22T16:37:47.149Z,42.9509,146.0595,67.894,4.3,mb,31,143,2.342,0.71,us,us6000sasy,2026-03-15T14:45:23.155Z,"57 km SE of Nemuro, Japan",earthquake,9.39,6.895,0.113,22,reviewed,us,us
2026-02-22T15:58:19.388Z,-17.5495,-178.7439,559.492,4.3,mb,30,78,2.096,0.51,us,us7000s2kt,2026-03-15T14:39:09.040Z,"213 km ENE of Levuka, Fiji",earthquake,14.9,9.945,0.119,21,reviewed,us,us
2026-02-22T15:35:41.328Z,-0.6543,99.3105,49.468,5.1,mb,76,71,2.606,0.73,us,us6000sasp,2026-03-15T14:32:15.040Z,"90 km W of Pariaman, Indonesia",earthquake,9.28,5.542,0.067,76,reviewed,us,us
2026-02-22T15:14:58.638Z,-5.9473,150.1149,106.742,4.5,mb,22,88,2.685,0.96,us,us6000sasm,2026-03-15T14:24:35.040Z,"43 km S of Kimbe, Papua New Guinea",earthquake,8.91,9.021,0.145,17,reviewed,us,us
2026-02-22T14:56:51.492Z,13.4132,-91.1054,49.949,4.6,mb,43,139,1.377,0.97,us,us6000sasi,2026-03-15T14:21:26.646Z,"64 km SSW of Puerto San José, Guatemala",earthquake,5.32,8.74,0.039,194,reviewed,us,us
2026-02-22T14:22:57.385Z,-30.8175,-71.508,50.087,4.9,mb,46,78,0.18,0.98,us,us6000sasd,2026-03-15T14:14:48.214Z,"38 km SW of Ovalle, Chile",earthquake,3.16,5.76,0.073,62,reviewed,us,us
2026-02-22T13:45:53.797Z,48.1921,154.5803,67.78,4.3,mb,28,144,5.306,0.83,us,us7000s2km,2026-03-15T14:05:39.040Z,"298 km SSW of Severo-Kuril’sk, Russia",earthquake,12.62,8.656,0.129,17,reviewed,us,us
2026-02-22T12:53:15.942Z,-18.0524,-178.1049,605.422,4.3,mb,42,84,2.876,0.63,us,us7000s2kk,2026-03-17T12:13:45.040Z,"272 km E of Levuka, Fiji",earthquake,14.25,9.847,0.09,35,reviewed,us,us
2026-02-22T11:50:45.484Z,27.0875,103.5616,10,4.5,mb,63,99,6.103,0.6,us,us6000sas9,2026-03-17T15:28:43.040Z,"29 km SSW of Zhaotong, China",earthquake,9.46,1.896,0.08,45,reviewed,us,us
2026-02-22T11:28:53.742Z,67.736,-161.841,19.1,3.5,ml,55,109,0.5,1.7,ak,aka2026dsiosv,2026-03-17T15:26:54.040Z,"51 km ENE of Noatak, Alaska",earthquake,4.3,4.153,0.3,32,reviewed,ak,ak
2026-02-22T10:50:56.140Z,5.1024,124.8301,132.543,4.2,mb,22,110,2.091,1.03,us,us7000s2kp,2026-03-17T12:41:43.040Z,"77 km WSW of Sarangani, Philippines",earthquake,12.6,4.333,0.137,15,reviewed,us,us
2026-02-22T10:40:41.326Z,19.3145,121.1894,23.719,5.1,mb,113,80,3.487,0.81,us,us6000sas0,2026-03-17T15:17:40.040Z,"77 km N of Namuac, Philippines",earthquake,8.28,5.062,0.04,198,reviewed,us,us
2026-02-22T10:29:33.157Z,13.6735,-90.9776,65.861,4.1,mb,31,179,1.186,0.98,us,us6000sary,2026-03-17T15:06:08.040Z,"32 km SSW of Puerto San José, Guatemala",earthquake,8.26,9.94,0.069,58,reviewed,us,us
2026-02-22T09:36:10.745Z,46.9124,153.5614,29.351,4.6,mb,62,131,6.75,1.09,us,us6000sarr,2026-03-17T15:01:54.040Z,"Kuril Islands",earthquake,10.35,5.76,0.08,46,reviewed,us,us
2026-02-22T09:29:30.178Z,-7.0745,155.7294,102.804,4.9,mb,53,86,4.56,0.73,us,us6000sarp,2026-03-17T14:59:02.040Z,"88 km SSE of Panguna, Papua New Guinea",earthquake,9.75,7.428,0.061,84,reviewed,us,us
2026-02-22T09:02:39.690Z,-47.6736,165.3892,10,4.2,mb,19,208,1.748,0.81,us,us6000sarn,2026-03-17T14:56:31.040Z,"248 km SW of Riverton, New Zealand",earthquake,8.8,1.98,0.199,7,reviewed,us,us
2026-02-22T08:45:49.874Z,-22.1557,-176.7961,194.069,5.3,mww,56,71,6.536,0.69,us,us6000sarm,2026-03-12T08:02:52.942Z,"189 km SW of Houma, Tonga",earthquake,10.84,6.686,0.075,17,reviewed,us,us
2026-02-22T08:19:33.919Z,51.389,-177.479,51.836,3.9,mb,53,188,0.403,0.37,us,us6000sawr,2026-03-12T07:48:18.040Z,"79 km SW of Adak, Alaska",earthquake,4.34,10.778,0.11,22,reviewed,us,us
2026-02-22T08:01:08.443Z,13.7274,-90.9575,50.445,4.2,mb,32,178,1.157,0.78,us,us7000s2kh,2026-03-12T07:15:34.040Z,"26 km SSW of Puerto San José, Guatemala",earthquake,8.7,9.985,0.125,18,reviewed,us,us
2026-02-22T07:54:02.472Z,-21.8426,179.4351,642.372,5.3,mb,104,48,4.279,0.57,us,us6000sarg,2026-03-12T07:07:35.040Z,"south of the Fiji Islands",earthquake,11.14,8.029,0.027,467,reviewed,us,us
2026-02-22T07:43:25.409Z,-21.7912,179.6322,636.265,6,mww,107,57,4.291,0.65,us,us6000sarf,2026-03-12T07:05:16.752Z,"south of the Fiji Islands",earthquake,11.4,6.379,0.06,27,reviewed,us,us
2026-02-22T07:25:27.843Z,46.7915,153.7534,12,5.8,mww,102,64,6.815,0.81,us,us6000sare,2026-03-12T06:39:37.636Z,"Kuril Islands",earthquake,9.97,1.827,0.065,23,reviewed,us,us
2026-02-22T06:43:52.602Z,-4.6719,-76.4374,115.085,5,mb,92,31,3.533,0.79,us,us6000sara,2026-03-12T06:08:26.040Z,"31 km NE of Barranca, Peru",earthquake,9.2,5.952,0.026,488,reviewed,us,us
2026-02-22T05:02:56.583Z,52.4061,179.6896,181.91,3.8,mb,27,57,0.411,1.2,us,us7000s2kc,2026-03-12T05:48:27.040Z,"258 km WNW of Adak, Alaska",earthquake,10.33,10.065,0.104,24,reviewed,us,us
2026-02-22T01:29:38.406Z,46.6301,90.5588,10,4.3,mb,25,115,5.689,1.04,us,us7000s2k8,2026-03-07T01:51:15.040Z,"67 km SE of Turgun, China",earthquake,5.74,1.935,0.122,19,reviewed,us,us
2026-02-22T01:22:53.470Z,-15.424,166.6059,10,5.1,mb,43,47,0.576,1.05,us,us6000saq6,2026-03-07T01:35:17.040Z,"60 km W of Luganville, Vanuatu",earthquake,5.7,2.319,0.056,106,reviewed,us,us
2026-02-21T23:55:05.696Z,-46.2229,166.476,52.318,4.9,mww,42,88,0.153,1.01,us,us6000sapq,2026-03-14T04:05:53.966Z,"119 km W of Riverton, New Zealand",earthquake,2.35,5.757,0.089,12,reviewed,us,us
2026-02-21T23:10:55.835Z,21.3279,145.8624,19.242,4.3,mb,35,151,6.055,0.58,us,us6000sapn,2026-03-14T03:47:05.040Z,"Mariana Islands region",earthquake,14.33,5.601,0.114,25,reviewed,us,us
2026-02-21T21:46:13.569Z,43.9836,-128.1954,10,3.5,ml,24,257,2.073,0.7,us,us7000rztq,2026-03-10T03:57:51.040Z,"off the coast of Oregon",earthquake,10.82,2.024,0.051,54,reviewed,us,us
2026-02-21T21:20:23.920Z,41.1324,83.2787,10,4.1,mb,15,138,3.067,0.84,us,us6000sap3,2026-03-10T03:56:16.040Z,"71 km SSE of Kuqa, China",earthquake,10.34,1.95,0.166,10,reviewed,us,us
2026-02-21T20:28:47.791Z,4.0084,128.2901,10,4.5,mb,38,113,4.065,0.85,us,us6000sanu,2026-04-06T21:20:25.040Z,"254 km N of Tobelo, Indonesia",earthquake,12.02,1.89,0.102,29,reviewed,us,us
2026-02-21T20:10:03.404Z,-40.1544,45.5297,10,4.5,mb,13,103,7.785,0.41,us,us7000s2js,2026-03-10T00:35:33.040Z,"Southwest Indian Ridge",earthquake,15.51,1.942,0.18,10,reviewed,us,us
2026-02-21T18:59:33.680Z,-11.3695,162.4464,10,4.5,mb,22,65,3.118,0.55,us,us7000s2jz,2026-03-19T13:53:09.040Z,"116 km SSE of Kirakira, Solomon Islands",earthquake,9.92,1.504,0.121,20,reviewed,us,us
2026-02-21T18:55:25.264Z,45.9083,150.5587,143.582,4.3,mb,137,125,5.492,0.55,us,us6000sang,2026-03-19T13:42:34.040Z,"222 km ENE of Kuril’sk, Russia",earthquake,11.64,7.047,0.048,129,reviewed,us,us
2026-02-21T18:11:38.223Z,-17.9086,-177.9441,606.703,4.5,mb,46,80,2.935,0.66,us,us6000san7,2026-03-18T21:27:08.040Z,"290 km E of Levuka, Fiji",earthquake,11.51,6.665,0.084,42,reviewed,us,us
2026-02-21T18:01:51.085Z,-11.1461,162.6636,10,4.6,mb,44,59,3.166,0.62,us,us6000san6,2026-03-18T21:21:10.040Z,"111 km SE of Kirakira, Solomon Islands",earthquake,9.12,1.851,0.091,42,reviewed,us,us
2026-02-21T17:57:14.103Z,-17.6675,-178.8808,562.437,4.1,mb,25,141,2.049,0.82,us,us7000s2jq,2026-03-18T21:13:48.040Z,"196 km ENE of Levuka, Fiji",earthquake,14.05,10.373,0.124,21,reviewed,us,us
2026-02-21T17:23:17.199Z,-11.3295,162.5244,10,4.4,mb,31,104,3.155,0.53,us,us7000s2jp,2026-03-18T19:29:55.040Z,"117 km SE of Kirakira, Solomon Islands",earthquake,9.37,1.906,0.11,30,reviewed,us,us
2026-02-21T17:22:56.030Z,38.822833333333,-122.78366666667,1.96,4.15,mw,106,24,0.00984,0.08,nc,nc75316827,2026-03-18T19:12:37.979Z,"5 km W of Cobb, CA",earthquake,0.09,0.14,,4,reviewed,nc,nc
2026-02-21T17:09:06.318Z,40.9776,141.8946,65.94,4.3,mb,72,77,0.657,0.64,us,us6000samv,2026-03-18T19:03:07.040Z,"53 km NE of Misawa, Japan",earthquake,6.01,6.401,0.073,61,reviewed,us,us
2026-02-21T17:01:49.918Z,-63.1367,169.5433,10,5.6,mww,124,31,10.243,1.24,us,us6000samt,2026-03-19T22:29:20.806Z,"Balleny Islands region",earthquake,7.52,1.75,0.069,20,reviewed,us,us
2026-02-21T16:53:58.577Z,-11.3701,162.627,10,4.2,mb,24,83,3.261,1.09,us,us7000s2jw,2026-03-18T18:56:16.040Z,"127 km SE of Kirakira, Solomon Islands",earthquake,5.32,1.902,0.132,20,reviewed,us,us
2026-02-21T16:52:25.982Z,-11.6188,162.4463,10,4.5,mb,28,106,3.276,0.7,us,us7000s2jl,2026-03-18T18:43:54.040Z,"141 km SSE of Kirakira, Solomon Islands",earthquake,9.84,1.881,0.127,21,reviewed,us,us
2026-02-21T16:42:07.140Z,-11.2749,162.3522,10,5.9,mww,239,25,2.988,0.62,us,us6000sams,2026-03-18T18:44:39.531Z,"102 km SSE of Kirakira, Solomon Islands",earthquake,4.5,2.903,0.038,66,reviewed,us,us
2026-02-21T16:33:46.627Z,22.4888,142.9201,177.793,4.1,mb,122,53,4.635,0.68,us,us7000s2jk,2026-03-18T18:26:04.040Z,"Volcano Islands, Japan region",earthquake,9.58,7.032,0.051,110,reviewed,us,us
2026-02-21T16:33:40.334Z,-19.8395,-177.4999,10,4.3,mb,11,155,4.7,0.72,us,us7000s2jv,2026-03-18T17:47:14.040Z,"272 km WNW of Houma, Tonga",earthquake,9.16,1.947,0.217,8,reviewed,us,us
2026-02-21T16:07:16.625Z,-18.2788,-177.8027,648.342,4.3,mb,27,182,3.24,0.62,us,us7000s2ji,2026-03-18T17:08:38.040Z,"Fiji region",earthquake,16.37,13.408,0.116,23,reviewed,us,us
2026-02-21T15:10:42.933Z,-5.0731,134.0681,10,4.1,mb,11,104,2.805,0.62,us,us7000s2jh,2026-03-18T16:54:09.040Z,"158 km ENE of Tual, Indonesia",earthquake,6.33,1.916,0.261,4,reviewed,us,us
2026-02-21T15:09:05.498Z,-24.3207,-67.2133,159.809,4.3,mb,35,73,1.625,1.08,us,us6000samg,2026-03-18T16:40:27.040Z,"91 km W of San Antonio de los Cobres, Argentina",earthquake,8.22,9.47,0.153,13,reviewed,us,us
2026-02-21T14:56:04.015Z,-24.212,-179.702,472.408,4.8,mb,31,117,7.744,0.79,us,us6000same,2026-03-14T20:47:03.040Z,"south of the Fiji Islands",earthquake,15.1,10.704,0.089,39,reviewed,us,us
2026-02-21T13:06:58.096Z,18.1963,146.3273,78.173,3.8,mb,12,124,2.984,0.74,us,us7000s2jj,2026-03-14T20:34:24.040Z,"Pagan region, Northern Mariana Islands",earthquake,13.57,5.018,0.228,8,reviewed,us,us
2026-02-21T13:04:54.381Z,-4.0738,126.229,35,4.4,mb,19,95,3.692,0.73,us,us7000s2ja,2026-03-14T20:28:51.040Z,"221 km W of Ambon, Indonesia",earthquake,10,1.962,0.127,19,reviewed,us,us
2026-02-21T12:53:19.374Z,52.333,160.8801,10,4.1,mb,23,152,1.524,0.85,us,us7000s2j9,2026-03-12T05:26:33.040Z,"172 km ESE of Petropavlovsk-Kamchatsky, Russia",earthquake,9.26,1.907,0.131,16,reviewed,us,us
2026-02-21T12:44:04.055Z,48.0167,17.4885,10,3.9,mwr,23,74,1.274,0.76,us,us6000sam8,2026-03-12T05:16:59.560Z,"9 km WNW of Dunajská Streda, Slovakia",earthquake,5.34,1.952,0.073,18,reviewed,us,us
2026-02-21T12:23:40.735Z,-6.1198,106.6251,165.547,4.3,mb,23,115,1.678,0.93,us,us7000s2j8,2026-03-12T05:09:58.040Z,"2 km SSW of Teluknaga, Indonesia",earthquake,10.98,8.607,0.114,22,reviewed,us,us
2026-02-21T12:20:27.157Z,-5.0896,134.0188,10,4.6,mb,21,89,2.787,0.56,us,us6000sam7,2026-03-11T07:21:59.040Z,"152 km ENE of Tual, Indonesia",earthquake,7.99,1.889,0.136,16,reviewed,us,us
2026-02-21T12:19:14.888Z,51.0146,-176.2493,10,3.6,ml,23,243,0.97,0.58,us,us6000sanw,2026-03-18T05:22:46.040Z,"99 km SSE of Adak, Alaska",earthquake,3.44,1.98,0.105,12,reviewed,us,us
2026-02-21T11:25:43.595Z,5.9978,127.8174,10,4.2,mb,24,143,2.466,0.54,us,us7000s2j7,2026-03-11T07:08:32.040Z,"185 km ESE of Pondaguitan, Philippines",earthquake,6.37,1.896,0.124,18,reviewed,us,us
2026-02-21T09:45:15.396Z,-10.417,161.2179,100.217,4.2,mb,29,111,1.585,0.69,us,us7000s2j3,2026-03-11T06:30:03.040Z,"77 km W of Kirakira, Solomon Islands",earthquake,11.11,6.18,0.102,27,reviewed,us,us
2026-02-21T09:41:13.994Z,25.2451,124.9617,10,4.6,mb,59,92,1.086,0.61,us,us6000sals,2026-03-18T05:11:21.040Z,"59 km NW of Hirara, Japan",earthquake,5.79,2.448,0.08,47,reviewed,us,us
2026-02-21T07:47:35.861Z,-35.8022,-71.3134,98.678,4.8,mb,116,93,0.094,0.59,us,us6000sale,2026-03-14T12:36:09.408Z,"14 km SE of Colbún, Chile",earthquake,7.49,5.637,0.055,101,reviewed,us,us
2026-02-21T07:33:38.745Z,17.6786,-94.2915,168.099,4.3,mb,42,110,0.375,1.08,us,us6000sal9,2026-03-14T12:32:30.040Z,"28 km S of Cuichapa, Mexico",earthquake,7.74,5.192,0.073,53,reviewed,us,us
2026-02-21T07:33:24.355Z,29.885,140.8633,100.121,4.4,mb,41,142,6.336,0.48,us,us6000salc,2026-03-14T12:30:45.040Z,"Izu Islands, Japan region",earthquake,12.17,9.185,0.089,36,reviewed,us,us
2026-02-21T06:56:12.767Z,7.7459,126.8772,41.769,4.1,mb,22,132,1.452,0.68,us,us7000s2j0,2026-03-14T12:24:31.040Z,"36 km E of Kinablangan, Philippines",earthquake,12.61,6.316,0.126,17,reviewed,us,us
2026-02-21T06:18:43.778Z,-5.3342,145.8472,70,5.7,mww,165,35,3.603,0.59,us,us6000saks,2026-03-14T12:24:46.107Z,"14 km SSE of Madang, Papua New Guinea",earthquake,7.67,1.918,0.061,26,reviewed,us,us
2026-02-21T05:09:34.055Z,37.107,50.1179,10,4.4,mb,36,103,2.336,0.81,us,us7000s2j4,2026-03-14T12:09:27.040Z,"10 km SSW of Langarūd, Iran",earthquake,7.95,1.918,0.1,29,reviewed,us,us
2026-02-21T05:03:45.128Z,-6.0767,146.7122,50.769,4.6,mb,28,45,3.336,0.85,us,us6000sakc,2026-03-14T12:06:56.040Z,"78 km NNW of Lae, Papua New Guinea",earthquake,8.68,8.475,0.125,19,reviewed,us,us
2026-02-21T04:03:59.041Z,-23.2837,-179.7395,547.881,4.1,mb,18,112,5.886,0.96,us,us7000s2iv,2026-03-07T01:27:14.040Z,"south of the Fiji Islands",earthquake,17.02,10.511,0.158,12,reviewed,us,us
2026-02-21T03:43:16.003Z,38.2692,38.7577,10,4.4,mwr,51,74,0.444,0.88,us,us6000sakb,2026-03-07T00:54:08.040Z,"24 km W of Doğanyol, Turkey",earthquake,2.84,1.902,0.08,15,reviewed,us,us
2026-02-21T03:38:39.669Z,38.7627,21.9134,14.957,4.4,mb,28,44,0.419,1.13,us,us6000sak8,2026-03-07T00:51:22.040Z,"19 km SSE of Karpenísi, Greece",earthquake,3.17,4.452,0.149,13,reviewed,us,us
2026-02-21T00:28:44.419Z,40.3887,14.9323,299.395,4.7,mww,119,27,0.699,0.71,us,us6000sajm,2026-03-10T03:43:00.040Z,"5 km WSW of Licinella-Torre di Paestum, Italy",earthquake,6.93,4.884,0.098,10,reviewed,us,us
2026-02-20T22:11:49.171Z,53.23,159.5306,70.275,4.4,mb,61,120,0.57,0.64,us,us6000saj1,2026-03-10T03:32:36.040Z,"63 km ENE of Petropavlovsk-Kamchatsky, Russia",earthquake,10.41,6.422,0.058,86,reviewed,us,us
2026-02-20T20:38:05.133Z,-56.6821,-25.8629,73.247,4.7,mb,45,109,6.5,0.81,us,us7000s2av,2026-03-18T15:44:06.040Z,"South Sandwich Islands region",earthquake,15.45,6.844,0.12,22,reviewed,us,us
2026-02-20T20:15:13.437Z,-17.9658,-178.6581,593.822,4.3,mb,26,131,2.396,0.79,us,us7000s2ar,2026-03-17T22:18:21.040Z,"214 km E of Levuka, Fiji",earthquake,11.19,10.783,0.109,25,reviewed,us,us
2026-02-20T19:44:32.057Z,24.0931,122.4385,38.241,4.3,mb,60,61,0.642,1.02,us,us6000sai5,2026-03-17T22:02:50.040Z,"70 km SW of Yonakuni, Japan",earthquake,3.78,6.242,0.088,40,reviewed,us,us
2026-02-20T19:25:18.204Z,-56.8629,-26.0356,74.516,4.6,mb,23,208,6.466,0.51,us,us7000s2aq,2026-03-17T22:00:32.040Z,"South Sandwich Islands region",earthquake,17.55,9.627,0.193,9,reviewed,us,us
2026-02-20T19:16:49.135Z,24.2509,122.8599,51.812,4.5,mww,73,66,0.256,0.97,us,us6000sai1,2026-03-17T21:49:44.040Z,"27 km SSW of Yonakuni, Japan",earthquake,4.67,1.784,0.089,12,reviewed,us,us
2026-02-20T18:59:32.395Z,37.7788,142.0091,51.363,4.2,mb,31,156,3.095,0.5,us,us6000sai0,2026-03-17T21:42:25.040Z,"88 km SSE of Onagawa Chō, Japan",earthquake,8.92,10.522,0.131,18,reviewed,us,us
2026-02-20T18:48:50.062Z,-16.3101,-72.1814,127.833,4.2,mb,25,148,2.699,1.09,us,us6000sahz,2026-03-17T21:39:16.040Z,"5 km N of El Pedregal, Peru",earthquake,10.04,10.686,0.115,23,reviewed,us,us
2026-02-20T17:52:13.556Z,14.9823,108.165,10,4.1,mb,26,101,4.037,1.1,us,us7000s2al,2026-03-17T20:51:49.040Z,"39 km S of Trà My, Vietnam",earthquake,8.41,1.906,0.131,18,reviewed,us,us
2026-02-20T14:57:41.723Z,-13.8353,172.3008,603.097,4.7,mb,65,68,5.187,0.57,us,us6000saef,2026-03-17T14:53:53.040Z,"Vanuatu region",earthquake,11.43,8.309,0.03,338,reviewed,us,us
2026-02-20T14:36:39.491Z,18.3204,145.1284,398.888,4,mb,57,88,3.127,0.47,us,us7000s2af,2026-03-16T14:02:35.040Z,"Pagan region, Northern Mariana Islands",earthquake,12.85,8.706,0.073,50,reviewed,us,us
2026-02-20T14:16:30.267Z,41.5427,141.9999,54.152,5.3,mww,80,114,0.986,0.76,us,us6000sae0,2026-03-17T14:42:31.040Z,"71 km ENE of Mutsu, Japan",earthquake,5.26,5.929,0.078,16,reviewed,us,us
2026-02-20T13:36:39.929Z,-4.1425,132.1563,10,4.6,mb,40,113,1.219,1.05,us,us6000sadv,2026-03-17T14:13:07.040Z,"135 km S of Fakfak, Indonesia",earthquake,6.03,1.907,0.09,37,reviewed,us,us
2026-02-20T13:32:37.739Z,-8.156,124.2611,204.133,4.4,mb,17,114,1.589,0.72,us,us7000s2ad,2026-03-17T13:31:35.040Z,"115 km WNW of Maubara, Timor Leste",earthquake,10.75,8.367,0.134,16,reviewed,us,us
2026-02-20T13:13:53.275Z,60.805,-150.514,56.6,3.6,ml,165,32,0.3,1,ak,aka2026douqcb,2026-03-17T14:10:02.515Z,"16 km SE of Point Possession, Alaska",earthquake,1.8,2.4948,0.2,115,reviewed,ak,ak
2026-02-20T13:09:53.523Z,35.5939,69.7478,82,5.8,mww,149,28,1.188,0.9,us,us6000sadt,2026-03-17T14:48:04.445Z,"37 km NE of Bāzārak, Afghanistan",earthquake,6.74,1.928,0.06,27,reviewed,us,us
2026-02-20T13:01:59.034Z,-7.6946,128.0453,92.968,4.1,mb,13,149,3.653,0.85,us,us6000sadr,2026-03-17T14:02:31.040Z,"147 km NE of Lospalos, Timor Leste",earthquake,11.94,13.473,0.145,13,reviewed,us,us
2026-02-20T12:59:33.609Z,-8.8569,-109.4468,10,4.5,mb,53,207,29.869,0.54,us,us7000s2am,2026-03-17T11:35:51.040Z,"central East Pacific Rise",earthquake,9.41,1.914,0.076,50,reviewed,us,us
2026-02-20T12:56:29.420Z,-8.7889,-109.2564,10,5.2,mww,59,144,20.537,1.04,us,us6000sadp,2026-03-17T13:57:37.040Z,"central East Pacific Rise",earthquake,15.08,1.91,0.078,16,reviewed,us,us
2026-02-20T12:54:32.597Z,-84.447,157.4612,10,4.4,mb,20,79,5.52,0.61,us,us7000s2aa,2026-03-16T11:43:18.040Z,"Antarctica",earthquake,10.15,1.895,0.139,15,reviewed,us,us
2026-02-20T12:50:59.805Z,-84.4932,157.5258,10,4.4,mb,20,117,5.474,0.36,us,us7000s2a9,2026-03-16T11:09:50.040Z,"Antarctica",earthquake,5.34,1.909,0.139,15,reviewed,us,us
2026-02-20T12:45:51.541Z,-17.6704,-178.8655,610.691,4.1,mb,45,79,2.063,0.63,us,us7000s2ab,2026-03-16T13:09:29.040Z,"197 km ENE of Levuka, Fiji",earthquake,15.42,9.41,0.088,35,reviewed,us,us
2026-02-20T12:42:19.110Z,-56.5035,-24.8354,10,4.4,mb,19,86,7,0.59,us,us7000s2an,2026-03-17T11:51:09.040Z,"South Sandwich Islands region",earthquake,7.86,1.902,0.13,17,reviewed,us,us
2026-02-20T12:27:16.513Z,0.0526,97.1878,10,4.2,mb,17,193,1.302,0.52,us,us7000s2a8,2026-03-16T10:42:21.040Z,"89 km SW of Teluk Dalam, Indonesia",earthquake,8.27,1.952,0.167,10,reviewed,us,us
2026-02-20T12:24:45.042Z,-23.4172,179.2555,562.112,4.5,mb,42,76,5.755,0.85,us,us6000sadl,2026-03-17T13:33:08.040Z,"south of the Fiji Islands",earthquake,14.71,9.769,0.092,35,reviewed,us,us
2026-02-20T11:54:42.961Z,42.3799,85.6945,10,4.5,mb,34,118,4.662,0.51,us,us7000s2ai,2026-03-17T06:22:24.040Z,"60 km WSW of Baluntaicun, China",earthquake,10.95,1.915,0.106,26,reviewed,us,us
2026-02-20T11:43:02.273Z,-60.2907,-28.2033,10,4.3,mb,21,90,18.343,0.51,us,us7000s2aj,2026-03-17T11:24:27.040Z,"South Sandwich Islands region",earthquake,14.11,1.929,0.119,20,reviewed,us,us
2026-02-20T10:50:12.636Z,-12.2546,162.5463,10,4.3,mb,14,107,3.788,0.83,us,us7000s2a6,2026-03-19T12:15:11.040Z,"210 km SSE of Kirakira, Solomon Islands",earthquake,12.82,1.904,0.188,8,reviewed,us,us
2026-02-20T10:39:18.090Z,36.6758,142.2563,10,4.5,mb,57,138,3.259,0.67,us,us6000sadg,2026-03-18T14:03:21.040Z,"129 km ESE of Iwaki, Japan",earthquake,5.19,2.46,0.091,36,reviewed,us,us
2026-02-20T10:22:18.755Z,4.8764,125.8392,97.441,4.3,mb,23,133,2.194,0.43,us,us7000s2ah,2026-03-19T13:28:58.040Z,"71 km SE of Sarangani, Philippines",earthquake,13.12,9.785,0.119,20,reviewed,us,us
2026-02-20T09:11:21.008Z,-11.2502,162.656,10,4.6,mb,36,89,3.216,0.56,us,us7000s2a5,2026-03-19T11:58:00.040Z,"119 km SE of Kirakira, Solomon Islands",earthquake,8.8,1.886,0.11,25,reviewed,us,us
2026-02-20T09:00:19.393Z,-19.7221,169.0475,124.41,4.5,mb,20,83,3.241,0.65,us,us7000s2a3,2026-03-19T11:12:51.040Z,"31 km SW of Isangel, Vanuatu",earthquake,9.12,9.682,0.145,14,reviewed,us,us
2026-02-20T08:53:04.934Z,36.8675,53.0897,10,4,mb,20,162,4.141,0.76,us,us7000s2a2,2026-03-18T05:41:52.040Z,"29 km NNE of Jūybār, Iran",earthquake,11.11,1.958,0.157,11,reviewed,us,us
2026-02-20T08:46:53.396Z,-33.449,-178.9187,43.692,4.4,mb,17,233,4.686,0.46,us,us7000s2a0,2026-03-08T12:28:25.040Z,"south of the Kermadec Islands",earthquake,15.36,11.072,0.161,11,reviewed,us,us
2026-02-20T08:46:01.957Z,33.9083,45.3656,10,4.3,mb,37,106,0.717,1.12,us,us7000s2a1,2026-03-08T12:23:03.040Z,"24 km NW of Mandalī, Iraq",earthquake,6.58,1.887,0.101,28,reviewed,us,us
2026-02-20T08:37:50.347Z,33.803,45.2627,10,4.1,mb,18,220,0.821,0.8,us,us7000s2ac,2026-03-18T05:29:16.040Z,"27 km WNW of Mandalī, Iraq",earthquake,6.78,1.946,0.185,8,reviewed,us,us
2026-02-20T08:34:36.970Z,-30.6584,-71.7154,33.075,4.2,mwr,43,145,0.071,1.07,us,us6000sad2,2026-03-13T12:28:38.040Z,"49 km W of Ovalle, Chile",earthquake,4.8,5.337,0.045,48,reviewed,us,us
2026-02-20T08:11:12.060Z,19.5,-65.6103,61,3.62,md,16,271,1.2815,0.52,pr,pr2026051000,2026-03-08T08:34:24.040Z,"121 km NNE of Suárez, Puerto Rico",earthquake,5.33,15.96,0.04,9,reviewed,pr,pr
2026-02-20T07:21:12.264Z,-37.0647,-96.5435,10,5,mww,58,152,19.139,0.74,us,us6000sacu,2026-03-07T07:47:43.040Z,"southeast of Easter Island",earthquake,9.13,1.822,0.083,14,reviewed,us,us
2026-02-20T07:19:18.031Z,51.2198,-169.3425,10,3.7,mb,29,192,1.587,0.56,us,us6000sahx,2026-03-07T07:53:42.040Z,"194 km S of Nikolski, Alaska",earthquake,3.66,1.98,0.119,18,reviewed,us,us
2026-02-20T05:35:09.708Z,1.7357,127.3935,131.622,4.1,mb,19,148,6.703,0.68,us,us7000s29w,2026-03-07T07:25:51.040Z,"68 km W of Tobelo, Indonesia",earthquake,7.04,10.637,0.135,15,reviewed,us,us
2026-02-20T03:41:40.359Z,50.7954,175.7493,10,3.9,mb,13,214,2.192,0.88,us,us7000s2au,2026-03-18T20:54:11.040Z,"288 km SE of Attu Station, Alaska",earthquake,6.68,2.011,0.193,7,reviewed,us,us
2026-02-20T03:22:34.311Z,-12.4156,166.991,217.933,4.5,mb,32,87,3.02,0.87,us,us6000sac0,2026-03-05T22:52:56.040Z,"172 km NNW of Sola, Vanuatu",earthquake,11.49,7.587,0.097,31,reviewed,us,us
2026-02-20T03:10:54.323Z,36.4859,36.3331,10,4.3,mb,31,89,1.092,1.17,us,us6000saby,2026-03-05T22:46:36.040Z,"2 km SW of Kırıkhan, Turkey",earthquake,4.23,1.932,0.177,9,reviewed,us,us
2026-02-20T03:10:03.318Z,-5.3109,145.9309,140.796,4.2,mb,23,93,3.548,0.73,us,us7000s29u,2026-03-05T22:44:16.040Z,"18 km ESE of Madang, Papua New Guinea",earthquake,9.08,7.575,0.137,15,reviewed,us,us
2026-02-20T02:58:58.875Z,1.7055,128.2663,103.335,4.6,mb,45,108,6.079,0.53,us,us6000sabw,2026-03-05T22:49:49.040Z,"28 km E of Tobelo, Indonesia",earthquake,11.12,6.653,0.083,47,reviewed,us,us
2026-02-19T22:31:13.033Z,51.2102,157.3924,78.95,4.3,mb,59,136,1.91,0.47,us,us6000saaw,2026-03-10T03:20:16.040Z,"69 km ESE of Ozernovskiy, Russia",earthquake,11.03,7.565,0.075,52,reviewed,us,us
2026-02-19T20:32:57.151Z,-20.7042,-178.6056,584.64,4.6,mb,51,127,4.317,0.77,us,us6000saa7,2026-03-09T17:57:49.040Z,"Fiji region",earthquake,15.23,8.264,0.082,44,reviewed,us,us
2026-02-19T20:09:42.921Z,-33.409,77.6977,10,4.3,mb,23,71,16.874,1.14,us,us7000s298,2026-03-09T14:25:20.040Z,"Mid-Indian Ridge",earthquake,13.59,1.099,0.129,17,reviewed,us,us
2026-02-19T19:11:03.017Z,34.437,26.0773,39.385,4.4,mb,63,65,1.294,0.86,us,us6000sa9q,2026-03-09T17:47:56.040Z,"70 km SSE of Ierápetra, Greece",earthquake,6.92,8.077,0.072,56,reviewed,us,us
2026-02-19T18:47:27.478Z,52.0204,-169.5305,10,3.7,mb,28,218,1.039,0.76,us,us6000sac8,2026-03-08T17:55:01.040Z,"111 km SSW of Nikolski, Alaska",earthquake,7.92,2.017,0.191,7,reviewed,us,us
2026-02-19T18:37:11.824Z,22.2579,123.9523,10,4.3,mb,39,150,2.127,0.66,us,us6000sa9j,2026-03-09T17:40:40.040Z,"232 km S of Ishigaki, Japan",earthquake,6.82,1.942,0.103,27,reviewed,us,us
2026-02-19T17:41:46.258Z,4.0258,128.3114,10,4.3,mb,34,112,4.067,0.7,us,us7000s294,2026-03-09T13:58:58.040Z,"256 km N of Tobelo, Indonesia",earthquake,14.14,1.916,0.101,28,reviewed,us,us
2026-02-19T17:34:41.508Z,1.1733,-90.6632,10,4.7,mb,54,160,1.873,0.53,us,us6000sa9d,2026-03-09T17:19:16.040Z,"215 km N of Puerto Ayora, Ecuador",earthquake,9.29,1.91,0.066,69,reviewed,us,us
2026-02-19T17:17:22.502Z,1.3625,-90.5569,10,4.9,mww,66,152,2.041,0.6,us,us6000sa9b,2026-03-09T17:13:27.040Z,"234 km N of Puerto Ayora, Ecuador",earthquake,10.05,1.904,0.089,12,reviewed,us,us
2026-02-19T16:54:57.694Z,18.8088,146.4647,144.164,4,mb,10,189,3.606,1.14,us,us7000s291,2026-03-14T18:46:47.040Z,"Pagan region, Northern Mariana Islands",earthquake,18.99,15.74,0.298,4,reviewed,us,us
2026-02-19T15:14:56.770Z,51.9146,-169.389,10,3.9,mb,39,181,0.897,0.79,us,us6000sa7w,2026-03-14T17:14:39.040Z,"119 km SSW of Nikolski, Alaska",earthquake,4.7,1.885,0.091,40,reviewed,us,us
2026-02-19T15:01:38.361Z,24.1216,141.9985,96.716,4.6,mb,34,106,12.807,0.5,us,us7000s290,2026-03-14T17:10:56.040Z,"Volcano Islands, Japan region",earthquake,10.34,8.867,0.076,51,reviewed,us,us
2026-02-19T14:43:09.111Z,9.7009,126.0826,33.513,4.7,mb,80,85,2.661,0.6,us,us6000sa76,2026-03-14T16:58:09.755Z,"6 km SSW of Union, Philippines",earthquake,5.98,4.718,0.055,100,reviewed,us,us
2026-02-19T14:38:39.158Z,51.9574,-169.554,10,4.8,mb,94,151,0.837,0.68,us,us6000sa70,2026-03-14T16:52:40.040Z,"118 km SSW of Nikolski, Alaska",earthquake,5.39,1.885,0.036,234,reviewed,us,us
2026-02-19T14:18:06.650Z,19.8711,-66.5455,34,5.1,ml,32,220,1.3941,0.34,pr,pr2026050001,2026-03-14T14:42:11.002Z,"155 km N of Arecibo, Puerto Rico",earthquake,1.7,20.73,0.1,23,reviewed,pr,pr
2026-02-19T13:44:16.162Z,5.6066,127.1027,114.108,4.7,mb,44,118,2.099,0.71,us,us6000sa6c,2026-03-14T13:58:00.040Z,"132 km SE of Pondaguitan, Philippines",earthquake,13.09,6.702,0.082,45,reviewed,us,us
2026-02-19T13:13:47.623Z,6.1725,123.6648,10,4.5,mb,30,97,2.1,0.52,us,us7000s28v,2026-03-14T13:45:11.040Z,"51 km SW of Sangay, Philippines",earthquake,9.62,1.922,0.115,22,reviewed,us,us
2026-02-19T12:37:00.206Z,-21.0862,-68.9255,111.414,4.4,mb,39,64,0.526,1.12,us,us6000sa5z,2026-03-17T11:26:02.040Z,"71 km WNW of Ollagüe, Chile",earthquake,5.58,5.591,0.098,30,reviewed,us,us
2026-02-19T12:13:58.929Z,39.0392,-9.1085,10,3.5,mb_lg,9,232,1.817,0.22,us,us6000sa5y,2026-02-20T07:36:20.646Z,"4 km ENE of Sobral de Monte Agraço, Portugal",earthquake,6.04,2.018,0.295,3,reviewed,us,us
2026-02-19T11:15:34.594Z,-39.6619,-56.5906,10,4.7,mb,45,70,9.974,1,us,us6000sa5t,2026-03-18T12:13:58.543Z,"202 km SSE of Mar del Plata, Argentina",earthquake,9.46,1.89,0.093,35,reviewed,us,us
2026-02-19T09:09:14.321Z,42.1906,80.5811,10,5,mb,110,77,1.394,0.77,us,us6000sa5f,2026-03-17T08:30:09.040Z,"114 km NNE of Aksu, China",earthquake,6.37,1.843,0.06,89,reviewed,us,us
2026-02-19T08:24:30.319Z,35.0735,140.2253,10,4.4,mb,28,151,2.204,0.89,us,us6000sa5d,2026-03-14T06:15:28.492Z,"11 km SW of Katsuura, Japan",earthquake,7.69,1.65,0.138,15,reviewed,us,us
2026-02-19T08:12:57.032Z,-4.3498,151.9191,198.981,4.5,mb,17,119,0.29,0.54,us,us7000s28m,2026-03-14T06:09:48.040Z,"31 km WSW of Rabaul, Papua New Guinea",earthquake,12.19,9.139,0.145,14,reviewed,us,us
2026-02-19T07:30:00.654Z,12.2657,-89.3559,10,4.4,mb,67,173,1.495,0.99,us,us6000sa58,2026-03-14T06:03:30.040Z,"135 km S of La Libertad, El Salvador",earthquake,10.33,1.954,0.068,63,reviewed,us,us
2026-02-19T07:14:03.228Z,-25.5007,179.7429,518.455,4.2,mb,16,257,12.757,0.43,us,us7000s28q,2026-03-14T05:56:22.040Z,"south of the Fiji Islands",earthquake,24.06,26.528,0.146,13,reviewed,us,us
2026-02-19T07:02:16.000Z,-5.6588,133.7698,10,4.9,mb,53,75,3.115,0.37,us,us6000sa54,2026-03-14T05:49:37.040Z,"112 km E of Tual, Indonesia",earthquake,7.1,1.876,0.082,47,reviewed,us,us
2026-02-19T06:58:35.388Z,-22.2161,-178.2175,377.088,4.5,mb,21,110,5.664,0.79,us,us6000sa50,2026-03-14T05:48:02.040Z,"south of the Fiji Islands",earthquake,13.29,10.08,0.121,20,reviewed,us,us
2026-02-19T06:37:26.588Z,52.0172,-179.9066,127.422,4.7,mb,209,52,0.278,0.82,us,us6000sa4v,2026-03-14T05:46:29.040Z,"225 km W of Adak, Alaska",earthquake,7.68,4.794,0.03,331,reviewed,us,us
2026-02-19T05:35:11.933Z,-12.4532,-76.4374,67.033,3.6,mb,10,173,0.609,0.42,us,us6000sa4z,2026-02-19T15:30:01.267Z,"14 km NE of Calango, Peru",earthquake,12.21,9.788,0.289,3,reviewed,us,us
2026-02-19T04:53:20.865Z,36.9184,21.458,10,4.6,mb,61,81,0.455,1.24,us,us6000sa45,2026-03-14T03:11:09.040Z,"21 km W of Pýlos, Greece",earthquake,4.65,1.868,0.084,42,reviewed,us,us
2026-02-19T04:41:30.009Z,4.2674,128.3829,10,4.6,mb,42,126,3.941,1.31,us,us6000sa4b,2026-03-14T03:26:45.040Z,"283 km N of Tobelo, Indonesia",earthquake,13.07,1.895,0.087,39,reviewed,us,us
2026-02-19T04:40:37.923Z,33.6048,81.7216,10,4.1,mb,33,158,7.839,0.61,us,us6000sa44,2026-03-14T03:02:09.040Z,"western Xizang",earthquake,10.31,1.921,0.109,23,reviewed,us,us
2026-02-19T04:38:04.210Z,17.9846,-68.936,99,3.75,md,18,243,0.7666,0.44,pr,pr2026050000,2026-03-14T03:13:02.040Z,"49 km S of La Romana, Dominican Republic",earthquake,4.09,3.89,0.15,12,reviewed,pr,pr
2026-02-19T03:43:07.794Z,27.3858,52.6384,10,4.4,mb,50,80,4.021,0.74,us,us6000sa3x,2026-03-14T02:51:19.040Z,"30 km SW of Mohr, Iran",earthquake,9.73,1.439,0.078,47,reviewed,us,us
2026-02-19T03:22:37.538Z,4.0579,128.2261,35,4.6,mb,49,117,3.986,0.82,us,us6000sa3v,2026-03-14T02:48:07.040Z,"258 km N of Tobelo, Indonesia",earthquake,11.63,1.937,0.084,42,reviewed,us,us
2026-02-19T03:21:12.327Z,27.341,52.616,10,4.2,mb,37,165,4.011,0.84,us,us7000s28h,2026-03-07T00:26:59.040Z,"35 km SW of Mohr, Iran",earthquake,11.4,1.924,0.102,27,reviewed,us,us
2026-02-19T03:11:59.598Z,3.8608,128.0953,88.992,4.5,mb,41,73,4.054,0.84,us,us6000sa3r,2026-03-14T01:09:20.040Z,"235 km N of Tobelo, Indonesia",earthquake,10.41,8.205,0.09,36,reviewed,us,us
2026-02-19T03:00:08.615Z,11.4277,-86.3134,73.375,4.7,mww,85,141,1.118,0.89,us,us6000sa3l,2026-03-14T00:55:54.239Z,"36 km SSW of La Conquista, Nicaragua",earthquake,8.11,8.54,0.11,8,reviewed,us,us
2026-02-19T02:48:59.006Z,50.0163,158.5376,10,4.3,mb,14,135,3.012,0.76,us,us7000s28e,2026-03-06T03:53:27.040Z,"186 km ESE of Severo-Kuril’sk, Russia",earthquake,8.82,1.947,0.216,6,reviewed,us,us
2026-02-19T02:11:58.254Z,62.293,-150.614,5,4,ml,191,21,0.2,1.3,ak,aka2026dmcyvx,2026-03-14T00:48:42.040Z,"20 km W of Trapper Creek, Alaska",earthquake,1.6,0,0.1,126,reviewed,ak,ak
2026-02-19T01:11:44.104Z,-18.1061,-163.3453,10,4.4,mb,11,124,4.569,0.87,us,us7000rzst,2026-03-14T04:01:59.040Z,"Cook Islands region",earthquake,6.55,1.921,0.239,5,reviewed,us,us
2026-02-19T00:26:17.365Z,1.3768,122.081,33.861,5.5,mww,217,46,6.644,0.71,us,us6000sa2c,2026-03-17T03:03:18.098Z,"143 km NW of Gorontalo, Indonesia",earthquake,6.55,2.991,0.062,25,reviewed,us,us
2026-02-18T23:36:44.500Z,49.2644,154.8256,82.236,4.8,mb,140,91,4.252,0.61,us,us6000sa28,2026-03-13T06:02:31.040Z,"182 km SSW of Severo-Kuril’sk, Russia",earthquake,10.16,7.118,0.044,160,reviewed,us,us
2026-02-18T22:40:28.752Z,37.3977,141.9228,43.546,4.6,mb,68,123,3.094,0.82,us,us6000sa20,2026-03-30T16:51:48.040Z,"80 km E of Tomioka, Japan",earthquake,7.96,5.964,0.069,63,reviewed,us,us
2026-02-18T19:53:22.673Z,2.9203,-31.4402,10,5.2,mb,126,41,9.765,0.45,us,us6000sa0y,2026-03-04T22:29:16.040Z,"central Mid-Atlantic Ridge",earthquake,9.78,1.79,0.044,170,reviewed,us,us
2026-02-18T19:32:14.136Z,-23.2835,-67.7303,140.09,4.7,mb,26,86,0.529,0.54,us,us6000sa0v,2026-03-04T21:52:44.040Z,"63 km SE of San Pedro de Atacama, Chile",earthquake,10.42,6.507,0.13,18,reviewed,us,us
2026-02-18T17:24:54.007Z,36.224,21.9965,45.121,4,mb,24,200,0.954,1.04,us,us7000s20q,2026-03-08T17:19:43.040Z,"63 km S of Koróni, Greece",earthquake,5.83,12.72,0.259,4,reviewed,us,us
2026-02-18T17:01:42.447Z,-18.058,-178.0157,601.993,4.1,mb,29,208,2.951,0.76,us,us7000s20p,2026-03-04T17:52:49.040Z,"282 km E of Levuka, Fiji",earthquake,9.27,13,0.114,21,reviewed,us,us
2026-02-18T15:00:32.059Z,-2.729,128.0143,10,4.2,mb,14,125,2.594,0.71,us,us7000s20l,2026-03-05T00:31:38.040Z,"108 km N of Ambon, Indonesia",earthquake,11.01,1.95,0.159,11,reviewed,us,us
2026-02-18T14:16:16.468Z,51.3186,174.0564,10,4.2,mb,86,217,1.413,0.5,us,us6000s9yx,2026-03-11T14:31:21.040Z,"180 km SSE of Attu Station, Alaska",earthquake,8.56,1.96,0.069,58,reviewed,us,us
2026-02-18T14:08:40.451Z,28.8195,52.6682,10,4.3,mb,36,169,4.985,0.46,us,us7000s20j,2026-03-12T17:21:21.040Z,"9 km ESE of Fīrūzābād, Iran",earthquake,8.85,1.928,0.11,23,reviewed,us,us
2026-02-18T14:07:54.605Z,-55.8954,-26.3361,10,4.7,mb,27,195,6.049,0.68,us,us7000s20s,2026-03-13T07:13:10.040Z,"South Sandwich Islands region",earthquake,13.83,1.91,0.126,19,reviewed,us,us
2026-02-18T13:11:09.396Z,-21.2181,-69.4889,101.009,4.1,mb,24,51,0.174,0.5,us,us6000s9yr,2026-03-12T07:16:14.040Z,"99 km S of La Tirana, Chile",earthquake,5.22,3.559,0.165,10,reviewed,us,us
2026-02-18T12:58:59.324Z,34.3301,110.2091,10,4.3,mb,34,110,4.087,0.44,us,us7000s20h,2026-03-12T06:52:45.040Z,"29 km SSE of Huayin, China",earthquake,8.82,1.893,0.122,19,reviewed,us,us
2026-02-18T12:11:58.575Z,52.6033,160.4241,35,4.5,mb,36,120,1.156,1.23,us,us6000s9yj,2026-03-12T06:41:22.040Z,"131 km ESE of Petropavlovsk-Kamchatsky, Russia",earthquake,9.35,1.931,0.1,29,reviewed,us,us
2026-02-18T12:06:15.598Z,12.5084,-87.8245,79.23,4.3,mb,63,180,1.071,0.53,us,us7000s20d,2026-03-12T06:35:54.040Z,"48 km WSW of Jiquilillo, Nicaragua",earthquake,9.74,11.051,0.075,50,reviewed,us,us
2026-02-18T11:38:59.028Z,11.7884,-86.9401,12.379,4.1,mb,24,149,1.829,0.6,us,us7000s20c,2026-03-12T06:32:54.040Z,"46 km W of Masachapa, Nicaragua",earthquake,11.55,7.153,0.131,16,reviewed,us,us
2026-02-18T10:31:25.065Z,49.5724,158.0876,10,4.3,mb,43,136,3.474,0.46,us,us7000s20m,2026-03-12T06:19:36.040Z,"186 km SE of Severo-Kuril’sk, Russia",earthquake,7.68,1.876,0.102,27,reviewed,us,us
2026-02-18T10:23:36.737Z,-5.4447,153.9228,83.851,4.3,mb,21,118,2.15,0.34,us,us7000s20i,2026-04-02T06:41:37.040Z,"198 km WNW of Panguna, Papua New Guinea",earthquake,10.44,21.207,0.129,17,reviewed,us,us
2026-02-18T09:06:35.971Z,9.6512,-82.7634,10,4.6,mb,78,67,0.613,0.59,us,us6000s9y5,2026-03-12T06:01:44.696Z,"13 km NNW of Barranco Adentro, Panama",earthquake,7.45,1.904,0.063,75,reviewed,us,us
2026-02-18T07:57:31.577Z,-16.7217,-179.2143,532.489,4.5,mb,61,36,1.379,0.98,us,us6000s9xy,2026-03-06T06:49:00.040Z,"154 km ESE of Labasa, Fiji",earthquake,11.53,7.696,0.043,162,reviewed,us,us
2026-02-18T07:35:50.915Z,24.9553,124.0438,95.58,4.7,mb,81,71,0.599,0.97,us,us6000s9xv,2026-03-06T06:43:10.040Z,"68 km N of Ishigaki, Japan",earthquake,4.8,6.014,0.05,121,reviewed,us,us
2026-02-18T05:13:03.003Z,-6.5205,127.8813,383.101,4.4,mb,21,56,2.828,0.78,us,us7000s207,2026-03-06T14:04:50.040Z,"241 km NNE of Lospalos, Timor Leste",earthquake,9.29,10.625,0.202,7,reviewed,us,us
2026-02-18T04:33:53.624Z,-35.064,53.9346,10,4.5,mb,13,89,11.463,0.65,us,us7000s206,2026-03-04T23:56:21.040Z,"Southwest Indian Ridge",earthquake,5.21,1.921,0.18,9,reviewed,us,us
2026-02-18T03:04:52.418Z,-14.2519,166.7138,35,4.3,mb,16,144,1.279,1,us,us7000s205,2026-04-01T00:47:03.040Z,"95 km NNW of Port-Olry, Vanuatu",earthquake,9.58,1.953,0.178,9,reviewed,us,us
2026-02-18T02:27:47.935Z,29.2093,130.5899,31.663,5.1,mww,113,79,2.295,0.75,us,us6000s9wt,2026-03-07T01:34:51.421Z,"113 km S of Koshima, Japan",earthquake,6.26,4.881,0.086,13,reviewed,us,us
2026-02-18T02:22:53.271Z,-16.8629,-73.4786,10,4.2,mb,21,148,3.346,0.61,us,us6000s9ws,2026-03-07T01:23:52.040Z,"73 km SSE of Atico, Peru",earthquake,10.66,1.992,0.121,19,reviewed,us,us
2026-02-18T02:15:27.346Z,-6.2306,131.2187,65.564,4.9,mww,108,53,2.143,0.61,us,us6000s9wr,2026-04-01T00:40:56.040Z,"182 km WSW of Tual, Indonesia",earthquake,7.33,6.534,0.11,8,reviewed,us,us
2026-02-18T00:45:29.090Z,-14.2131,166.5951,10,5,mb,49,134,1.36,0.6,us,us6000s9we,2026-03-11T23:58:26.040Z,"105 km NNW of Port-Olry, Vanuatu",earthquake,12.02,1.859,0.09,39,reviewed,us,us
2026-02-18T00:35:57.005Z,-30.4582,-177.6878,35,4.6,mb,25,98,7.826,0.5,us,us7000s204,2026-03-11T23:41:41.040Z,"Kermadec Islands, New Zealand",earthquake,7.22,1.961,0.136,16,reviewed,us,us
2026-02-18T00:19:12.979Z,15.6577,-98.305,10,4.8,mww,111,156,1.164,1.05,us,us6000s9wb,2026-04-05T22:51:42.040Z,"65 km S of Corralero, Mexico",earthquake,7.59,1.904,0.068,21,reviewed,us,us
2026-02-17T23:48:54.433Z,2.053,127.1916,110.872,4.1,mb,15,177,14.314,0.48,us,us7000s1rt,2026-04-05T22:09:25.040Z,"97 km WNW of Tobelo, Indonesia",earthquake,13.97,9.761,0.145,13,reviewed,us,us
2026-02-17T23:17:00.774Z,51.7835,-175.9552,59.611,4,mb,51,180,0.204,0.67,us,us6000s9w6,2026-03-11T23:24:59.040Z,"47 km ESE of Adak, Alaska",earthquake,5.24,3.343,0.1,27,reviewed,us,us
2026-02-17T23:12:44.723Z,50.9585,-177.9562,10,4.6,mb,73,178,0.799,0.9,us,us6000s9w4,2026-04-05T21:25:49.040Z,"137 km SW of Adak, Alaska",earthquake,4.54,1.871,0.044,153,reviewed,us,us
2026-02-17T23:01:15.679Z,16.4668,-59.6351,16.349,4.4,mb,27,179,1.373,0.48,us,us7000s1rx,2026-03-11T23:19:45.040Z,"154 km E of Beauséjour, Guadeloupe",earthquake,5.2,4.882,0.138,15,reviewed,us,us
2026-02-17T22:52:43.650Z,-5.9917,147.4435,81.176,4.6,mb,25,124,3.402,0.41,us,us7000s1rv,2026-03-11T23:17:07.040Z,"76 km NW of Finschhafen, Papua New Guinea",earthquake,11.86,7.866,0.125,19,reviewed,us,us
2026-02-17T22:23:50.643Z,8.7909,127.3224,10,4.4,mb,21,135,2.43,0.59,us,us7000s1rr,2026-03-04T00:48:22.040Z,"111 km E of Aras-asan, Philippines",earthquake,11.29,1.933,0.149,13,reviewed,us,us
2026-02-17T20:37:59.987Z,2.6348,128.6803,228.535,4.1,mb,21,133,6.569,0.68,us,us7000s1rp,2026-03-04T17:33:44.040Z,"124 km NE of Tobelo, Indonesia",earthquake,15.62,8.826,0.139,14,reviewed,us,us
2026-02-17T20:24:47.266Z,12.8779,57.6916,10,4.3,mb,36,100,12.085,1.01,us,us6000s9xp,2026-03-04T17:22:06.040Z,"Owen Fracture Zone region",earthquake,12.74,1.91,0.101,28,reviewed,us,us
2026-02-17T20:01:38.074Z,51.6377,159.0807,39.833,4.5,mb,45,138,1.413,0.76,us,us6000s9uy,2026-03-04T17:08:06.040Z,"151 km SSE of Vilyuchinsk, Russia",earthquake,9.19,6.811,0.089,37,reviewed,us,us
2026-02-17T19:24:21.376Z,-0.1307,124.6068,80.146,4.6,mb,81,63,6.858,1.03,us,us6000s9uj,2026-03-04T16:56:19.040Z,"67 km SSE of Modisi, Indonesia",earthquake,10.68,8.136,0.064,72,reviewed,us,us
2026-02-17T18:57:13.590Z,33.893,-116.86883333333,13.98,3.6,ml,131,21,0.07346,0.19,ci,ci41187255,2026-03-04T16:55:20.233Z,"4 km S of Banning, CA",earthquake,0.11,0.24,0.1723038372405,286,reviewed,ci,ci
2026-02-17T18:16:07.446Z,-10.3208,161.3264,105.119,4.3,mb,43,132,1.617,0.48,us,us7000s1rm,2026-03-04T16:39:46.040Z,"66 km WNW of Kirakira, Solomon Islands",earthquake,10.04,7.746,0.092,34,reviewed,us,us
2026-02-17T18:09:24.210Z,-15.0848,66.9289,10,4.6,mb,22,142,22.583,0.31,us,us7000s1rs,2026-03-04T16:04:25.040Z,"Mid-Indian Ridge",earthquake,11.6,1.862,0.152,13,reviewed,us,us
2026-02-17T18:00:52.699Z,-8.2804,108.1062,85.027,4.9,mb,83,95,0.93,0.59,us,us6000s9u1,2026-03-04T15:59:04.327Z,"100 km S of Kawalu, Indonesia",earthquake,6.81,5.771,0.07,65,reviewed,us,us
2026-02-17T17:30:50.291Z,0.4378,121.6745,123.984,4.5,mb,54,77,5.746,0.82,us,us6000s9tz,2026-03-03T22:45:23.040Z,"154 km W of Gorontalo, Indonesia",earthquake,10.29,6.949,0.088,38,reviewed,us,us
2026-02-17T17:18:45.440Z,22.1216,143.4202,215.467,4.4,mb,151,61,14.304,0.7,us,us6000s9xq,2026-03-03T22:24:13.040Z,"Volcano Islands, Japan region",earthquake,10.56,6.612,0.047,129,reviewed,us,us
2026-02-17T16:35:25.777Z,51.9812,-176.1193,145.13,3.7,mb,53,157,0.036,0.33,us,us6000sa4f,2026-03-12T21:39:16.040Z,"37 km ENE of Adak, Alaska",earthquake,12.5,4.609,0.115,20,reviewed,us,us
2026-02-17T16:31:27.848Z,43.8452,16.9192,38.572,4.3,mwr,152,15,2.222,0.75,us,us6000s9sn,2026-03-12T21:37:15.741Z,"6 km NNW of Zabrišće, Bosnia and Herzegovina",earthquake,4.72,5.648,0.055,32,reviewed,us,us
2026-02-17T15:35:33.025Z,-21.8806,-68.6223,107.988,4.6,mb,52,46,0.582,0.58,us,us6000s9sc,2026-03-12T21:28:57.040Z,"70 km NNE of Calama, Chile",earthquake,5.08,6.085,0.072,58,reviewed,us,us
2026-02-17T15:11:15.953Z,-23.5837,179.8445,543.235,4.9,mb,147,35,6.046,0.8,us,us6000s9sa,2026-03-12T21:26:28.040Z,"south of the Fiji Islands",earthquake,11.01,6.263,0.035,255,reviewed,us,us
2026-02-17T15:05:15.477Z,22.1555,100.824,10,4.6,mb,99,47,1.963,0.5,us,us6000s9s9,2026-03-12T21:21:52.040Z,"20 km NNE of Jinghong, China",earthquake,5.4,2.61,0.061,85,reviewed,us,us
2026-02-17T14:26:50.945Z,50.4254,156.6034,70.223,4.1,mb,42,135,2.772,0.66,us,us7000s1rk,2026-03-12T21:15:58.040Z,"43 km SE of Severo-Kuril’sk, Russia",earthquake,12.16,8.137,0.097,31,reviewed,us,us
2026-02-17T14:20:33.427Z,4.4161,128.1524,26.286,4.6,mb,94,85,3.675,0.4,us,us6000s9s7,2026-03-12T19:46:39.040Z,"297 km N of Tobelo, Indonesia",earthquake,9.67,4.708,0.057,92,reviewed,us,us
2026-02-17T14:16:26.485Z,-12.5261,-74.594,90.376,4.2,mb,39,110,2.262,0.59,us,us6000s9s1,2026-03-12T19:10:22.827Z,"7 km WNW of Paucarbamba, Peru",earthquake,11.92,11.338,0.093,32,reviewed,us,us
2026-02-17T13:04:59.713Z,-24.9575,179.5468,493.878,4.3,mb,18,118,7.31,0.57,us,us7000s1rd,2026-03-12T19:07:39.040Z,"south of the Fiji Islands",earthquake,14.97,17.872,0.154,12,reviewed,us,us
2026-02-17T13:00:49.378Z,32.6938,140.3024,94.876,4.5,mb,73,93,3.795,0.76,us,us7000s1re,2026-03-12T18:57:26.040Z,"253 km SSE of Shimoda, Japan",earthquake,9.33,7.286,0.072,56,reviewed,us,us
2026-02-17T12:41:51.266Z,-5.7236,133.7313,10,4.5,mb,25,83,3.154,0.46,us,us6000s9rx,2026-03-12T11:19:09.040Z,"108 km E of Tual, Indonesia",earthquake,4.54,1.844,0.127,18,reviewed,us,us
2026-02-17T11:20:49.340Z,18.1946,-68.5491,146,3.73,md,15,209,0.3607,0.34,pr,pr2026048000,2026-03-11T12:50:32.040Z,"21 km SSE of Boca de Yuma, Dominican Republic",earthquake,3.02,1.4,0.1,7,reviewed,pr,pr
2026-02-17T10:59:22.874Z,-57.4702,-30.4082,10,4.6,mb,26,191,4.681,0.29,us,us7000s1s1,2026-03-13T07:48:44.040Z,"South Sandwich Islands region",earthquake,8.75,1.918,0.128,18,reviewed,us,us
2026-02-17T10:57:15.311Z,-7.502,128.2197,152.965,4.6,mb,61,85,3.401,0.56,us,us6000s9rj,2026-03-12T11:30:16.040Z,"175 km NE of Lospalos, Timor Leste",earthquake,7.78,7.7,0.079,48,reviewed,us,us
2026-02-17T10:08:57.367Z,43.5924,77.8275,10,4.6,mb,59,64,1.235,0.84,us,us6000s9r8,2026-03-12T07:48:14.058Z,"28 km NE of Turgen, Kazakhstan",earthquake,5.68,1.878,0.082,45,reviewed,us,us
2026-02-17T09:44:36.873Z,-57.282,-30.3167,10,4.5,mb,21,193,4.6,0.34,us,us7000s1s2,2026-03-13T07:34:37.040Z,"South Sandwich Islands region",earthquake,9.9,1.939,0.136,16,reviewed,us,us
2026-02-17T08:54:18.595Z,53.1003,159.8229,72.902,4,mb,23,113,0.712,0.8,us,us7000s1r9,2026-03-06T14:19:28.040Z,"80 km E of Petropavlovsk-Kamchatsky, Russia",earthquake,10.69,8.24,0.149,14,reviewed,us,us
2026-02-17T08:09:55.688Z,49.2084,155.6968,50.991,4.5,mb,62,135,4.103,0.67,us,us6000s9qz,2026-03-04T14:58:29.040Z,"166 km S of Severo-Kuril’sk, Russia",earthquake,6.45,7.845,0.074,53,reviewed,us,us
2026-02-17T08:04:08.621Z,40.9017,143.3303,32.137,4.4,mb,55,142,1.12,0.89,us,us6000s9qt,2026-04-06T13:31:15.040Z,"140 km SSE of Honchō, Japan",earthquake,6.76,6.084,0.098,30,reviewed,us,us
2026-02-17T07:38:02.406Z,-24.2073,179.8208,517.591,4.4,mb,20,116,6.639,0.49,us,us7000s1r6,2026-03-06T15:17:15.040Z,"south of the Fiji Islands",earthquake,18.61,19.776,0.155,15,reviewed,us,us
2026-02-17T07:25:16.106Z,43.9666,148.8584,10,4.3,mb,60,135,4.52,1.06,us,us6000s9qg,2026-03-06T06:53:58.040Z,"160 km SSE of Kuril’sk, Russia",earthquake,10.12,1.902,0.08,44,reviewed,us,us
2026-02-17T06:01:17.150Z,31.667,-104.115,6.2152,3.6,ml,76,47,0,0.2,tx,tx2026ditcsc,2026-03-10T15:17:20.463Z,"49 km W of Mentone, Texas",earthquake,0.33174800755918,0.40506009494963,0.2,60,reviewed,tx,tx
2026-02-17T03:36:37.139Z,-57.3572,-30.1352,10,5.4,mww,103,29,4.724,0.73,us,us6000s9p3,2026-03-13T17:50:47.468Z,"South Sandwich Islands region",earthquake,9.56,1.789,0.078,16,reviewed,us,us
2026-02-17T03:32:07.569Z,9.3708,126.591,10,4.6,mb,27,114,2.496,0.87,us,us7000s1r0,2026-03-13T05:28:29.040Z,"45 km ENE of Cortes, Philippines",earthquake,12.99,1.897,0.116,22,reviewed,us,us
2026-02-17T03:13:24.757Z,-57.503,-30.3758,10,4.8,mb,26,93,4.716,0.39,us,us7000s1r3,2026-03-13T03:53:05.040Z,"South Sandwich Islands region",earthquake,13.32,1.91,0.111,25,reviewed,us,us
2026-02-17T03:11:48.284Z,50.8286,-29.8546,10,4.5,mb,37,105,14.635,0.53,us,us7000s1qy,2026-03-13T03:45:15.040Z,"northern Mid-Atlantic Ridge",earthquake,12.39,1.925,0.113,23,reviewed,us,us
2026-02-17T03:06:28.935Z,-6.7871,155.1662,113.444,4.4,mb,36,95,3.947,0.7,us,us7000s1qw,2026-03-13T03:35:27.040Z,"62 km SW of Panguna, Papua New Guinea",earthquake,11.77,7.162,0.101,28,reviewed,us,us
2026-02-17T02:46:12.041Z,-37.9919,-94.2118,10,4.4,mb,13,161,19.594,0.43,us,us7000s1qt,2026-03-13T03:14:49.040Z,"West Chile Rise",earthquake,14.49,1.943,0.154,12,reviewed,us,us
2026-02-17T02:37:03.737Z,-37.7127,-94.2233,10,4.5,mb,18,158,26.23,0.47,us,us7000s1qr,2026-03-13T02:22:53.040Z,"West Chile Rise",earthquake,15.63,1.71,0.14,15,reviewed,us,us
2026-02-17T02:31:09.697Z,-7.2427,129.8997,140.642,4.2,mb,13,136,2.702,0.41,us,us7000s1r2,2026-03-13T01:48:05.040Z,"Kepulauan Babar, Indonesia",earthquake,11.47,5.239,0.199,7,reviewed,us,us
2026-02-17T02:30:12.144Z,40.9308,140.1009,162.225,4.5,mb,116,85,0.744,0.56,us,us6000s9ny,2026-03-13T02:09:28.040Z,"19 km NNW of Ajigasawa, Japan",earthquake,8.48,6.386,0.056,94,reviewed,us,us
2026-02-17T02:25:22.184Z,-57.2538,-29.9808,10,4.7,mb,27,95,22.906,0.46,us,us7000s1r5,2026-03-13T01:42:39.040Z,"South Sandwich Islands region",earthquake,13.17,1.447,0.11,25,reviewed,us,us
2026-02-17T02:23:04.322Z,4.3362,128.2555,10,4.4,mb,22,135,19.89,0.64,us,us7000s1qq,2026-03-12T23:41:38.040Z,"289 km N of Tobelo, Indonesia",earthquake,7.71,1.922,0.139,15,reviewed,us,us
2026-02-17T02:20:03.044Z,-57.3812,-30.1424,10,4.9,mb,35,101,30.703,0.74,us,us6000s9qb,2026-03-12T23:33:39.040Z,"South Sandwich Islands region",earthquake,13.93,1.889,0.1,31,reviewed,us,us
2026-02-17T01:50:20.724Z,-38.2031,-93.8907,10,4.4,mb,23,158,18.878,0.4,us,us7000s1qp,2026-03-12T23:20:50.040Z,"West Chile Rise",earthquake,12.87,1.872,0.12,20,reviewed,us,us
2026-02-17T01:21:46.709Z,-30.7574,-71.5082,44.824,4.1,mwr,41,123,0.137,1.06,us,us6000s9nn,2026-03-12T23:02:46.040Z,"34 km WSW of Ovalle, Chile",earthquake,3.88,5.684,0.053,34,reviewed,us,us
2026-02-17T00:34:49.296Z,3.7048,126.8925,35,4.3,mb,23,148,3.589,0.8,us,us7000s1qn,2026-03-11T23:00:41.040Z,"245 km SE of Sarangani, Philippines",earthquake,14.23,1.941,0.138,15,reviewed,us,us
2026-02-16T23:47:21.153Z,-5.6101,133.7994,10,5,mb,65,65,3.088,0.44,us,us6000s9mt,2026-03-03T02:37:39.040Z,"116 km E of Tual, Indonesia",earthquake,9.59,1.799,0.07,66,reviewed,us,us
2026-02-16T22:57:44.803Z,37.6917,22.4665,65.799,4.6,mb,69,79,0.669,0.7,us,us6000s9m8,2026-03-03T02:26:05.919Z,"15 km E of Levídion, Greece",earthquake,5.19,6.635,0.071,60,reviewed,us,us
2026-02-16T22:50:47.825Z,20.4657,93.9341,43.231,4.4,mb,45,63,1.177,0.39,us,us6000s9r0,2026-03-11T21:55:16.040Z,"97 km W of Yenangyaung, Burma (Myanmar)",earthquake,7.84,7.308,0.105,26,reviewed,us,us
2026-02-16T22:34:14.395Z,-20.3554,-69.2748,111.948,4.2,mb,25,92,0.242,0.53,us,us6000s9ly,2026-03-11T05:14:42.818Z,"39 km E of La Tirana, Chile",earthquake,5.33,4.706,0.142,14,reviewed,us,us
2026-02-16T22:08:16.152Z,-21.854,69.2111,10,4.6,mb,18,84,20.633,0.86,us,us7000s1gq,2026-03-11T05:02:07.040Z,"Mid-Indian Ridge",earthquake,14.4,1.915,0.172,11,reviewed,us,us
2026-02-16T21:42:52.487Z,51.262,157.6851,43,6,mww,172,43,1.849,0.58,us,us6000s9l2,2026-04-05T21:17:02.605Z,"86 km ESE of Ozernovskiy, Russia",earthquake,7.51,1.841,0.042,55,reviewed,us,us
2026-02-16T21:35:10.646Z,-49.2535,121.8598,10,4.7,mb,26,156,16.672,0.9,us,us7000s1gp,2026-03-11T04:53:41.040Z,"western Indian-Antarctic Ridge",earthquake,14.12,1.929,0.11,25,reviewed,us,us
2026-02-16T21:24:57.361Z,-22.2241,-69.0859,102.323,4.8,mwr,59,59,0.449,0.99,us,us6000s9kw,2026-03-11T04:52:03.098Z,"30 km NNW of Calama, Chile",earthquake,4.25,3.905,0.073,18,reviewed,us,us
2026-02-16T19:32:25.196Z,-18.1455,-177.7588,585.051,4.3,mb,24,91,3.205,0.69,us,us7000s1gk,2026-03-02T18:00:46.040Z,"Fiji region",earthquake,11.78,9.969,0.123,20,reviewed,us,us
2026-02-16T19:23:39.678Z,-11.5762,166.3698,40,5.8,mww,82,51,3.932,0.78,us,us6000s9k6,2026-04-03T13:53:57.892Z,"113 km SSE of Lata, Solomon Islands",earthquake,10.14,1.95,0.053,34,reviewed,us,us
2026-02-16T18:23:14.880Z,24.6417,122.0372,67.301,4.2,mwr,57,39,0.592,0.45,us,us6000s9jv,2026-03-02T18:28:03.949Z,"31 km ESE of Yilan, Taiwan",earthquake,4.31,3.95,0.073,18,reviewed,us,us
2026-02-16T18:01:32.732Z,14.8228,123.4277,35,4.2,mb,35,131,8.257,0.55,us,us7000s1gh,2026-03-02T17:20:17.040Z,"86 km NE of Sabang Indan, Philippines",earthquake,7.77,1.913,0.104,26,reviewed,us,us
2026-02-16T17:52:56.270Z,40.9159,142.4312,55.188,4.4,mb,59,149,1.044,0.82,us,us6000s9je,2026-03-02T18:24:30.040Z,"91 km ENE of Hachinohe, Japan",earthquake,6.05,7.686,0.078,48,reviewed,us,us
2026-02-16T17:32:54.863Z,-17.7459,-13.1872,10,5.5,mww,58,52,7.343,0.59,us,us6000s9ii,2026-04-03T13:52:10.969Z,"southern Mid-Atlantic Ridge",earthquake,9.64,1.864,0.083,14,reviewed,us,us
2026-02-16T14:52:54.769Z,-57.9111,-25.3525,27,5.7,mww,130,41,7.209,0.57,us,us6000s9i0,2026-03-31T17:42:39.498Z,"South Sandwich Islands region",earthquake,10.26,1.79,0.08,15,reviewed,us,us
2026-02-16T13:32:13.071Z,27.5688,52.7642,10,4.1,mb,42,177,4.045,0.55,us,us6000s9hs,2026-03-08T17:03:16.040Z,"11 km W of Mohr, Iran",earthquake,7.92,1.941,0.096,30,reviewed,us,us
2026-02-16T13:16:35.612Z,-46.6119,165.6027,10,4.2,mb,33,102,0.869,0.79,us,us6000s9hm,2026-03-08T16:55:02.040Z,"187 km W of Riverton, New Zealand",earthquake,7.85,1.966,0.263,4,reviewed,us,us
2026-02-16T11:42:15.432Z,-8.5584,118.2753,134.386,4.8,mb,53,68,0.561,0.65,us,us6000s9hg,2026-03-10T14:52:35.040Z,"20 km W of Dompu, Indonesia",earthquake,6.52,5.95,0.083,45,reviewed,us,us
2026-02-16T10:50:11.452Z,51.2826,-169.2668,10,3.8,mb,36,232,1.532,0.66,us,us6000s9hy,2026-02-17T07:43:08.040Z,"186 km S of Nikolski, Alaska",earthquake,7.93,2.009,0.154,11,reviewed,us,us
2026-02-16T10:07:06.106Z,-6.9281,129.7831,133.865,4.4,mb,28,50,2.393,0.87,us,us6000s9h9,2026-03-03T10:23:09.040Z,"Banda Sea",earthquake,7.63,9.409,0.144,14,reviewed,us,us
2026-02-16T09:34:56.980Z,51.451,-173.6558,35,3.8,mb,66,192,1.626,1.23,us,us7000s1gb,2026-03-03T08:02:13.040Z,"91 km SSE of Atka, Alaska",earthquake,10.06,1.981,0.086,35,reviewed,us,us
2026-02-16T09:19:39.564Z,-30.7933,-71.4971,46.29,4.4,mwr,61,131,0.168,0.96,us,us6000s9h5,2026-03-03T08:05:56.040Z,"35 km SW of Ovalle, Chile",earthquake,6.47,5.741,0.054,33,reviewed,us,us
2026-02-16T08:04:26.817Z,-40.701,174.5482,77.192,4.5,mb,27,48,0.618,0.54,us,us6000s9h1,2026-03-12T11:38:37.059Z,"43 km WNW of Raumati Beach, New Zealand",earthquake,3.68,6.744,0.191,8,reviewed,us,us
2026-02-16T07:36:34.947Z,-6.0289,147.2031,60.076,4.6,mb,66,42,3.354,0.62,us,us6000s9h0,2026-03-12T11:50:47.040Z,"80 km NNE of Lae, Papua New Guinea",earthquake,7.37,6.799,0.075,54,reviewed,us,us
2026-02-16T07:19:12.544Z,-46.693,165.5299,10,4.4,mb,23,94,0.954,0.92,us,us6000s9gu,2026-03-12T11:46:07.040Z,"194 km W of Riverton, New Zealand",earthquake,4.05,1.929,0.178,9,reviewed,us,us
2026-02-16T07:14:31.720Z,40.9592,78.4162,10,4.6,mb,68,126,2.496,0.73,us,us6000s9gt,2026-03-12T10:38:26.040Z,"132 km NNW of Tumxuk, China",earthquake,8.68,1.932,0.068,65,reviewed,us,us
2026-02-16T07:05:21.540Z,31.629,-104.364,6.0999,3.5,ml,45,69,0.1,0.2,tx,tx2026dgzmvn,2026-03-11T15:51:55.040Z,"60 km S of Whites City, New Mexico",earthquake,1.3756002966427,0.72036374196382,0.1,27,reviewed,tx,tx
2026-02-16T06:00:39.401Z,-0.4154,99.328,55.465,5,mb,101,60,2.447,0.75,us,us6000s9gm,2026-04-06T14:25:12.040Z,"90 km WNW of Pariaman, Indonesia",earthquake,8.96,6.614,0.057,98,reviewed,us,us
2026-02-16T04:59:56.179Z,40.2133,142.365,46.173,4.6,mb,98,135,1.146,0.42,us,us6000s9gh,2026-03-12T22:53:41.040Z,"48 km ENE of Noda, Japan",earthquake,6.46,5.152,0.061,80,reviewed,us,us
2026-02-16T04:13:35.420Z,35.6175,-98.03916667,6.31,3.6,mwr,97,49,0,0.11,ok,ok2026dgjn,2026-03-12T00:46:34.506Z,"7 km ENE of Calumet, Oklahoma",earthquake,,0.2,,36,reviewed,ok,us
2026-02-16T04:13:19.339Z,-24.0751,-177.2474,171.053,4.6,mb,28,119,7.678,0.61,us,us7000s1g6,2026-03-12T05:13:15.040Z,"south of the Fiji Islands",earthquake,14.98,7.084,0.114,23,reviewed,us,us
2026-02-16T03:58:10.741Z,-35.0307,-111.3243,10,5,mww,98,58,31.161,0.37,us,us6000s9g6,2026-03-12T21:27:51.040Z,"southern East Pacific Rise",earthquake,14.67,1.813,0.103,9,reviewed,us,us
2026-02-16T03:02:37.261Z,-25.4602,-177.9484,223.358,5.2,mww,210,35,8.53,0.67,us,us6000s9g0,2026-03-12T05:06:05.040Z,"south of the Fiji Islands",earthquake,10.39,3.344,0.089,12,reviewed,us,us
2026-02-16T01:36:09.918Z,17.1174,120.2199,45.077,4.8,mb,113,102,5.728,0.49,us,us6000s9fv,2026-03-12T03:36:06.699Z,"22 km WSW of Calongbuyan, Philippines",earthquake,6.86,6.106,0.056,98,reviewed,us,us
2026-02-16T01:24:58.968Z,11.5709,142.6908,10,4.2,mb,17,166,20.363,0.58,us,us7000s1g7,2026-03-12T03:24:50.040Z,"285 km SW of Merizo Village, Guam",earthquake,20.04,1.948,0.159,11,reviewed,us,us
2026-02-16T01:22:11.849Z,4.2621,128.5118,10,4.4,mb,24,111,16.368,0.35,us,us7000s1g5,2026-03-12T02:59:56.040Z,"285 km NNE of Tobelo, Indonesia",earthquake,14.44,1.918,0.13,17,reviewed,us,us
2026-02-16T00:53:16.101Z,-9.0507,-75.3682,10,4.7,mb,81,114,3.258,0.6,us,us6000s9ft,2026-03-11T04:46:17.040Z,"29 km SW of San Alejandro, Peru",earthquake,11.46,1.897,0.062,79,reviewed,us,us
2026-02-16T00:15:00.374Z,51.2083,-169.2277,10,4.1,mb,36,190,1.61,0.42,us,us6000s9fp,2026-04-05T21:09:15.040Z,"194 km S of Nikolski, Alaska",earthquake,7.23,1.928,0.087,36,reviewed,us,us
2026-02-15T23:55:22.928Z,37.0208,-2.3134,9.295,4.3,mb,34,95,2.986,0.89,us,us6000s9fm,2026-03-11T03:58:31.021Z,"4 km WSW of Turrillas, Spain",earthquake,8.17,5.34,0.142,14,reviewed,us,us
2026-02-15T23:10:38.196Z,-4.7363,143.1823,90.243,4.5,mb,52,82,3.315,0.48,us,us6000s9fi,2026-03-01T22:43:17.040Z,"70 km SE of Ambunti, Papua New Guinea",earthquake,8.3,7.502,0.088,38,reviewed,us,us
2026-02-15T23:05:34.905Z,51.1677,-169.1985,10,4.2,mb,35,191,1.653,0.54,us,us6000s9gl,2026-03-11T04:33:35.040Z,"198 km S of Nikolski, Alaska",earthquake,3.31,1.948,0.103,26,reviewed,us,us
2026-02-15T22:52:13.613Z,51.146,-169.1287,10,4.1,mb,61,187,1.684,0.63,us,us6000s9gi,2026-03-11T04:30:11.040Z,"200 km S of Nikolski, Alaska",earthquake,7.41,1.928,0.065,65,reviewed,us,us
2026-02-15T22:36:33.052Z,-20.4389,-177.765,610.661,4.1,mb,23,130,4.787,0.48,us,us7000s0us,2026-04-05T20:40:23.040Z,"268 km WNW of Houma, Tonga",earthquake,15.84,13.457,0.12,19,reviewed,us,us
2026-02-15T22:18:27.440Z,19.1441,-64.3763,45,3.91,md,24,296,0.7683,0.49,pr,pr2026046001,2026-03-11T03:45:48.040Z,"100 km NNE of Cruz Bay, U.S. Virgin Islands",earthquake,4.41,12.07,0.14,16,reviewed,pr,pr
2026-02-15T21:34:11.287Z,-18.8255,169.1293,229.078,4.4,mb,36,82,3.831,0.58,us,us7000s0ur,2026-03-01T21:51:18.040Z,"80 km NNW of Isangel, Vanuatu",earthquake,8.37,8.304,0.104,27,reviewed,us,us
2026-02-15T20:54:37.198Z,-15.1092,-173.1889,10,5.3,mb,59,62,2.681,1.03,us,us6000s9f6,2026-02-28T19:48:23.040Z,"113 km NE of Hihifo, Tonga",earthquake,10.48,1.865,0.029,394,reviewed,us,us
2026-02-15T20:13:41.324Z,47.1454,153.2716,68.894,4.1,mb,50,137,6.612,0.86,us,us7000s0um,2026-02-28T18:57:21.040Z,"Kuril Islands",earthquake,11.9,8.285,0.087,36,reviewed,us,us
2026-02-15T19:39:18.106Z,9.0119,39.7337,10,4.6,mb,39,69,1.048,0.7,us,us6000s9gv,2026-02-28T19:50:45.040Z,"23 km WNW of Metahāra, Ethiopia",earthquake,8.24,1.913,0.107,26,reviewed,us,us
2026-02-15T18:28:44.242Z,51.2387,-169.1756,10,4.3,mb,71,186,1.587,0.77,us,us6000s9ey,2026-02-28T19:44:49.040Z,"190 km S of Nikolski, Alaska",earthquake,6.72,1.898,0.052,105,reviewed,us,us
2026-02-15T17:57:58.349Z,4.3104,128.0246,35,4.1,mb,28,121,3.665,0.67,us,us7000s0uh,2026-02-28T18:16:21.040Z,"285 km N of Tobelo, Indonesia",earthquake,11.96,1.933,0.126,17,reviewed,us,us
2026-02-15T17:30:16.623Z,53.9511,-165.1539,65.096,3.6,mb,34,190,0.358,0.57,us,us6000s9ep,2026-02-28T19:39:48.040Z,"45 km ESE of Akutan, Alaska",earthquake,6.47,10.469,0.25,4,reviewed,us,us
2026-02-15T16:12:36.468Z,48.3722,154.2995,79.708,4.2,mb,42,135,5.209,0.57,us,us7000s0up,2026-03-09T15:08:55.040Z,"288 km SSW of Severo-Kuril’sk, Russia",earthquake,11.58,8.266,0.087,37,reviewed,us,us
2026-02-15T15:58:45.737Z,48.1948,154.5212,36,5.9,mww,110,76,5.318,0.7,us,us6000s9ei,2026-03-09T14:57:52.316Z,"299 km SSW of Severo-Kuril’sk, Russia",earthquake,9.14,1.893,0.049,40,reviewed,us,us
2026-02-15T15:58:18.703Z,4.1779,127.8691,10,4.6,mb,16,135,3.667,1.08,us,us6000s9gy,2026-03-09T14:28:50.040Z,"271 km N of Tobelo, Indonesia",earthquake,7.94,1.966,0.146,14,reviewed,us,us
2026-02-15T13:45:40.722Z,-13.5248,-14.5089,10,4.4,mb,14,141,5.559,0.61,us,us7000s0uc,2026-03-09T14:12:19.040Z,"southern Mid-Atlantic Ridge",earthquake,15.38,1.95,0.19,10,reviewed,us,us
2026-02-15T13:44:06.546Z,-11.4819,117.9339,10,4.9,mb,63,63,2.642,0.55,us,us6000s9e5,2026-03-09T14:08:49.040Z,"268 km SSW of Tambolaka, Indonesia",earthquake,7.83,1.822,0.077,53,reviewed,us,us
2026-02-15T13:14:44.750Z,19.5395,-66.2755,37,3.5,md,12,283,1.2454,0.08,pr,pr2026046000,2026-02-15T14:51:25.893Z,"118 km N of Brenas, Puerto Rico",earthquake,0.99,7.28,0.05,8,reviewed,pr,pr
2026-02-15T12:59:16.423Z,2.5802,128.72,232.98,4.4,mb,50,47,5.448,0.69,us,us7000s0ua,2026-03-10T11:57:19.040Z,"122 km NE of Tobelo, Indonesia",earthquake,10.21,8.194,0.085,40,reviewed,us,us
2026-02-15T12:46:03.080Z,-2.7403,140.6339,10,4.4,mb,27,109,0.235,0.72,us,us6000s9e0,2026-03-10T14:46:49.040Z,"15 km S of Abepura, Indonesia",earthquake,5.84,1.878,0.114,22,reviewed,us,us
2026-02-15T12:30:24.924Z,54.6059,158.9494,175.046,4.2,mb,30,119,1.596,0.59,us,us7000s0u9,2026-03-10T11:48:50.040Z,"23 km ESE of Mil’kovo, Russia",earthquake,11.35,5.598,0.118,20,reviewed,us,us
2026-02-15T12:24:33.356Z,51.5013,159.5427,36.505,4.7,mb,72,132,1.62,0.87,us,us6000s9dx,2026-03-10T14:41:43.040Z,"177 km SSE of Vilyuchinsk, Russia",earthquake,9.76,6.887,0.063,78,reviewed,us,us
2026-02-15T10:18:06.643Z,-21.1876,-68.8801,115.615,4.6,mb,37,70,0.585,0.61,us,us6000s9dj,2026-03-10T14:21:40.040Z,"65 km W of Ollagüe, Chile",earthquake,6.94,5.577,0.103,28,reviewed,us,us
2026-02-15T09:37:54.858Z,51.5218,159.8995,10,4.2,mb,28,184,1.689,1.19,us,us6000s9df,2026-03-10T14:15:54.040Z,"187 km SSE of Vilyuchinsk, Russia",earthquake,10.34,1.961,0.108,24,reviewed,us,us
2026-02-15T09:37:03.656Z,0.1322,-80.7518,10,4.2,mb,25,96,2.252,1.22,us,us6000s9de,2026-04-06T12:28:11.040Z,"78 km W of Pedernales, Ecuador",earthquake,5.22,1.916,0.128,17,reviewed,us,us
2026-02-15T09:14:50.229Z,-18.1373,-69.7341,115.272,4.3,mb,28,94,0.292,0.85,us,us6000s9dc,2026-03-10T13:58:01.040Z,"46 km SSE of Palca, Peru",earthquake,6.9,5.822,0.107,25,reviewed,us,us
2026-02-15T08:53:39.777Z,-5.9628,146.6396,49.549,4.5,mb,42,98,3.458,0.81,us,us7000s0u1,2026-03-04T10:57:31.040Z,"92 km NNW of Lae, Papua New Guinea",earthquake,8.09,7.782,0.097,31,reviewed,us,us
2026-02-15T08:28:07.666Z,37.3605,141.89,52.745,4.3,mb,29,150,3.06,0.89,us,us7000s0ub,2026-03-04T08:02:31.040Z,"77 km E of Tomioka, Japan",earthquake,9.63,8.987,0.133,16,reviewed,us,us
2026-02-15T08:02:15.917Z,39.1515,55.9974,10,4.3,mb,49,145,2.062,0.95,us,us7000s0tx,2026-03-04T07:53:05.040Z,"30 km NW of Serdar, Turkmenistan",earthquake,8.47,1.925,0.114,22,reviewed,us,us
2026-02-15T07:21:05.717Z,4.163,128.2992,10,4.6,mb,50,112,3.958,1.07,us,us6000s9cs,2026-04-04T06:32:48.040Z,"271 km N of Tobelo, Indonesia",earthquake,9.45,1.882,0.077,51,reviewed,us,us
2026-02-15T07:19:39.864Z,41.4377,141.9685,61.975,4.4,mb,29,131,0.941,1.2,us,us6000s9ct,2026-03-11T05:24:06.040Z,"65 km ENE of Mutsu, Japan",earthquake,7.01,8.644,0.123,19,reviewed,us,us
2026-02-15T06:26:14.553Z,-17.5419,-176.1853,10,4.7,mb,23,133,4.382,0.99,us,us7000s0u8,2026-03-04T07:27:21.040Z,"263 km WNW of Neiafu, Tonga",earthquake,5.74,1.926,0.13,18,reviewed,us,us
2026-02-15T06:14:42.695Z,-4.3166,102.3737,64.946,5.1,mb,95,64,0.582,0.77,us,us6000s9ci,2026-03-04T07:12:27.040Z,"58 km SSE of Bengkulu, Indonesia",earthquake,6.85,6.171,0.061,87,reviewed,us,us
2026-02-15T06:03:14.414Z,-16.1692,-71.4902,122.515,4.9,mww,79,124,2.449,0.57,us,us6000s9ch,2026-03-01T13:01:24.040Z,"19 km NNE of Cono Norte, Peru",earthquake,7.93,6.429,0.075,17,reviewed,us,us
2026-02-15T05:43:07.150Z,4.3519,128.4509,9.876,4.3,mb,30,115,3.931,0.71,us,us7000s0tt,2026-03-01T08:02:06.040Z,"294 km N of Tobelo, Indonesia",earthquake,14.24,5.136,0.113,22,reviewed,us,us
2026-02-15T05:32:29.052Z,-21.6596,-68.6919,123.044,4.3,mb,34,60,0.529,1.16,us,us6000s9bv,2026-03-01T07:53:54.040Z,"66 km SW of Ollagüe, Chile",earthquake,6.25,4.836,0.107,25,reviewed,us,us
2026-02-15T03:26:38.176Z,-8.2235,119.5217,183.17,4.2,mb,19,71,1.828,0.91,us,us7000s0tq,2026-03-01T02:10:03.040Z,"40 km N of Komodo, Indonesia",earthquake,7.91,8.377,0.199,8,reviewed,us,us
2026-02-15T02:52:28.477Z,36.2722,139.5247,68.454,4.1,mb,25,147,1.095,1,us,us6000s9cj,2026-03-01T01:46:07.735Z,"2 km NNW of Tatebayashi, Japan",earthquake,7.46,7.537,0.15,13,reviewed,us,us
2026-02-15T02:47:20.959Z,22.1059,94.5751,114.974,4.2,mb,21,141,0.95,0.7,us,us7000s0tm,2026-03-01T01:43:53.040Z,"57 km W of Monywa, Burma (Myanmar)",earthquake,13.38,9.003,0.166,11,reviewed,us,us
2026-02-15T02:20:21.309Z,13.7736,145.0928,134.405,4.3,mb,14,101,1.602,0.58,us,us7000s0tl,2026-03-31T21:43:24.040Z,"34 km NE of Yigo Village, Guam",earthquake,13.59,8.64,0.177,9,reviewed,us,us
2026-02-15T02:01:33.955Z,50.4133,159.663,10,4.2,mb,29,231,2.689,0.81,us,us7000s0tk,2026-03-01T01:21:46.040Z,"252 km E of Severo-Kuril’sk, Russia",earthquake,6.28,1.951,0.104,26,reviewed,us,us
2026-02-15T01:00:16.281Z,-22.3576,-179.4392,607.985,4.1,mb,23,122,5.159,0.9,us,us7000s0th,2026-03-31T21:36:54.040Z,"south of the Fiji Islands",earthquake,15.62,12.497,0.152,17,reviewed,us,us
2026-02-15T00:21:57.180Z,30.9776,141.4895,44.767,4.5,mb,37,152,5.744,0.93,us,us7000s0tg,2026-03-01T02:40:29.040Z,"Izu Islands, Japan region",earthquake,13.52,8.472,0.102,28,reviewed,us,us
2026-02-15T00:04:10.220Z,-17.8312,-178.5681,568.097,4.2,mb,34,80,2.387,0.57,us,us7000s0tf,2026-03-01T02:33:14.040Z,"225 km E of Levuka, Fiji",earthquake,14.81,11.082,0.106,25,reviewed,us,us
2026-02-14T22:58:10.837Z,36.4987,70.2311,205.589,4.3,mb,44,157,2.172,0.91,us,us6000s99m,2026-03-09T00:28:59.040Z,"34 km ESE of Farkhār, Afghanistan",earthquake,7.45,8.684,0.109,24,reviewed,us,us
2026-02-14T22:48:46.523Z,38.1606,11.8888,10,4.5,mb,25,123,3.166,1.1,us,us7000s0t7,2026-03-06T06:16:47.040Z,"46 km WNW of Favignana, Italy",earthquake,6.01,1.902,0.151,14,reviewed,us,us
2026-02-14T21:33:55.502Z,39.231,22.2102,10,4.4,mb,42,94,0.231,0.91,us,us6000s99g,2026-03-08T23:36:33.040Z,"5 km W of Néon Monastírion, Greece",earthquake,4.44,1.91,0.204,7,reviewed,us,us
2026-02-14T21:20:48.329Z,41.1636,34.9514,10,3.8,mwr,27,43,1.432,0.88,us,us6000s9cn,2026-03-31T17:33:09.040Z,"24 km NNE of Osmancık, Turkey",earthquake,5.27,1.924,0.083,14,reviewed,us,us
2026-02-14T21:08:01.266Z,49.4299,155.004,109.033,4.5,mb,55,135,4.053,0.58,us,us6000s99d,2026-03-08T23:16:04.040Z,"160 km SSW of Severo-Kuril’sk, Russia",earthquake,11.17,7.452,0.055,96,reviewed,us,us
2026-02-14T20:53:46.521Z,-0.1974,125.3093,50.634,4.3,mb,27,84,6.287,0.72,us,us6000s99a,2026-03-09T00:35:48.040Z,"120 km SE of Modisi, Indonesia",earthquake,9.62,8.88,0.114,22,reviewed,us,us
2026-02-14T19:29:16.896Z,4.4032,128.2543,10,4.6,mb,53,79,3.755,0.78,us,us6000s98w,2026-04-02T22:57:41.040Z,"297 km N of Tobelo, Indonesia",earthquake,9.31,1.897,0.082,45,reviewed,us,us
2026-02-14T19:07:18.729Z,51.4383,159.554,30.677,4.2,mb,20,128,1.682,1.17,us,us7000s0t9,2026-03-03T06:05:11.040Z,"183 km SSE of Vilyuchinsk, Russia",earthquake,9.8,6.586,0.159,13,reviewed,us,us
2026-02-14T18:53:30.078Z,-6.8416,128.9423,193.79,4.5,mb,27,84,2.495,0.67,us,us6000s98q,2026-03-12T18:40:29.040Z,"283 km NE of Lospalos, Timor Leste",earthquake,9.07,7.617,0.121,21,reviewed,us,us
2026-02-14T18:25:49.853Z,-37.1797,-94.1974,10,5,mww,80,70,13.022,0.54,us,us6000s98p,2026-03-12T18:24:59.040Z,"West Chile Rise",earthquake,11.27,1.888,0.093,11,reviewed,us,us
2026-02-14T17:23:01.930Z,5.6708,127.1406,66.978,5.2,mww,211,24,2.083,0.62,us,us6000s98c,2026-03-12T16:26:40.863Z,"131 km SE of Pondaguitan, Philippines",earthquake,9.01,4.818,0.103,9,reviewed,us,us
2026-02-14T15:41:39.463Z,52.2067,159.9743,61.534,4.1,mb,70,132,1.149,0.68,us,us7000s0t5,2026-03-12T16:08:39.040Z,"131 km SE of Petropavlovsk-Kamchatsky, Russia",earthquake,9.81,7.456,0.068,60,reviewed,us,us
2026-02-14T15:03:15.476Z,-19.7513,-178.1041,601.212,4.2,mb,124,93,4.046,0.83,us,us6000s97z,2026-03-12T14:50:26.040Z,"Fiji region",earthquake,12.49,7.193,0.053,102,reviewed,us,us
2026-02-14T14:41:30.927Z,-19.613,-178.0244,596.805,4.6,mb,44,116,3.983,0.56,us,us6000s97w,2026-03-09T13:53:56.040Z,"Fiji region",earthquake,13.73,9.537,0.083,43,reviewed,us,us
2026-02-14T14:34:35.030Z,52.268,160.0221,52.547,4.2,mb,24,162,1.128,0.76,us,us7000s0t1,2026-04-03T13:43:25.040Z,"129 km SE of Petropavlovsk-Kamchatsky, Russia",earthquake,12.29,8.065,0.146,14,reviewed,us,us
2026-02-14T14:29:16.056Z,-20.9723,-178.2456,488.656,4.3,mb,29,207,4.745,0.67,us,us7000s0sx,2026-03-09T13:45:29.040Z,"Fiji region",earthquake,19.3,13.139,0.106,25,reviewed,us,us
2026-02-14T14:21:48.349Z,-2.9182,128.0995,10,4.9,mb,41,77,2.405,0.7,us,us6000s97v,2026-04-03T13:42:47.040Z,"86 km N of Ambon, Indonesia",earthquake,8.51,1.807,0.069,65,reviewed,us,us
2026-02-14T14:09:01.797Z,52.1866,160.0901,53.35,4.5,mb,63,152,1.214,0.56,us,us6000s97t,2026-03-09T13:36:31.040Z,"139 km SE of Petropavlovsk-Kamchatsky, Russia",earthquake,10.46,7.953,0.06,82,reviewed,us,us
2026-02-14T12:23:07.187Z,-3.0904,139.8249,10,4.9,mb,37,58,1.047,0.83,us,us6000s97d,2026-03-01T07:04:09.040Z,"105 km WSW of Abepura, Indonesia",earthquake,8.23,1.874,0.069,65,reviewed,us,us
2026-02-14T11:21:41.317Z,6.7101,-72.9411,169.355,4.3,mb,54,170,2.306,0.73,us,us6000s97b,2026-03-01T06:54:25.040Z,"6 km SE of Cepitá, Colombia",earthquake,13.62,13.722,0.059,82,reviewed,us,us
2026-02-14T10:17:42.394Z,-10.7159,166.0006,143.364,4.2,mb,34,118,4.846,0.55,us,us7000s0ss,2026-03-01T06:52:08.040Z,"22 km E of Lata, Solomon Islands",earthquake,15.01,8.238,0.101,27,reviewed,us,us
2026-02-14T09:48:15.750Z,-5.0941,134.2463,10,4.7,mb,35,74,2.939,0.63,us,us6000s975,2026-03-01T06:34:23.040Z,"175 km ENE of Tual, Indonesia",earthquake,7.65,1.169,0.088,39,reviewed,us,us
2026-02-14T09:28:34.858Z,54.3722,-164.0282,79.62,4.5,mb,64,142,0.32,0.61,us,us6000s970,2026-03-17T09:28:37.047Z,"66 km SW of False Pass, Alaska",earthquake,5.44,5.137,0.072,56,reviewed,us,us
2026-02-14T08:58:48.370Z,61.681,-149.611,35.3,3.7,ml,182,25,0.2,0.9,ak,ak2026ddlvah,2026-04-02T06:44:46.881Z,"6 km N of Meadow Lakes, Alaska",earthquake,1.7,1.9535,0.1,118,reviewed,ak,ak
2026-02-14T08:28:49.467Z,-48.3386,-75.9911,10,4.7,mb,32,162,3.615,0.68,us,us6000s96v,2026-03-05T13:04:26.040Z,"283 km WSW of Cochrane, Chile",earthquake,10.68,1.922,0.081,47,reviewed,us,us
2026-02-14T08:27:48.418Z,-19.0361,-179.0278,667.197,4.3,mb,33,88,2.967,0.74,us,us7000s0st,2026-03-06T13:43:36.040Z,"205 km ESE of Levuka, Fiji",earthquake,15.63,11.222,0.102,27,reviewed,us,us
2026-02-14T08:14:55.564Z,36.8818,135.4698,358.734,4.1,mb,50,50,1.983,0.57,us,us6000s96t,2026-03-06T13:32:33.040Z,"95 km NW of Mikuni, Japan",earthquake,9.72,8.349,0.102,26,reviewed,us,us
2026-02-14T07:32:49.788Z,-17.2468,-175.1042,260.366,4.5,mb,31,69,5.247,0.58,us,us6000s96m,2026-03-06T13:21:35.040Z,"195 km NW of Neiafu, Tonga",earthquake,12.27,9.161,0.108,25,reviewed,us,us
2026-02-14T07:22:28.755Z,51.8332,178.3186,112.8,3.5,mb,32,263,0.166,0.36,us,us7000s3hu,2026-04-02T06:35:55.040Z,"Rat Islands, Aleutian Islands, Alaska",earthquake,7.22,4.625,0.165,9,reviewed,us,us
2026-02-14T07:10:02.908Z,52.0072,178.388,116.711,4.9,mww,112,59,0.087,0.72,us,us6000s96i,2026-04-04T07:20:05.317Z,"Rat Islands, Aleutian Islands, Alaska",earthquake,12.37,4.356,0.062,25,reviewed,us,us
2026-02-14T06:44:37.306Z,-19.9346,-174.9531,78.415,4.6,mb,24,99,4.817,1.28,us,us6000s96c,2026-03-06T13:00:27.040Z,"64 km WSW of Pangai, Tonga",earthquake,15,8.452,0.086,40,reviewed,us,us
2026-02-14T06:18:41.495Z,-20.6825,-177.944,542.166,4.3,mb,31,100,4.78,1.11,us,us6000s969,2026-03-06T12:55:51.040Z,"280 km WNW of Houma, Tonga",earthquake,14.77,6.657,0.049,116,reviewed,us,us
2026-02-14T06:11:11.486Z,3.2043,126.8455,33.069,4.2,mb,27,130,14.632,0.66,us,us7000s0sl,2026-03-12T05:37:09.040Z,"208 km NW of Tobelo, Indonesia",earthquake,15.63,6.48,0.112,22,reviewed,us,us
2026-02-14T05:54:33.649Z,-23.8125,-66.7736,213.007,4.4,mb,38,88,1.549,0.92,us,us6000s967,2026-03-12T05:34:13.040Z,"64 km NW of San Antonio de los Cobres, Argentina",earthquake,10.42,7.642,0.096,31,reviewed,us,us
2026-02-14T05:24:17.509Z,52.8136,159.1208,79.208,4.6,mb,65,130,0.354,0.68,us,us6000s963,2026-03-06T12:39:30.040Z,"43 km SE of Petropavlovsk-Kamchatsky, Russia",earthquake,9.63,6.603,0.035,252,reviewed,us,us
2026-02-14T04:23:40.889Z,17.6656,-82.6051,10,4.3,mb,37,65,4.859,1.09,us,us6000s95w,2026-02-28T23:55:01.620Z,"221 km SW of George Town, Cayman Islands",earthquake,4.45,1.949,0.095,31,reviewed,us,us
2026-02-14T04:04:00.403Z,60.5443,-140.1188,5,3.8,ml,32,60,0.455,1.09,us,us6000s95v,2026-03-17T04:04:02.093Z,"113 km NNW of Yakutat, Alaska",earthquake,2.76,0.884,0.034,112,reviewed,us,us
2026-02-14T04:01:29.015Z,-20.3841,-67.8469,171.835,4.4,mb,45,64,1.25,1.06,us,us6000s95u,2026-02-28T23:48:20.040Z,"95 km W of Colchani, Bolivia",earthquake,6.03,7.872,0.093,34,reviewed,us,us
2026-02-14T03:12:29.562Z,-9.5475,159.423,14.069,5.1,mb,53,25,0.528,0.78,us,us6000s95m,2026-02-28T23:41:55.754Z,"36 km WNW of Malango, Solomon Islands",earthquake,6.03,2.821,0.045,157,reviewed,us,us
2026-02-14T03:09:46.682Z,-2.959,127.8342,35,4.8,mb,40,102,2.584,1.28,us,us6000s95i,2026-02-28T23:37:25.040Z,"90 km NNW of Ambon, Indonesia",earthquake,11.06,1.924,0.095,36,reviewed,us,us
2026-02-14T02:58:14.325Z,-14.829,166.6858,42.777,4.2,mb,19,122,0.792,0.59,us,us7000s0sj,2026-02-28T23:34:42.583Z,"47 km WNW of Port-Olry, Vanuatu",earthquake,10.36,9.877,0.187,14,reviewed,us,us
2026-02-14T02:27:42.554Z,-14.9918,166.6216,43,6.4,mww,119,22,0.721,0.81,us,us6000s94q,2026-02-28T23:36:33.772Z,"48 km W of Port-Olry, Vanuatu",earthquake,7.39,1.883,0.05,39,reviewed,us,us
2026-02-14T01:32:48.660Z,40.724333333333,-112.02666666667,9.29,3.52,ml,64,36,0.007474,0.18,uu,uu80129556,2026-04-03T20:01:08.209Z,"4 km NNW of West Valley City, Utah",earthquake,0.21,0.33,0.17791491706762,35,reviewed,uu,uu
2026-02-14T01:10:10.790Z,18.2208,-67.9075,116,3.6,md,16,187,0.5572,0.5,pr,pr2026045000,2026-03-31T21:09:20.040Z,"65 km SE of Punta Cana, Dominican Republic",earthquake,4.19,2.22,0.07,12,reviewed,pr,pr
2026-02-14T01:04:44.695Z,51.51,-173.1739,35,3.8,mb,33,219,0.939,1.2,us,us6000s94i,2026-03-17T01:04:48.668Z,"104 km SE of Atka, Alaska",earthquake,3.6,1.986,0.17,10,reviewed,us,us
2026-02-14T01:02:18.967Z,4.3029,126.6709,73.987,4.8,mb,72,92,2.955,1.01,us,us6000s94b,2026-03-31T21:05:35.040Z,"180 km SE of Sarangani, Philippines",earthquake,9.93,7.166,0.063,81,reviewed,us,us
2026-02-14T00:35:17.825Z,4.1508,128.2392,10,4.5,mb,36,134,3.926,0.7,us,us6000s947,2026-03-08T23:30:32.040Z,"269 km N of Tobelo, Indonesia",earthquake,13.72,1.198,0.106,29,reviewed,us,us
2026-02-14T00:17:29.183Z,-6.1515,127.5847,387.567,4.1,mb,21,62,4.859,1.11,us,us6000s943,2026-03-09T00:38:46.040Z,"269 km NNE of Lospalos, Timor Leste",earthquake,11.26,13.111,0.157,12,reviewed,us,us
2026-02-13T21:49:39.381Z,3.8898,126.398,63.714,4.4,mb,30,132,3.262,0.73,us,us6000s93e,2026-03-08T23:41:03.040Z,"196 km SSE of Sarangani, Philippines",earthquake,7.64,10.1,0.102,28,reviewed,us,us
2026-02-13T21:17:01.483Z,4.1816,128.395,10,4.4,mb,31,119,4.01,0.85,us,us7000s0rv,2026-03-06T04:51:08.040Z,"274 km N of Tobelo, Indonesia",earthquake,13.52,1.919,0.115,23,reviewed,us,us
2026-02-13T20:49:10.989Z,36.5887,-5.3388,10,4,mb,35,100,3.052,0.58,us,us6000s930,2026-03-11T20:58:21.040Z,"3 km S of Cortes de la Frontera, Spain",earthquake,7.58,1.908,0.114,23,reviewed,us,us
2026-02-13T20:27:47.213Z,4.1197,128.213,10.011,4.8,mb,98,49,3.932,0.6,us,us6000s92l,2026-04-01T14:00:18.040Z,"265 km N of Tobelo, Indonesia",earthquake,6.1,12.103,0.053,109,reviewed,us,us
2026-02-13T19:50:18.109Z,27.3699,52.568,10,4.6,mb,59,83,4.063,0.49,us,us6000s92c,2026-03-11T19:07:01.040Z,"37 km WSW of Mohr, Iran",earthquake,6.52,1.858,0.072,61,reviewed,us,us
2026-02-13T19:44:33.843Z,27.3996,52.5967,10,4.5,mb,102,82,4.06,0.67,us,us6000s927,2026-03-11T18:46:14.040Z,"33 km WSW of Mohr, Iran",earthquake,9.04,1.861,0.059,87,reviewed,us,us
2026-02-13T19:33:39.184Z,27.6868,55.8498,10,4.4,mb,55,82,2.749,0.55,us,us6000s922,2026-03-11T18:30:04.040Z,"69 km S of Ḩājjīābād, Iran",earthquake,4.74,1.887,0.083,42,reviewed,us,us
2026-02-13T19:08:17.145Z,-4.6337,144.9252,187.048,4.8,mb,111,40,3.544,0.65,us,us6000s91u,2026-03-11T18:18:15.040Z,"114 km ESE of Angoram, Papua New Guinea",earthquake,7.69,7.272,0.048,135,reviewed,us,us
2026-02-13T18:56:48.169Z,4.2188,128.0784,27.69,4.6,mb,88,55,3.769,0.59,us,us6000s91r,2026-03-11T17:27:59.040Z,"275 km N of Tobelo, Indonesia",earthquake,8.65,4.52,0.065,77,reviewed,us,us
2026-02-13T17:49:32.080Z,19.2048,-64.3433,30,3.67,md,21,304,0.8364,0.55,pr,pr2026044001,2026-03-11T17:10:32.040Z,"107 km NNE of Cruz Bay, U.S. Virgin Islands",earthquake,5.04,29.91,0.15,20,reviewed,pr,pr
2026-02-13T17:39:08.174Z,4.2371,128.2355,8.65,4.9,mb,111,74,3.861,0.92,us,us6000s91e,2026-03-11T17:05:44.040Z,"278 km N of Tobelo, Indonesia",earthquake,9.2,4.157,0.052,115,reviewed,us,us
2026-02-13T17:34:14.801Z,-18.1185,-178.309,526.103,4.3,mb,54,81,2.753,0.7,us,us6000s91c,2026-03-11T16:38:41.040Z,"251 km E of Levuka, Fiji",earthquake,12.74,8.87,0.08,45,reviewed,us,us
2026-02-13T17:25:52.113Z,-10.7734,166.0352,155.841,4.1,mb,24,140,4.783,0.79,us,us7000s0rp,2026-03-11T16:25:49.040Z,"26 km ESE of Lata, Solomon Islands",earthquake,11.92,9.476,0.13,18,reviewed,us,us
2026-02-13T17:14:31.673Z,-5.0457,68.4234,10,4.4,mb,31,162,4.644,0.59,us,us7000s0rq,2026-03-11T16:11:11.040Z,"Chagos Archipelago region",earthquake,13.67,1.935,0.123,23,reviewed,us,us
2026-02-13T17:02:02.001Z,4.3592,128.3092,10.185,4.4,mb,17,132,3.825,0.86,us,us7000s0rn,2026-03-11T14:51:32.040Z,"292 km N of Tobelo, Indonesia",earthquake,14.7,5.898,0.149,13,reviewed,us,us
2026-02-13T16:03:06.991Z,28.1805,57.3511,62.404,4.6,mb,69,84,3.382,0.57,us,us6000s8u3,2026-04-03T13:41:33.040Z,"119 km NNE of Mīnāb, Iran",earthquake,8.73,6.911,0.059,87,reviewed,us,us
2026-02-13T15:55:09.282Z,4.1143,128.1758,10,5,mww,61,108,3.911,0.83,us,us6000s8sn,2026-04-03T13:39:04.040Z,"264 km N of Tobelo, Indonesia",earthquake,10.98,1.902,0.103,9,reviewed,us,us
2026-02-13T15:23:20.210Z,4.0929,128.2589,10,4.5,mb,30,116,3.982,0.85,us,us6000s8s0,2026-03-09T13:06:14.040Z,"262 km N of Tobelo, Indonesia",earthquake,5.37,1.902,0.093,34,reviewed,us,us
2026-02-13T15:09:24.504Z,4.2147,128.1845,10,5.1,mb,54,71,3.842,0.73,us,us6000s8rv,2026-03-08T21:22:57.040Z,"275 km N of Tobelo, Indonesia",earthquake,9.81,1.814,0.057,99,reviewed,us,us
2026-02-13T14:56:58.771Z,4.1565,128.2524,11,5.6,mww,109,36,3.931,0.83,us,us6000s8rt,2026-04-06T12:31:10.833Z,"269 km N of Tobelo, Indonesia",earthquake,8.76,1.843,0.069,20,reviewed,us,us
2026-02-13T14:37:31.310Z,-17.9081,-178.5189,589.299,4.4,mb,55,80,2.469,0.71,us,us6000s8rq,2026-03-10T13:43:53.040Z,"229 km E of Levuka, Fiji",earthquake,9.71,7.114,0.05,116,reviewed,us,us
2026-02-13T13:57:08.161Z,44.7938,141.3947,263.074,4.2,mb,62,67,1.092,0.9,us,us6000s8rd,2026-03-10T13:35:03.040Z,"29 km WSW of Teshio, Japan",earthquake,8.88,7.053,0.084,39,reviewed,us,us
2026-02-13T13:52:00.592Z,57.89,-156.866,169.7,3.9,ml,224,51,0.1,1.1,ak,ak2026dbzuuw,2026-04-06T12:00:36.040Z,"47 km SE of Egegik, Alaska",earthquake,3.5,1.3207,0.5,138,reviewed,ak,ak
2026-02-13T13:41:05.315Z,-8.483,128.8203,10,4.3,mb,19,72,4.08,0.73,us,us7000s0rs,2026-03-10T11:00:48.040Z,"200 km E of Lospalos, Timor Leste",earthquake,8.29,1.936,0.148,13,reviewed,us,us
2026-02-13T13:12:18.561Z,4.2415,128.3576,10,4.5,mb,70,92,3.942,0.98,us,us6000s8rb,2026-03-10T15:28:29.040Z,"280 km N of Tobelo, Indonesia",earthquake,9.56,1.882,0.074,54,reviewed,us,us
2026-02-13T13:05:45.707Z,3.1664,-84.1976,10,4.5,mb,23,78,6.129,0.54,us,us6000s8r7,2026-03-10T15:20:09.040Z,"off the coast of Central America",earthquake,5.56,1.933,0.18,9,reviewed,us,us
2026-02-13T12:50:57.181Z,6.3572,126.9084,115.739,4.6,mb,60,113,1.498,0.66,us,us6000s8r5,2026-03-10T13:20:08.040Z,"80 km E of Pondaguitan, Philippines",earthquake,10.26,5.96,0.078,49,reviewed,us,us
2026-02-13T11:56:13.442Z,13.7356,120.5915,120.062,4.6,mb,62,112,9.514,0.79,us,us6000s8r0,2026-03-10T13:13:54.040Z,"11 km SSW of Calatagan, Philippines",earthquake,10.99,7.938,0.067,67,reviewed,us,us
2026-02-13T11:45:30.193Z,51.9967,160.546,10,4.4,mb,39,164,1.549,1.17,us,us6000s8qz,2026-03-10T15:14:36.040Z,"176 km SE of Petropavlovsk-Kamchatsky, Russia",earthquake,10.47,1.926,0.1,29,reviewed,us,us
2026-02-13T11:42:05.800Z,0.9242,126.3154,44.12,4.4,mb,15,153,7.054,1.21,us,us7000s0rd,2026-03-10T08:58:23.040Z,"119 km W of Ternate, Indonesia",earthquake,14.66,9.228,0.17,10,reviewed,us,us
2026-02-13T11:40:53.798Z,4.8655,-76.4465,103.958,4.9,mb,78,110,2.118,0.77,us,us6000s8qy,2026-03-10T13:04:01.198Z,"20 km ESE of Nóvita, Colombia",earthquake,8.99,7.804,0.043,165,reviewed,us,us
2026-02-13T11:19:21.688Z,80.2863,-2.4135,10,4.3,mb,38,88,2.608,0.47,us,us7000s0rb,2026-03-10T08:29:39.040Z,"north of Svalbard",earthquake,6.81,1.905,0.083,41,reviewed,us,us
2026-02-13T11:08:39.058Z,27.421,52.5942,10,4.9,mb,87,80,4.074,0.58,us,us6000s8qs,2026-04-06T11:49:07.040Z,"32 km WSW of Mohr, Iran",earthquake,9.33,1.863,0.055,105,reviewed,us,us
2026-02-13T10:49:46.727Z,3.8419,127.9318,10,4.5,mb,32,115,3.971,0.55,us,us7000s0rg,2026-04-06T14:06:39.040Z,"233 km N of Tobelo, Indonesia",earthquake,11.95,1.913,0.097,31,reviewed,us,us
2026-02-13T10:45:23.081Z,27.6002,52.7112,10,4.4,mb,16,167,4.102,0.48,us,us7000s0ra,2026-03-12T17:05:53.040Z,"17 km WNW of Mohr, Iran",earthquake,7.42,1.954,0.169,10,reviewed,us,us
2026-02-13T10:33:21.506Z,27.5085,52.6335,10,4.4,mb,58,81,4.099,0.52,us,us6000s8qm,2026-03-12T07:51:31.040Z,"25 km WSW of Mohr, Iran",earthquake,11.1,1.885,0.074,52,reviewed,us,us
2026-02-13T10:26:17.590Z,4.2401,128.5272,10,4.5,mb,52,59,4.063,0.33,us,us6000s8qi,2026-04-06T13:52:50.040Z,"283 km NNE of Tobelo, Indonesia",earthquake,8.68,1.893,0.088,38,reviewed,us,us
2026-02-13T09:32:35.565Z,44.0078,148.9187,10,4.3,mb,55,135,4.56,0.62,us,us7000s0re,2026-03-12T16:55:29.040Z,"158 km SSE of Kuril’sk, Russia",earthquake,10.91,1.898,0.086,39,reviewed,us,us
2026-02-13T08:59:22.109Z,0.8349,121.6912,86.82,4.4,mb,28,99,9.608,0.49,us,us6000s8qc,2026-02-28T08:17:58.040Z,"156 km WNW of Gorontalo, Indonesia",earthquake,13.9,8.048,0.115,22,reviewed,us,us
2026-02-13T07:56:51.762Z,44.0803,148.5476,56.969,4.5,mb,50,143,4.289,0.82,us,us6000s8q6,2026-02-28T07:36:59.040Z,"138 km SSE of Kuril’sk, Russia",earthquake,10.54,8.24,0.091,35,reviewed,us,us
2026-02-13T06:30:22.485Z,28.3598,67.2892,10,5.2,mww,97,54,6.335,0.64,us,us6000s8pw,2026-02-28T07:27:02.310Z,"72 km WNW of Chowki Jamali, Pakistan",earthquake,8.53,1.841,0.068,21,reviewed,us,us
2026-02-13T06:13:15.099Z,-15.5509,67.2912,10,4.4,mb,26,64,40.855,0.81,us,us7000s0r6,2026-02-28T07:20:14.040Z,"Mid-Indian Ridge",earthquake,13.45,1.884,0.123,19,reviewed,us,us
2026-02-13T06:03:07.179Z,15.9677,-98.2156,10,4.8,mb,52,191,1.621,1.2,us,us6000s8pv,2026-04-04T06:26:53.040Z,"30 km S of Corralero, Mexico",earthquake,9.38,1.957,0.033,276,reviewed,us,us
2026-02-13T05:53:34.760Z,18.404,-68.5918,145,3.86,md,28,176,0.2374,0.17,pr,pr2026044000,2026-02-28T07:00:07.040Z,"3 km NNE of Boca de Yuma, Dominican Republic",earthquake,1.52,0.76,0.15,21,reviewed,pr,pr
2026-02-13T04:58:57.254Z,37.7655,138.8772,177.068,4.8,mb,90,48,1.331,0.71,us,us6000s8pf,2026-02-28T23:08:38.040Z,"1 km NNW of Maki, Japan",earthquake,8.15,6.132,0.038,226,reviewed,us,us
2026-02-13T04:56:43.750Z,44.0881,148.655,35,4.6,mb,50,135,4.366,0.78,us,us6000s8pe,2026-02-28T23:04:47.040Z,"140 km SSE of Kuril’sk, Russia",earthquake,10.27,1.927,0.08,47,reviewed,us,us
2026-02-13T03:35:31.332Z,52.816,-167.612,35,4.1,mb,54,178,0.623,0.77,us,us6000s8p0,2026-03-31T20:55:56.040Z,"85 km E of Nikolski, Alaska",earthquake,3.62,1.681,0.076,49,reviewed,us,us
2026-02-13T03:19:43.743Z,51.8274,-175.9863,61.635,3.9,mb,47,139,0.164,0.79,us,us6000s8pl,2026-03-11T21:16:54.040Z,"44 km E of Adak, Alaska",earthquake,7.29,5.74,0.088,35,reviewed,us,us
2026-02-13T02:16:39.727Z,43.9739,148.9075,10,4.9,mb,65,135,4.554,0.84,us,us6000s8nb,2026-02-28T22:36:12.040Z,"161 km SSE of Kuril’sk, Russia",earthquake,9.64,1.882,0.045,159,reviewed,us,us
2026-02-13T02:02:19.189Z,-6.5919,130.2898,109.712,4.3,mb,22,97,2.091,0.91,us,us6000s8n8,2026-02-28T22:32:34.040Z,"292 km WSW of Tual, Indonesia",earthquake,10.63,9.646,0.153,13,reviewed,us,us
2026-02-13T01:36:12.897Z,47.526,-111.3116,10,3.7,ml,33,95,0.889,0.49,us,us6000s8ml,2026-03-11T21:21:47.828Z,"2 km W of Black Eagle, Montana",earthquake,3.03,1.864,0.035,110,reviewed,us,us
2026-02-13T01:20:28.758Z,13.9084,144.6133,193.674,4.1,mb,18,78,1.743,0.42,us,us7000s0r1,2026-02-28T22:28:38.040Z,"49 km NNW of Asan-Maina Village, Guam",earthquake,8.33,8.008,0.157,11,reviewed,us,us
2026-02-13T00:58:26.101Z,-30.7348,-71.4698,42.818,4.3,mwr,45,109,0.155,1.09,us,us6000s8mh,2026-03-09T00:25:25.463Z,"29 km WSW of Ovalle, Chile",earthquake,5.54,5.866,0.045,47,reviewed,us,us
2026-02-13T00:41:25.248Z,-15.3589,-173.2519,10,5.1,mb,41,66,2.825,1.3,us,us6000s8mg,2026-04-02T22:52:59.040Z,"88 km NE of Hihifo, Tonga",earthquake,10.68,1.822,0.034,273,reviewed,us,us
2026-02-12T23:28:13.968Z,51.612,-175.1941,41.352,3.8,mb,35,191,0.589,0.82,us,us6000s8lz,2026-03-08T06:04:31.040Z,"94 km SW of Atka, Alaska",earthquake,5.06,9.771,0.082,39,reviewed,us,us
2026-02-12T23:12:41.691Z,-2.9413,139.2968,10,4.2,mb,19,106,1.467,1.02,us,us7000s0jb,2026-03-03T04:50:32.040Z,"153 km WSW of Abepura, Indonesia",earthquake,5.89,1.868,0.175,12,reviewed,us,us
2026-02-12T22:46:42.072Z,40.6226,83.5533,10,4.3,mb,24,120,3.337,0.61,us,us6000s8lp,2026-03-08T05:41:57.040Z,"132 km SSE of Kuqa, China",earthquake,9.71,1.95,0.138,16,reviewed,us,us
2026-02-12T22:12:32.180Z,36.5211,67.4327,10,4.5,mb,29,182,2.436,0.96,us,us6000s8lg,2026-04-02T22:08:47.040Z,"30 km SW of Khulm, Afghanistan",earthquake,5.76,1.866,0.131,17,reviewed,us,us
2026-02-12T21:52:58.837Z,-2.4913,-77.6787,126.01,4.7,mb,41,90,1.05,1.34,us,us6000s8l7,2026-03-08T05:27:02.040Z,"52 km ESE of Macas, Ecuador",earthquake,8.44,2.54,0.087,40,reviewed,us,us
2026-02-12T21:51:19.522Z,43.9332,149.0519,10,4.8,mb,33,137,4.661,0.95,us,us7000s0jd,2026-03-03T03:54:26.040Z,"171 km SSE of Kuril’sk, Russia",earthquake,11.58,1.902,0.124,22,reviewed,us,us
2026-02-12T21:48:13.273Z,25.7669,128.5993,10,5.5,mww,89,38,1.104,1.01,us,us6000s8l6,2026-03-08T05:32:15.135Z,"95 km SE of Katsuren-haebaru, Japan",earthquake,5.4,1.815,0.059,28,reviewed,us,us
2026-02-12T21:32:12.958Z,44.0702,148.8596,35,5,mb,108,103,4.514,0.68,us,us6000s8l3,2026-04-02T22:46:02.040Z,"150 km SSE of Kuril’sk, Russia",earthquake,10.3,1.414,0.046,151,reviewed,us,us
2026-02-12T20:49:46.471Z,40.8427,142.9158,35,4.6,mb,81,134,1.185,0.73,us,us6000s8ks,2026-02-28T19:37:26.040Z,"121 km NE of Kuji, Japan",earthquake,7.47,1.914,0.066,68,reviewed,us,us
2026-02-12T19:51:56.543Z,33.5229,141.4901,10,4.6,mb,26,152,3.994,1.22,us,us6000s8kf,2026-04-03T13:42:31.040Z,"210 km SSE of Katsuura, Japan",earthquake,11,1.934,0.136,16,reviewed,us,us
2026-02-12T19:51:25.001Z,60.697,-150.286,32.7,3.6,ml,153,30,0.2,1.2,ak,ak2026dapzpz,2026-02-28T19:42:05.930Z,"31 km NE of Sterling, Alaska",earthquake,1.8,2.1965,0.3,100,reviewed,ak,ak
2026-02-12T19:35:13.730Z,12.9876,144.7972,90.483,4.3,mb,35,166,2.432,0.62,us,us7000s0j6,2026-02-28T16:44:54.040Z,"32 km S of Inarajan Village, Guam",earthquake,13.31,9.533,0.102,27,reviewed,us,us
2026-02-12T19:18:44.231Z,17.9761,145.5282,305.424,3.9,mb,53,143,2.731,0.66,us,us7000s0j5,2026-02-28T16:21:12.040Z,"Alamagan region, Northern Mariana Islands",earthquake,15.1,10.16,0.081,40,reviewed,us,us
2026-02-12T18:33:30.674Z,17.6537,-98.4667,52.272,4.4,mb,91,81,0.131,0.72,us,us6000s8jy,2026-04-03T13:41:29.040Z,"4 km ESE of Alpoyeca, Mexico",earthquake,5.53,8.441,0.041,171,reviewed,us,us
2026-02-12T17:51:13.842Z,40.819,84.0941,10,4.4,mb,51,98,3.71,1.06,us,us6000s8jv,2026-02-28T19:08:43.040Z,"139 km SE of Kuqa, China",earthquake,8.13,1.92,0.104,27,reviewed,us,us
2026-02-12T17:40:17.632Z,41.0515,84.1246,10,4.3,mb,48,109,3.71,0.85,us,us7000s0j7,2026-02-28T16:55:56.040Z,"124 km SE of Kuqa, China",earthquake,10.29,1.95,0.094,32,reviewed,us,us
2026-02-12T16:50:47.325Z,-23.0333,-66.3964,244.32,4.4,mb,29,85,1.644,1.12,us,us6000s8ie,2026-03-08T20:31:06.040Z,"76 km WNW of El Aguilar, Argentina",earthquake,5.96,10.758,0.155,12,reviewed,us,us
2026-02-12T16:45:03.586Z,44.0298,148.7826,30.461,5.4,mww,106,78,4.461,0.71,us,us6000s8i0,2026-04-03T13:42:10.721Z,"151 km SSE of Kuril’sk, Russia",earthquake,9.32,4.466,0.068,21,reviewed,us,us
2026-02-12T16:22:05.876Z,23.9441,122.4365,29.121,4.2,mb,51,40,0.739,0.69,us,us6000s8hv,2026-03-08T16:50:09.040Z,"81 km SW of Yonakuni, Japan",earthquake,4.75,5.722,0.092,33,reviewed,us,us
2026-02-12T15:12:36.955Z,20.4807,147.6064,10,4.3,mb,15,156,5.491,0.34,us,us7000s0iw,2026-03-08T16:41:13.040Z,"Mariana Islands region",earthquake,10.54,1.928,0.2,9,reviewed,us,us
2026-02-12T14:37:30.552Z,2.6159,-84.4143,10,4.2,mb,24,95,6.412,0.78,us,us6000s8hf,2026-04-02T19:03:36.040Z,"off the coast of Central America",earthquake,8.78,1.939,0.186,8,reviewed,us,us
2026-02-12T14:02:16.436Z,19.9722,121.4333,42.483,4.8,mb,99,66,2.85,0.74,us,us6000s8h9,2026-03-07T21:00:03.040Z,"77 km SW of Basco, Philippines",earthquake,6.12,7.538,0.049,131,reviewed,us,us
2026-02-12T13:52:05.210Z,-18.1055,-178.1434,553.533,4.6,mb,81,81,2.874,0.82,us,us6000s8h7,2026-03-07T20:49:56.040Z,"268 km E of Levuka, Fiji",earthquake,12.21,7.086,0.044,158,reviewed,us,us
2026-02-12T13:48:10.368Z,51.2037,-177.7095,35,3.8,ml,23,225,0.565,0.41,us,us6000s8jj,2026-03-07T20:42:49.040Z,"105 km SW of Adak, Alaska",earthquake,4.79,2.016,0.091,16,reviewed,us,us
2026-02-12T13:34:31.178Z,-30.7814,-71.4025,46,6.2,mww,102,74,0.227,1.02,us,us6000s8gw,2026-04-02T19:07:15.082Z,"27 km SW of Ovalle, Chile",earthquake,4.96,2.327,0.056,31,reviewed,us,us
2026-02-12T13:14:13.584Z,4.1852,95.6409,35,4.7,mb,58,134,1.664,0.9,us,us6000s8gv,2026-04-02T18:57:08.040Z,"54 km W of Meulaboh, Indonesia",earthquake,6.82,25.289,0.071,60,reviewed,us,us
2026-02-12T11:47:27.889Z,-12.6648,170.3041,10,4.6,mb,27,105,4.087,0.57,us,us7000s0is,2026-04-06T14:00:54.040Z,"Santa Cruz Islands region",earthquake,11.3,1.902,0.151,16,reviewed,us,us
2026-02-12T11:35:03.951Z,-10.4355,123.8868,35.012,4.4,mb,18,98,0.773,0.91,us,us7000s0it,2026-04-06T13:56:05.040Z,"42 km SE of Kupang, Indonesia",earthquake,4.4,8.077,0.22,6,reviewed,us,us
2026-02-12T11:16:05.356Z,-49.4886,154.3948,10,4.3,mb,21,117,8.204,0.97,us,us6000s8gk,2026-04-06T13:18:51.040Z,"north of Macquarie Island",earthquake,7.23,1.862,0.178,9,reviewed,us,us
2026-02-12T11:06:58.780Z,-5.8286,149.7843,121.667,4.3,mb,27,84,2.875,0.87,us,us7000s0ir,2026-03-02T07:31:26.040Z,"49 km NNE of Kandrian, Papua New Guinea",earthquake,6.61,8.114,0.129,19,reviewed,us,us
2026-02-12T10:30:15.628Z,13.9123,144.7183,142.914,5.4,mww,100,39,0.353,0.99,us,us6000s8gh,2026-04-06T13:15:09.341Z,"45 km NNW of Yigo Village, Guam",earthquake,8.79,4.712,0.08,15,reviewed,us,us
2026-02-12T09:12:12.233Z,51.6717,-175.1835,35,3.7,mb,40,203,0.558,0.67,us,us6000s8jh,2026-02-13T14:17:33.040Z,"89 km SW of Atka, Alaska",earthquake,3.97,2.011,0.13,15,reviewed,us,us
2026-02-12T08:26:33.812Z,-15.0389,-177.5005,396.256,4.1,mb,36,122,3.335,0.49,us,us7000s0ip,2026-03-05T10:19:41.040Z,"103 km SE of Alo, Wallis and Futuna",earthquake,12.21,8.603,0.083,40,reviewed,us,us
2026-02-12T07:31:25.680Z,-23.6634,-67.2611,218.485,4.3,mb,20,171,1.101,1.06,us,us6000s8g0,2026-03-05T10:21:17.040Z,"113 km WNW of San Antonio de los Cobres, Argentina",earthquake,10.85,6.937,0.161,11,reviewed,us,us
2026-02-12T04:05:13.622Z,-41.6796,-74.2152,35,4.1,mwr,19,180,1.895,0.76,us,us6000s8f9,2026-03-07T01:12:35.800Z,"39 km WNW of Ancud, Chile",earthquake,7.8,1.99,0.078,16,reviewed,us,us
2026-02-12T01:15:07.710Z,51.426,-177.7569,58.753,4,mb,46,200,0.342,0.68,us,us6000s8et,2026-03-07T00:56:03.040Z,"92 km WSW of Adak, Alaska",earthquake,8.32,13.361,0.126,17,reviewed,us,us
2026-02-11T23:56:26.248Z,27.4603,52.6924,10,4.4,mb,54,81,4.028,0.41,us,us6000s8a3,2026-03-05T00:03:11.040Z,"21 km WSW of Mohr, Iran",earthquake,5.97,1.895,0.074,52,reviewed,us,us
2026-02-11T23:48:55.310Z,65.049,-146.404,2.2,3.7,ml,155,53,0.3,1.3,ak,ak2026czcdky,2026-03-05T00:00:40.040Z,"28 km NE of Pleasant Valley, Alaska",earthquake,2,1.7248,0.3,99,reviewed,ak,ak
2026-02-11T23:07:46.574Z,-23.8138,-66.7782,207.521,4.2,mb,17,88,2.796,1,us,us6000s85r,2026-03-04T23:46:20.040Z,"64 km NW of San Antonio de los Cobres, Argentina",earthquake,11.54,13.385,0.187,8,reviewed,us,us
2026-02-11T22:40:00.216Z,-35.0476,-179.7447,46.405,4.2,mb,11,235,2.962,0.37,us,us7000s0ia,2026-03-04T23:43:05.040Z,"east of the North Island of New Zealand",earthquake,15.36,12.375,0.264,4,reviewed,us,us
2026-02-11T22:27:57.606Z,20.427,120.1268,7.091,5.3,mww,220,28,2.539,0.62,us,us6000s80p,2026-03-04T23:34:49.040Z,"186 km SSW of Hengchun, Taiwan",earthquake,8.03,3.622,0.044,49,reviewed,us,us
2026-02-11T20:10:56.345Z,37.2484,69.7226,43.495,4.3,mb,50,87,2.433,0.93,us,us6000s7ws,2026-02-26T18:14:09.040Z,"16 km NW of Rustāq, Afghanistan",earthquake,4.46,7.067,0.102,27,reviewed,us,us
2026-02-11T18:34:14.781Z,-4.8354,134.0317,10,4.7,mb,44,42,2.605,0.8,us,us6000s7vh,2026-02-26T17:49:07.040Z,"166 km ENE of Tual, Indonesia",earthquake,7.63,1.855,0.102,29,reviewed,us,us
2026-02-11T18:00:28.722Z,44.3059,147.4938,73.859,5.1,mb,126,65,3.528,0.64,us,us6000s7vd,2026-02-26T17:48:32.127Z,"83 km NE of Shikotan, Russia",earthquake,8.51,5.435,0.025,529,reviewed,us,us
2026-02-11T17:43:41.434Z,-4.224,153.0031,10,5.1,mb,129,21,0.838,0.82,us,us6000s7v9,2026-02-26T17:35:08.040Z,"82 km E of Kokopo, Papua New Guinea",earthquake,6.21,1.77,0.051,125,reviewed,us,us
2026-02-11T17:28:24.864Z,41.4841,142.042,57.236,4.9,mb,126,114,0.989,0.83,us,us6000s7v6,2026-02-26T17:23:14.040Z,"72 km ENE of Mutsu, Japan",earthquake,8.28,5.962,0.045,152,reviewed,us,us
2026-02-11T16:35:06.677Z,44.1673,151.8302,10,4.9,mb,98,137,6.647,0.85,us,us6000s7v0,2026-02-28T02:51:10.040Z,"east of the Kuril Islands",earthquake,9.4,1.88,0.064,78,reviewed,us,us
2026-02-11T15:45:46.324Z,19.0158,145.6646,170.995,3.9,mb,13,125,3.756,0.95,us,us7000s0i7,2026-03-27T01:40:25.040Z,"Maug Islands region, Northern Mariana Islands",earthquake,11.42,10.971,0.193,7,reviewed,us,us
2026-02-11T15:35:19.279Z,11.5177,-59.4507,35.156,4.6,mb,43,136,1.619,0.75,us,us7000s0i6,2026-03-27T01:37:56.040Z,"145 km ENE of Scarborough, Trinidad and Tobago",earthquake,8.82,10.459,0.107,26,reviewed,us,us
2026-02-11T15:23:10.144Z,4.9768,96.2231,154.68,4.2,mb,17,171,0.763,1.11,us,us7000s0i5,2026-02-27T03:15:03.040Z,"27 km SSW of Reuleuet, Indonesia",earthquake,11.05,8.417,0.167,10,reviewed,us,us
2026-02-11T15:15:14.125Z,-2.729,129.4129,10,4,mb,12,125,1.848,0.91,us,us7000s0i3,2026-02-27T02:51:46.040Z,"80 km NE of Masohi, Indonesia",earthquake,8.59,1.926,0.163,10,reviewed,us,us
2026-02-11T14:58:06.993Z,-23.3009,-66.6341,205.839,4.6,mb,60,75,1.464,0.61,us,us6000s7um,2026-03-05T11:46:37.040Z,"98 km W of El Aguilar, Argentina",earthquake,9.75,7.333,0.079,48,reviewed,us,us
2026-02-11T13:04:00.830Z,-9.624,156.5475,10,4.7,mb,42,63,3.358,0.35,us,us6000s7u4,2026-03-05T11:27:50.040Z,"171 km S of Gizo, Solomon Islands",earthquake,6.09,1.864,0.11,28,reviewed,us,us
2026-02-11T12:33:09.571Z,-24.8001,179.8218,485.196,4.2,mb,25,118,7.211,0.54,us,us7000s0hv,2026-02-27T20:22:40.040Z,"south of the Fiji Islands",earthquake,17.8,16.917,0.113,23,reviewed,us,us
2026-02-11T12:30:00.955Z,-42.8191,83.7267,10,4.7,mb,29,58,22.884,0.54,us,us7000s0hu,2026-02-27T19:56:34.040Z,"Mid-Indian Ridge",earthquake,12.16,1.899,0.11,27,reviewed,us,us
2026-02-11T12:26:13.745Z,14.7991,108.2756,10,4.3,mb,32,89,4.227,0.45,us,us6000s7vj,2026-04-02T06:10:39.040Z,"57 km NNE of Kon Tum, Vietnam",earthquake,22.03,2.34,0.133,16,reviewed,us,us
2026-02-11T11:49:26.620Z,-50.5712,160.2776,10,4.5,mb,27,122,4.017,0.88,us,us7000s0hs,2026-02-27T19:31:46.040Z,"north of Macquarie Island",earthquake,10.47,1.942,0.132,17,reviewed,us,us
2026-02-11T11:48:49.785Z,-3.1707,139.7836,48.949,4.1,mb,14,100,1.126,1.14,us,us7000s0ht,2026-02-27T19:19:05.040Z,"113 km SW of Abepura, Indonesia",earthquake,7.86,10.694,0.145,14,reviewed,us,us
2026-02-11T11:07:24.998Z,-33.3962,-178.2233,10,4.3,mb,16,180,6.156,0.87,us,us7000s0i8,2026-02-27T19:08:45.040Z,"south of the Kermadec Islands",earthquake,14.69,1.97,0.177,10,reviewed,us,us
2026-02-11T11:00:29.462Z,-5.7706,149.4704,118.21,4.5,mb,48,60,3.108,0.71,us,us6000s7tj,2026-04-02T06:05:44.040Z,"48 km N of Kandrian, Papua New Guinea",earthquake,16.83,19.219,0.094,33,reviewed,us,us
2026-02-11T10:53:09.554Z,51.776,-178.5433,110.459,4,mb,56,124,0.128,0.4,us,us6000s7uv,2026-02-20T10:09:13.040Z,"132 km W of Adak, Alaska",earthquake,8.42,4.056,0.119,19,reviewed,us,us
2026-02-11T10:04:10.689Z,7.9904,-103.93,10,4.4,mb,70,187,10.855,0.53,us,us7000s0hr,2026-02-27T18:59:08.040Z,"northern East Pacific Rise",earthquake,9.79,1.741,0.067,64,reviewed,us,us
2026-02-11T09:42:25.600Z,52.2971,160.7531,10,4.4,mb,20,165,1.473,0.82,us,us7000s0i2,2026-02-27T18:20:33.040Z,"167 km ESE of Petropavlovsk-Kamchatsky, Russia",earthquake,9.95,1.951,0.139,15,reviewed,us,us
2026-02-11T09:20:20.654Z,-58.7195,149.1714,10,4.5,mb,34,97,6.851,0.67,us,us7000s0hp,2026-02-27T18:09:00.040Z,"west of Macquarie Island",earthquake,11.84,1.922,0.096,35,reviewed,us,us
2026-02-11T08:56:52.250Z,32.3985,-115.2625,4.35,3.87,ml,27,51,0.0416,0.32,ci,ci10222374,2026-04-01T14:15:29.875Z,"8 km NW of Delta, B.C., MX",earthquake,0.44,0.98,0.14771225538292,328,reviewed,ci,ci
2026-02-11T08:50:46.868Z,4.4403,126.079,10,4.2,mb,17,152,2.659,1.24,us,us7000s0hl,2026-03-04T14:34:29.040Z,"126 km SSE of Sarangani, Philippines",earthquake,10.14,1.802,0.167,12,reviewed,us,us
2026-02-11T08:40:36.870Z,32.389833333333,-115.26766666667,3.3,3.64,ml,36,51,0.04327,0.35,ci,ci41395592,2026-02-19T08:46:20.599Z,"8 km WNW of Delta, B.C., MX",earthquake,0.43,0.76,0.15995560486772,28,reviewed,ci,ci
2026-02-11T08:38:33.450Z,32.388,-115.24783333333,8.1,4.18,ml,38,50,0.05766,0.41,ci,ci41395584,2026-04-01T08:48:39.832Z,"6 km NW of Delta, B.C., MX",earthquake,0.5,1.92,0.14695944748965,339,reviewed,ci,ci
2026-02-11T08:26:17.701Z,-24.0381,-67.0861,222.104,4.3,mb,24,76,1.475,0.82,us,us6000s7se,2026-03-04T14:09:27.040Z,"80 km WNW of San Antonio de los Cobres, Argentina",earthquake,9.88,16.533,0.237,5,reviewed,us,us
2026-02-11T08:16:05.625Z,-51.4474,-72.0066,10,4.7,mb,37,105,1.437,0.72,us,us6000s7sd,2026-03-02T13:56:47.596Z,"20 km NE of 28 de Noviembre, Argentina",earthquake,9.58,1.889,0.088,42,reviewed,us,us
2026-02-11T07:42:46.997Z,-8.2618,121.4784,190.029,4.1,mb,24,73,3.129,0.8,us,us7000s0hz,2026-03-04T13:41:35.040Z,"67 km NNW of Ende, Indonesia",earthquake,6.69,10.437,0.174,11,reviewed,us,us
2026-02-11T06:29:50.205Z,57.8638,146.5142,10,5.6,mww,124,25,2.806,0.86,us,us6000s7s6,2026-03-31T13:25:32.816Z,"254 km SE of Okhotsk, Russia",earthquake,7.04,1.792,0.075,17,reviewed,us,us
2026-02-11T06:07:05.416Z,-24.2991,-66.8896,194.293,4.3,mb,59,57,1.788,0.94,us,us6000s7s1,2026-03-02T13:32:44.040Z,"58 km W of San Antonio de los Cobres, Argentina",earthquake,5.22,8.425,0.111,26,reviewed,us,us
2026-02-11T05:59:41.047Z,6.7536,-73.0715,162.634,4.8,mb,70,37,2.267,0.94,us,us6000s7rz,2026-02-27T12:52:45.882Z,"3 km NE of Jordán, Colombia",earthquake,7.6,8.148,0.026,465,reviewed,us,us
2026-02-11T05:03:10.560Z,-15.0023,-73.7716,87.112,4.2,mb,31,140,4.231,0.77,us,us6000s7rl,2026-03-04T13:52:36.040Z,"3 km NNE of Coracora, Peru",earthquake,10.01,10.713,0.132,16,reviewed,us,us
2026-02-11T04:30:51.103Z,43.1224,145.0667,110.615,4.2,mb,27,164,1.793,0.85,us,us7000s0h8,2026-02-27T02:12:48.040Z,"19 km ENE of Akkeshi, Japan",earthquake,9.99,9.77,0.125,18,reviewed,us,us
2026-02-11T04:13:30.865Z,32.8734,85.0549,10,4.3,mb,42,154,6.082,1.12,us,us7000s0hn,2026-02-27T02:42:19.040Z,"western Xizang",earthquake,7.76,1.886,0.101,28,reviewed,us,us
2026-02-11T04:07:00.197Z,51.1866,159.4514,10,4.7,mb,64,126,1.905,0.94,us,us6000s7rd,2026-02-28T02:29:26.040Z,"206 km SSE of Vilyuchinsk, Russia",earthquake,7.93,1.892,0.077,51,reviewed,us,us
2026-02-11T03:32:16.763Z,-21.3866,-178.0265,413.937,4.6,mb,63,122,5.175,0.68,us,us6000s7r9,2026-02-28T02:18:03.040Z,"283 km W of Houma, Tonga",earthquake,11.39,6.206,0.073,56,reviewed,us,us
2026-02-11T03:07:16.033Z,-2.6338,140.1441,41.232,4.2,mb,16,106,0.571,0.6,us,us6000s7r8,2026-02-28T02:12:03.040Z,"54 km W of Abepura, Indonesia",earthquake,7.74,8.5,0.147,13,reviewed,us,us
2026-02-11T02:49:31.715Z,-15.174,-172.957,10,4.5,mb,13,114,2.492,1.02,us,us7000s0hb,2026-02-27T02:33:13.040Z,"124 km NE of Hihifo, Tonga",earthquake,12.3,1.829,0.204,7,reviewed,us,us
2026-02-11T02:13:47.374Z,-7.4621,127.719,156.628,4.2,mb,13,111,3.64,1.1,us,us7000s0h6,2026-02-27T01:36:17.040Z,"141 km NE of Lospalos, Timor Leste",earthquake,9.27,9.184,0.187,8,reviewed,us,us
2026-02-11T00:51:42.071Z,-12.6692,-70.0412,10,4.4,mb,23,91,4.045,0.68,us,us7000s0h2,2026-02-26T22:22:30.040Z,"49 km W of Puerto Rosario de Laberinto, Peru",earthquake,6.36,1.899,0.138,15,reviewed,us,us
2026-02-10T23:11:47.429Z,-9.2064,-79.1251,59.633,4.3,mb,22,121,3.56,0.53,us,us7000s092,2026-03-03T23:22:22.040Z,"57 km WSW of Puerto Santa, Peru",earthquake,7.53,10.376,0.168,10,reviewed,us,us
2026-02-10T23:09:08.835Z,52.3528,-175.8701,156.891,5,mb,109,87,0.284,0.79,us,us6000s7qf,2026-03-31T23:19:23.947Z,"74 km NE of Adak, Alaska",earthquake,7.96,5.021,0.024,561,reviewed,us,us
2026-02-10T23:05:47.728Z,-21.7102,-68.8189,126.028,4.1,mb,20,54,0.402,0.46,us,us6000s7qc,2026-03-03T23:20:10.040Z,"79 km SW of Ollagüe, Chile",earthquake,6.84,4.94,0.214,6,reviewed,us,us
2026-02-10T22:50:41.953Z,-14.8612,-173.3378,10,4.5,mb,23,102,2.754,0.74,us,us7000s08v,2026-03-03T23:18:02.040Z,"130 km NNE of Hihifo, Tonga",earthquake,12.36,1.874,0.119,21,reviewed,us,us
2026-02-10T21:38:29.897Z,39.613,38.728,10,4.2,mb,21,116,0.602,0.9,us,us7000s08u,2026-03-03T23:07:00.040Z,"23 km NE of İliç, Turkey",earthquake,4.18,1.928,0.128,17,reviewed,us,us
2026-02-10T21:14:42.344Z,-14.9714,-172.9639,10,5.6,mww,86,35,2.432,0.65,us,us6000s7pk,2026-03-25T22:29:12.074Z,"140 km NE of Hihifo, Tonga",earthquake,8.52,1.763,0.071,19,reviewed,us,us
2026-02-10T21:05:28.406Z,42.1486,20.8547,10,4.5,mwr,75,39,1.092,0.58,us,us6000s7pd,2026-03-05T02:54:36.361Z,"11 km SE of Prizren, Kosovo",earthquake,4.58,1.838,0.071,19,reviewed,us,us
2026-02-10T20:49:12.850Z,17.5233,-68.0666,24,4.67,md,34,208,1.0394,0.33,pr,pr2026041000,2026-02-26T14:37:44.339Z,"106 km WSW of Pole Ojea, Puerto Rico",earthquake,1.28,20.46,0.1,23,reviewed,pr,pr
2026-02-10T20:44:52.845Z,-21.0263,-178.3783,513,6.2,mww,134,28,4.69,0.93,us,us6000s7p7,2026-03-25T15:42:20.962Z,"Fiji region",earthquake,8.69,1.473,0.038,65,reviewed,us,us
2026-02-10T20:42:22.931Z,61.697,-149.633,30,4.6,ml,200,23,0.2,1.2,ak,ak2026cxafty,2026-03-04T20:28:21.517Z,"8 km NNW of Meadow Lakes, Alaska",earthquake,1.5,1.8097,0.3,126,reviewed,ak,ak
2026-02-10T20:02:59.156Z,-15.6146,167.4824,121.567,4.9,mb,59,102,0.316,0.98,us,us6000s7nv,2026-02-25T22:34:25.040Z,"35 km ESE of Luganville, Vanuatu",earthquake,9.62,5.009,0.082,46,reviewed,us,us
2026-02-10T18:52:00.971Z,35.5228,143.7452,10,4.9,mww,154,34,4.044,0.67,us,us6000s7nj,2026-02-25T21:38:35.040Z,"264 km E of Hasaki, Japan",earthquake,5.97,1.8,0.073,18,reviewed,us,us
2026-02-10T17:49:59.038Z,-6.9034,129.5613,158.707,4.3,mb,35,114,2.39,0.74,us,us6000s7ne,2026-02-25T21:34:06.040Z,"Banda Sea",earthquake,9.89,6.525,0.104,26,reviewed,us,us
2026-02-10T17:26:45.829Z,-7.5538,128.392,132.471,4.3,mb,20,87,3.366,0.8,us,us6000s7nc,2026-02-25T21:20:39.040Z,"187 km NE of Lospalos, Timor Leste",earthquake,8.93,10.22,0.148,13,reviewed,us,us
2026-02-10T17:06:50.502Z,-17.4007,-176.775,378.926,4,mb,24,163,3.802,0.64,us,us7000s08q,2026-02-25T21:17:04.040Z,"Fiji region",earthquake,12.65,12.952,0.122,18,reviewed,us,us
2026-02-10T16:54:42.395Z,1.2739,125.8704,27.668,4.2,mb,18,102,7.616,0.23,us,us7000s08p,2026-03-05T17:25:31.040Z,"84 km ESE of Bitung, Indonesia",earthquake,9.99,7.42,0.146,13,reviewed,us,us
2026-02-10T16:18:27.204Z,-23.0203,69.0738,10,4.3,mb,9,249,59.035,0.5,us,us7000s08l,2026-03-05T17:15:47.040Z,"Mid-Indian Ridge",earthquake,15.1,2.026,0.237,5,reviewed,us,us
2026-02-10T16:18:07.856Z,-18.663,-177.8418,538.835,4.3,mb,132,53,3.434,1.19,us,us6000s7n3,2026-03-04T23:12:37.040Z,"Fiji region",earthquake,12.55,6.713,0.051,114,reviewed,us,us
2026-02-10T16:16:18.814Z,14.0934,145.0747,130.098,4.3,mb,95,96,0.54,0.8,us,us7000s08m,2026-04-01T13:22:14.040Z,"64 km NNE of Yigo Village, Guam",earthquake,8.86,6.147,0.061,81,reviewed,us,us
2026-02-10T16:12:37.618Z,34.6093,140.4215,59.154,4,mb,19,179,1.574,0.55,us,us7000s08j,2026-03-05T15:52:11.040Z,"60 km SE of Wada, Japan",earthquake,7.89,10.494,0.196,7,reviewed,us,us
2026-02-10T15:47:28.333Z,52.3907,158.9058,87.964,4.3,mb,90,114,0.652,0.53,us,us7000s08h,2026-03-05T15:16:37.040Z,"69 km SSE of Vilyuchinsk, Russia",earthquake,9.38,6.513,0.061,76,reviewed,us,us
2026-02-10T15:28:29.689Z,-34.8162,54.5291,10,4.5,mb,17,154,11.777,0.37,us,us7000s08g,2026-03-05T14:31:07.040Z,"Southwest Indian Ridge",earthquake,15,1.923,0.171,12,reviewed,us,us
2026-02-10T14:57:45.305Z,4.0442,-82.5578,10,4.7,mww,120,71,5.58,0.75,us,us6000s7mr,2026-03-04T23:05:20.040Z,"south of Panama",earthquake,10.84,1.871,0.11,8,reviewed,us,us
2026-02-10T14:01:43.251Z,1.274,126.3333,10,4.6,mb,63,78,6.773,0.82,us,us7000s08e,2026-03-04T22:58:43.040Z,"128 km WNW of Ternate, Indonesia",earthquake,6.23,1.828,0.073,56,reviewed,us,us
2026-02-10T13:46:27.453Z,-35.4561,-15.3665,10,5.4,mww,59,46,2.944,0.38,us,us6000s7ml,2026-03-04T21:59:43.710Z,"Tristan da Cunha region",earthquake,7.71,1.574,0.086,13,reviewed,us,us
2026-02-10T13:45:32.453Z,51.4076,160.0084,10,4.1,mb,9,253,1.821,0.68,us,us7000s08r,2026-03-04T21:50:40.040Z,"201 km SSE of Vilyuchinsk, Russia",earthquake,13.19,1.999,0.37,2,reviewed,us,us
2026-02-10T13:18:35.262Z,51.1157,-172.9436,10,3.7,mb,29,232,1.339,0.99,us,us7000s08d,2026-04-01T13:26:06.040Z,"148 km SE of Atka, Alaska",earthquake,8.19,2.01,0.105,23,reviewed,us,us
2026-02-10T11:23:29.423Z,50.9459,156.9186,79.904,4.4,mb,124,127,2.219,0.48,us,us6000s7mb,2026-03-05T12:17:09.040Z,"63 km ENE of Severo-Kuril’sk, Russia",earthquake,9.68,6.939,0.051,109,reviewed,us,us
2026-02-10T10:27:05.870Z,8.5236,-103.0536,10,4.3,mb,35,184,9.99,0.62,us,us7000s089,2026-03-05T13:22:19.040Z,"northern East Pacific Rise",earthquake,6.16,1.945,0.105,26,reviewed,us,us
2026-02-10T10:24:15.639Z,44.4873,148.2778,65.449,4.4,mb,34,143,4.097,0.53,us,us7000s08i,2026-03-05T13:28:37.040Z,"88 km SSE of Kuril’sk, Russia",earthquake,10.98,8.404,0.117,21,reviewed,us,us
2026-02-10T09:48:11.501Z,-5.8514,150.8016,38.126,4.1,mb,16,150,2.136,0.39,us,us7000s085,2026-03-05T13:46:56.040Z,"80 km ESE of Kimbe, Papua New Guinea",earthquake,13.25,9.669,0.145,13,reviewed,us,us
2026-02-10T09:44:44.627Z,51.629,159.9762,10,5,mww,212,90,1.616,0.55,us,us6000s7m0,2026-03-05T12:45:08.040Z,"180 km SE of Vilyuchinsk, Russia",earthquake,7.22,1.817,0.083,14,reviewed,us,us
2026-02-10T09:34:10.128Z,16.3135,-98.2919,28.522,4.1,mb,37,186,0.176,0.83,us,us7000s21t,2026-03-05T14:02:09.040Z,"3 km W of El Ciruelo, Mexico",earthquake,2.72,7.07,0.087,36,reviewed,us,us
2026-02-10T08:51:40.233Z,43.545,138.1093,251.541,4,mb,49,69,3.295,0.53,us,us7000s082,2026-03-03T14:21:00.040Z,"191 km WNW of Suttsu, Japan",earthquake,5.2,8.065,0.096,29,reviewed,us,us
2026-02-10T08:18:17.439Z,18.2092,-75.5601,10,5,mww,115,29,1.76,0.87,us,us6000s7lg,2026-03-31T13:18:23.040Z,"78 km ENE of Manchioneal, Jamaica",earthquake,6.32,1.818,0.056,31,reviewed,us,us
2026-02-10T05:44:34.285Z,16.7112,-99.3842,18.603,4.1,mb,79,181,0.244,0.96,us,us7000s21r,2026-03-28T13:43:32.040Z,"9 km S of San Marcos, Mexico",earthquake,4.65,5.587,0.063,69,reviewed,us,us
2026-02-10T05:24:57.003Z,-27.8219,-66.9598,178.7,4.5,mb,37,83,3.048,1.03,us,us6000s7kw,2026-03-03T14:54:11.040Z,"20 km SE of Londres, Argentina",earthquake,8.05,8.529,0.116,22,reviewed,us,us
2026-02-10T04:55:15.943Z,35.0121,23.1967,10,4.3,mb,35,229,1.414,1.15,us,us6000s7vi,2026-03-26T00:31:15.040Z,"50 km WSW of Palaióchora, Greece",earthquake,7.96,1.978,0.099,29,reviewed,us,us
2026-02-10T04:34:58.900Z,36.0177,25.8945,117.65,4,mb,19,66,1.095,0.84,us,us6000s7km,2026-03-03T23:47:35.633Z,"55 km SE of Emporeío, Greece",earthquake,5.31,8.606,0.126,17,reviewed,us,us
2026-02-10T03:58:35.066Z,23.214,125.1876,10,4.2,mb,29,103,1.452,0.67,us,us7000s083,2026-03-03T23:31:48.040Z,"163 km SE of Ishigaki, Japan",earthquake,6.41,1.925,0.153,12,reviewed,us,us
2026-02-10T02:21:53.145Z,51.162,-178.4274,29.79,4.1,mb,92,195,0.461,0.51,us,us6000s7k1,2026-03-03T04:54:06.040Z,"147 km WSW of Adak, Alaska",earthquake,4.17,6.301,0.06,77,reviewed,us,us
2026-02-10T01:53:53.268Z,37.6416,71.7452,121.823,4.3,mb,45,158,0.889,1.04,us,us6000s7jw,2026-03-03T04:37:42.040Z,"23 km NE of Khorugh, Tajikistan",earthquake,6.95,9.054,0.098,29,reviewed,us,us
2026-02-10T01:27:46.449Z,-11.1734,162.757,10,4.2,mb,11,112,3.258,0.43,us,us7000s07y,2026-03-03T04:35:25.040Z,"121 km SE of Kirakira, Solomon Islands",earthquake,11.93,1.931,0.263,4,reviewed,us,us
2026-02-10T01:14:07.114Z,11.8312,144.0001,10,4.5,mb,27,165,3.805,0.65,us,us7000s07w,2026-03-03T04:23:16.040Z,"174 km SSW of Merizo Village, Guam",earthquake,11.83,1.942,0.124,19,reviewed,us,us
2026-02-10T01:13:06.511Z,-58.5057,-23.6756,10,4.3,mb,17,161,8.267,0.3,us,us7000s081,2026-03-03T04:02:59.040Z,"South Sandwich Islands region",earthquake,15.51,1.956,0.169,10,reviewed,us,us
2026-02-10T01:04:02.538Z,6.364,123.721,10,4.3,mb,26,123,1.974,0.38,us,us7000s07v,2026-03-03T03:42:26.040Z,"36 km WSW of Sangay, Philippines",earthquake,10.73,1.938,0.126,18,reviewed,us,us
2026-02-10T00:46:11.605Z,-25.4495,69.969,10,4.6,mb,32,122,18.093,0.72,us,us7000s07u,2026-03-03T22:47:59.040Z,"Indian Ocean Triple Junction",earthquake,14.04,1.91,0.109,25,reviewed,us,us
2026-02-10T00:18:11.513Z,-12.1991,25.8446,10,4.1,mb,10,91,3.814,0.94,us,us7000s07t,2026-03-25T22:17:10.040Z,"59 km W of Solwezi, Zambia",earthquake,9.53,1.953,0.233,5,reviewed,us,us
2026-02-10T00:07:13.396Z,50.9835,142.9238,10,4.3,mb,38,107,4.03,0.5,us,us7000s080,2026-02-25T21:51:20.040Z,"23 km NE of Tymovskoye, Russia",earthquake,8.29,1.723,0.113,22,reviewed,us,us
2026-02-09T23:21:04.404Z,44.8486,37.4744,10,4.8,mww,64,60,3.802,0.72,us,us6000s7j6,2026-03-03T22:41:08.617Z,"6 km WNW of Rayevskaya, Russia",earthquake,9.04,1.859,0.098,10,reviewed,us,us
2026-02-09T23:20:59.628Z,-22.0362,-178.9543,602.949,4.6,mb,48,130,13.541,0.72,us,us6000s7ja,2026-03-03T22:36:35.040Z,"south of the Fiji Islands",earthquake,15.52,8.084,0.083,44,reviewed,us,us
2026-02-09T22:31:59.904Z,39.9193,-29.753,10,5.1,mww,158,63,1.077,0.57,us,us6000s7jd,2026-02-24T23:29:36.040Z,"128 km ENE of Santa Cruz das Flores, Portugal",earthquake,8.2,1.822,0.073,18,reviewed,us,us
2026-02-09T20:18:18.822Z,19.802,121.4814,37.882,4.4,mb,56,120,3.024,0.67,us,us7000s00v,2026-02-27T16:53:46.040Z,"87 km SW of Basco, Philippines",earthquake,11.06,8.432,0.085,40,reviewed,us,us
2026-02-09T19:18:33.289Z,19.6607,144.9341,10,4.2,mb,17,187,4.471,0.48,us,us7000s00x,2026-02-27T18:02:45.040Z,"Maug Islands region, Northern Mariana Islands",earthquake,11.07,1.982,0.159,11,reviewed,us,us
2026-02-09T19:13:36.169Z,39.3285,143.2529,35.17,4.2,mb,32,151,2.225,0.52,us,us6000s7ht,2026-02-27T20:26:52.040Z,"113 km E of Yamada, Japan",earthquake,3.79,8.38,0.118,20,reviewed,us,us
2026-02-09T18:52:58.678Z,-16.016,-173.4673,48.614,4.9,mb,49,114,3.31,0.99,us,us6000s7hn,2026-03-26T16:21:39.040Z,"35 km E of Hihifo, Tonga",earthquake,12.79,7.35,0.082,52,reviewed,us,us
2026-02-09T16:09:06.194Z,49.1084,153.5414,160.782,4.5,mb,109,113,4.785,0.8,us,us6000s7gc,2026-02-24T21:51:59.040Z,"254 km SW of Severo-Kuril’sk, Russia",earthquake,9.74,6.467,0.048,129,reviewed,us,us
2026-02-09T15:59:37.079Z,3.8266,63.3514,10,5,mww,65,101,11.539,0.49,us,us6000s7gb,2026-02-24T21:44:26.040Z,"Carlsberg Ridge",earthquake,12.53,1.875,0.103,9,reviewed,us,us
2026-02-09T15:32:43.970Z,18.6316,-64.5948,46,4,md,25,239,0.2179,0.07,pr,pr2026040006,2026-02-24T21:38:24.040Z,"39 km NNE of Cruz Bay, U.S. Virgin Islands",earthquake,0.89,0.82,0.13,18,reviewed,pr,pr
2026-02-09T13:36:29.150Z,19.223,-64.3846,27,4.39,md,25,287,0.7328,0.25,pr,pr2026040005,2026-02-24T20:31:09.040Z,"107 km NNE of Cruz Bay, U.S. Virgin Islands",earthquake,1.9,16.01,0.09,17,reviewed,pr,pr
2026-02-09T12:37:27.561Z,49.9893,158.6459,10,4.4,mb,34,109,3.038,0.76,us,us7000s00n,2026-03-03T14:28:11.040Z,"194 km ESE of Severo-Kuril’sk, Russia",earthquake,11.07,1.907,0.098,30,reviewed,us,us
2026-02-09T12:28:39.167Z,-15.3394,167.3198,113.23,4.4,mb,27,119,0.155,0.38,us,us7000s00l,2026-03-03T14:00:00.040Z,"26 km NE of Luganville, Vanuatu",earthquake,12.42,4.702,0.117,21,reviewed,us,us
2026-02-09T12:27:57.302Z,36.1877,139.4521,104.222,4.3,mb,23,142,1.064,0.91,us,us7000s00m,2026-03-03T14:11:44.040Z,"5 km N of Gyōda, Japan",earthquake,8.96,7.697,0.154,12,reviewed,us,us
2026-02-09T12:08:53.980Z,19.1046,-64.4325,41,3.94,ml,22,280,0.6149,0.4,pr,pr2026040004,2026-03-03T15:00:33.040Z,"93 km NNE of Cruz Bay, U.S. Virgin Islands",earthquake,5,12.14,0,0,reviewed,pr,pr
2026-02-09T12:04:51.147Z,3.8124,97.514,133.481,4.4,mb,19,99,2.492,0.55,us,us7000s011,2026-03-03T16:11:05.040Z,"75 km E of Blangpidie, Indonesia",earthquake,10.39,10.117,0.138,15,reviewed,us,us
2026-02-09T12:00:28.119Z,27.0682,87.9885,14.966,4.2,mb,31,165,3.813,0.64,us,us7000s00k,2026-03-28T08:26:31.040Z,"18 km NNE of Ilām, Nepal",earthquake,8.36,6.147,0.102,27,reviewed,us,us
2026-02-09T11:47:15.650Z,13.8994,144.8845,131.91,4.4,mb,51,98,1.591,0.55,us,us7000s00j,2026-03-28T08:28:36.040Z,"40 km N of Yigo Village, Guam",earthquake,11.15,7.508,0.083,42,reviewed,us,us
2026-02-09T10:30:01.220Z,19.0793,-64.4,49,4.12,ml,24,283,0.5888,0.38,pr,pr2026040003,2026-03-31T12:46:50.040Z,"92 km NNE of Cruz Bay, U.S. Virgin Islands",earthquake,3.82,6.99,0,0,reviewed,pr,pr
2026-02-09T09:50:47.660Z,19.1473,-64.3958,41,3.9,md,21,285,0.6569,0.38,pr,pr2026040002,2026-02-27T08:32:49.040Z,"99 km NNE of Cruz Bay, U.S. Virgin Islands",earthquake,4.15,11.08,0.15,16,reviewed,pr,pr
2026-02-09T09:30:38.800Z,19.1711,-64.3526,19,3.97,md,22,288,0.6825,0.47,pr,pr2026040001,2026-03-31T12:34:24.040Z,"103 km NNE of Cruz Bay, U.S. Virgin Islands",earthquake,6.82,13.42,0.18,19,reviewed,pr,pr
2026-02-09T09:16:17.596Z,26.8919,129.4411,10,4.5,mb,29,90,1.045,0.73,us,us7000s00h,2026-03-31T13:50:41.040Z,"95 km SE of Wadomari, Japan",earthquake,6.1,1.908,0.156,12,reviewed,us,us
2026-02-09T08:30:51.571Z,2.3512,126.7963,36.888,5,mb,125,76,4.841,0.48,us,us6000s7es,2026-03-05T11:16:59.040Z,"151 km WNW of Tobelo, Indonesia",earthquake,6.58,6.704,0.052,117,reviewed,us,us
2026-02-09T08:28:25.675Z,50.9909,159.5268,10,4.4,mb,28,130,2.106,0.74,us,us7000s00f,2026-03-05T17:05:54.040Z,"218 km ESE of Ozernovskiy, Russia",earthquake,6.45,1.864,0.13,17,reviewed,us,us
2026-02-09T08:20:54.487Z,-57.5434,-26.3973,112.233,4.5,mb,33,89,6.544,0.59,us,us7000s00q,2026-03-05T17:24:44.040Z,"South Sandwich Islands region",earthquake,13.36,7.436,0.099,30,reviewed,us,us
2026-02-09T07:50:42.461Z,-19.7078,169.3746,10,4.5,mb,20,161,3.405,0.72,us,us7000s00e,2026-03-31T14:08:54.040Z,"20 km SSE of Isangel, Vanuatu",earthquake,10.67,1.934,0.145,14,reviewed,us,us
2026-02-09T07:06:43.216Z,12.8957,143.3861,195.961,4.6,mb,124,68,1.599,0.6,us,us6000s7eg,2026-03-05T11:02:13.040Z,"145 km WSW of Merizo Village, Guam",earthquake,9.95,6.752,0.044,150,reviewed,us,us
2026-02-09T06:55:21.947Z,51.5821,159.1872,43.625,4.2,mb,62,126,1.481,0.55,us,us6000s7ef,2026-03-05T12:08:07.040Z,"159 km SSE of Vilyuchinsk, Russia",earthquake,9.09,7.049,0.079,45,reviewed,us,us
2026-02-09T05:59:49.021Z,55.4281,163.3854,10,4.6,mb,111,98,3.678,0.59,us,us6000s7e8,2026-03-05T14:05:16.040Z,"105 km SSE of Ust’-Kamchatsk Staryy, Russia",earthquake,8.74,1.858,0.052,108,reviewed,us,us
2026-02-09T05:37:37.484Z,51.8512,-171.1561,21.394,4.2,mb,116,174,1.244,0.55,us,us6000s7e6,2026-03-31T13:40:41.040Z,"197 km SW of Nikolski, Alaska",earthquake,4.84,6.139,0.054,97,reviewed,us,us
2026-02-09T05:09:40.796Z,51.3933,159.4617,10,5.1,mww,172,115,1.707,0.44,us,us6000s7e3,2026-03-05T15:01:44.040Z,"185 km SSE of Vilyuchinsk, Russia",earthquake,7.56,1.836,0.062,25,reviewed,us,us
2026-02-09T05:03:11.230Z,34.7394,26.3233,40.872,4.2,mb,33,110,1.059,0.68,us,us7000s00d,2026-03-05T16:51:45.040Z,"51 km S of Palekastro, Greece",earthquake,5.98,7.24,0.121,19,reviewed,us,us
2026-02-09T04:41:31.159Z,-19.4779,-177.8431,561.39,4.1,mb,12,130,3.992,0.56,us,us7000s00c,2026-03-03T03:25:39.040Z,"Fiji region",earthquake,21.26,16.518,0.174,9,reviewed,us,us
2026-02-09T03:27:52.210Z,19.1171,-64.3235,49,3.86,md,20,295,0.6316,0.46,pr,pr2026040000,2026-03-03T03:19:28.040Z,"100 km NNE of Cruz Bay, U.S. Virgin Islands",earthquake,5.88,10.66,0.11,15,reviewed,pr,pr
2026-02-09T03:00:08.065Z,-19.2565,-176.9596,357.739,4.3,mb,27,141,4.455,0.36,us,us6000s7dl,2026-03-03T02:53:37.040Z,"273 km NW of Houma, Tonga",earthquake,8.4,10.405,0.111,23,reviewed,us,us
2026-02-09T02:17:59.263Z,55.952,-153.249,38.5,3.7,ml,133,210,1.3,0.6,ak,ak2026cttxec,2026-03-26T00:25:46.040Z,"124 km SSE of Akhiok, Alaska",earthquake,4.7,20.8175,0.1,95,reviewed,ak,ak
2026-02-09T01:53:12.064Z,18.6712,145.3538,210.409,4,mb,27,125,3.437,0.44,us,us7000s00b,2026-03-03T02:06:01.040Z,"Pagan region, Northern Mariana Islands",earthquake,11.33,7.078,0.119,19,reviewed,us,us
2026-02-09T01:10:59.313Z,26.1188,128.1058,10,4.3,mb,22,147,0.73,0.98,us,us7000s00z,2026-03-26T00:24:31.040Z,"33 km SE of Katsuren-haebaru, Japan",earthquake,9.07,1.93,0.125,18,reviewed,us,us
2026-02-09T00:28:48.747Z,-33.3978,-178.6943,35,4.3,mb,11,239,4.822,0.48,us,us7000s009,2026-03-25T21:52:24.040Z,"south of the Kermadec Islands",earthquake,7.62,1.994,0.178,10,reviewed,us,us
2026-02-09T00:05:36.324Z,13.7965,121.0254,133.687,4.2,mb,27,114,8.045,0.57,us,us7000s008,2026-03-03T22:09:39.040Z,"1 km SSE of San Pascual, Philippines",earthquake,15.04,4.394,0.121,19,reviewed,us,us
2026-02-08T23:31:35.370Z,19.3366,-64.2376,28,3.66,md,19,293,0.9972,0.34,pr,pr2026039012,2026-02-09T03:59:45.040Z,"125 km NNE of Cruz Bay, U.S. Virgin Islands",earthquake,1.84,25.28,0.13,16,reviewed,pr,pr
2026-02-08T23:17:22.781Z,-22.5834,-68.5281,118.067,4.2,mb,23,48,0.488,0.59,us,us6000s7d2,2026-03-03T21:29:41.040Z,"43 km ESE of Calama, Chile",earthquake,5.13,3.457,0.152,12,reviewed,us,us
2026-02-08T21:45:15.095Z,42.2674,143.0543,60.506,4.5,mb,29,115,0.264,0.46,us,us6000s7cn,2026-03-25T21:07:22.040Z,"19 km NE of Honchō, Japan",earthquake,13.61,10.341,0.121,20,reviewed,us,us
2026-02-08T21:42:09.325Z,15.9691,-96.9212,22,5.7,mww,110,83,0.219,1.05,us,us6000s7cl,2026-03-25T20:41:48.482Z,"8 km NNE of Santa María Colotepec, Mexico",earthquake,4.45,1.829,0.047,44,reviewed,us,us
2026-02-08T21:18:40.660Z,19.1596,-64.399,24,3.76,md,21,285,0.6691,0.35,pr,pr2026039011,2026-02-09T01:40:37.040Z,"100 km NNE of Cruz Bay, U.S. Virgin Islands",earthquake,1.99,23.78,0.22,17,reviewed,pr,pr
2026-02-08T20:45:28.881Z,55.986,-153.271,7.9,3.9,ml,171,202,1.2,0.8,ak,ak2026ctiwqo,2026-02-27T20:01:34.040Z,"120 km SSE of Akhiok, Alaska",earthquake,5.2,4.5301,0.3,113,reviewed,ak,ak
2026-02-08T20:43:00.660Z,19.1745,-64.3533,32,3.77,md,21,288,0.6858,0.46,pr,pr2026039009,2026-02-27T19:55:19.040Z,"104 km NNE of Cruz Bay, U.S. Virgin Islands",earthquake,4.12,18.59,0.16,16,reviewed,pr,pr
2026-02-08T20:37:45.478Z,55.964,-153.264,10.5,3.9,ml,56,244,1.3,0.6,ak,ak2026ctiqaz,2026-02-27T20:11:42.040Z,"122 km SSE of Akhiok, Alaska",earthquake,15.2,17.2265,0.3,50,reviewed,ak,ak
2026-02-08T20:36:16.377Z,55.979,-153.29,7.2,3.8,ml,163,209,1.2,0.8,ak,ak2026ctipcp,2026-02-27T19:44:21.040Z,"120 km SSE of Akhiok, Alaska",earthquake,5.6,4.6661,0.3,74,reviewed,ak,ak
2026-02-08T20:34:13.430Z,19.3671,-64.3893,30,3.68,md,9,295,0.8767,1.04,pr,pr2026039010,2026-02-27T20:13:09.040Z,"122 km NNE of Cruz Bay, U.S. Virgin Islands",earthquake,8.15,61.49,0.06,3,reviewed,pr,pr
2026-02-08T20:12:39.510Z,19.1175,-64.4165,38,3.63,md,21,286,0.6272,0.36,pr,pr2026039008,2026-02-27T19:38:19.040Z,"95 km NNE of Cruz Bay, U.S. Virgin Islands",earthquake,4.25,12.19,0.16,12,reviewed,pr,pr
2026-02-08T19:55:40.700Z,19.1435,-64.423,24,3.88,md,22,282,0.6534,0.38,pr,pr2026039007,2026-02-27T19:36:01.040Z,"98 km NNE of Cruz Bay, U.S. Virgin Islands",earthquake,2.27,26.25,0.07,13,reviewed,pr,pr
2026-02-08T19:41:09.674Z,36.588,71.2699,102.025,4.2,mb,32,98,1.975,0.8,us,us6000s7bt,2026-02-27T19:32:54.040Z,"25 km WSW of Ashkāsham, Afghanistan",earthquake,5.28,8.055,0.096,30,reviewed,us,us
2026-02-08T19:18:02.148Z,4.3053,127.7493,103.36,4.4,mb,54,117,6.217,0.72,us,us6000s7bq,2026-02-27T19:28:40.040Z,"281 km ESE of Sarangani, Philippines",earthquake,10.77,7.935,0.084,41,reviewed,us,us
2026-02-08T19:17:45.440Z,38.8455,-122.81166666667,1.59,3.67,mw,108,29,0.01292,0.07,nc,nc75310762,2026-03-27T19:24:26.504Z,"8 km WNW of Cobb, CA",earthquake,0.08,0.13,,9,reviewed,nc,nc
2026-02-08T18:18:24.840Z,19.2311,-64.3165,25,3.55,md,15,297,0.7456,0.48,pr,pr2026039006,2026-02-27T19:29:30.040Z,"111 km NNE of Cruz Bay, U.S. Virgin Islands",earthquake,3.54,35.78,0.23,10,reviewed,pr,pr
2026-02-08T18:02:15.410Z,19.1686,-64.3891,32,3.96,md,22,286,0.6783,0.28,pr,pr2026039005,2026-02-27T19:11:06.040Z,"102 km NNE of Cruz Bay, U.S. Virgin Islands",earthquake,2.5,11.9,0.11,19,reviewed,pr,pr
2026-02-08T17:55:27.405Z,48.6126,154.7887,55.21,4.2,mb,53,135,4.863,0.64,us,us7000rzs9,2026-02-23T18:43:32.040Z,"248 km SSW of Severo-Kuril’sk, Russia",earthquake,11.38,7.958,0.083,41,reviewed,us,us
2026-02-08T17:33:12.340Z,-24.3483,-115.1685,10,4.2,mb,9,163,5.944,0.51,us,us7000rzs6,2026-02-23T18:03:39.040Z,"southern East Pacific Rise",earthquake,13.79,1.921,0.215,6,reviewed,us,us
2026-02-08T17:20:51.188Z,9.9117,-70.585,31.523,4.3,mb,26,131,1.022,0.52,us,us7000rzs4,2026-03-26T17:05:44.040Z,"38 km E of Mene Grande, Venezuela",earthquake,8.66,6.016,0.147,13,reviewed,us,us
2026-02-08T16:50:05.803Z,43.5265,146.7371,68.495,4.6,mb,45,135,3.038,0.5,us,us6000s7b4,2026-03-01T16:19:17.040Z,"30 km S of Shikotan, Russia",earthquake,10.39,7.878,0.067,67,reviewed,us,us
2026-02-08T16:23:57.357Z,-20.103,-68.9337,114.026,5.7,mww,96,43,0.21,0.68,us,us6000s7ab,2026-03-27T15:55:38.071Z,"79 km ENE of La Tirana, Chile",earthquake,6.06,3.335,0.052,35,reviewed,us,us
2026-02-08T15:41:04.479Z,6.2648,-82.3014,10,4.6,mb,29,151,3.778,0.73,us,us6000s7a5,2026-03-01T16:03:35.040Z,"193 km SSW of Río Grande, Panama",earthquake,9.83,1.882,0.109,28,reviewed,us,us
2026-02-08T15:16:24.709Z,-6.0563,148.3175,105.755,4.8,mb,25,64,3.519,0.56,us,us6000s7a0,2026-03-01T15:56:01.040Z,"76 km NE of Finschhafen, Papua New Guinea",earthquake,8.7,9.717,0.105,28,reviewed,us,us
2026-02-08T14:21:03.007Z,37.3137,71.5126,124.535,4,mb,27,94,1.26,0.74,us,us6000s79q,2026-03-01T15:35:10.040Z,"19 km S of Khorugh, Tajikistan",earthquake,6.25,9.104,0.196,7,reviewed,us,us
2026-02-08T13:18:34.170Z,19.22,-64.3881,18,3.76,md,25,287,0.7297,0.61,pr,pr2026039002,2026-03-01T15:25:32.040Z,"107 km NNE of Cruz Bay, U.S. Virgin Islands",earthquake,9.81,19.48,0.16,21,reviewed,pr,pr
2026-02-08T12:40:19.327Z,27.3866,52.4747,10,4.3,mb,41,182,4.14,0.38,us,us7000rzrx,2026-03-03T12:33:55.040Z,"44 km WSW of Mohr, Iran",earthquake,12.71,1.937,0.075,50,reviewed,us,us
2026-02-08T12:06:47.351Z,53.2225,159.8561,48.636,4.5,mb,34,101,0.754,1.05,us,us7000rzs5,2026-03-03T13:25:21.040Z,"84 km ENE of Petropavlovsk-Kamchatsky, Russia",earthquake,7.55,6.587,0.124,19,reviewed,us,us
2026-02-08T12:00:09.139Z,19.9214,-74.3748,10,5.5,mww,112,24,0.692,0.6,us,us6000s799,2026-03-28T08:36:44.405Z,"42 km SSW of Maisí, Cuba",earthquake,4.88,1.736,0.04,61,reviewed,us,us
2026-02-08T10:18:35.763Z,-7.0523,129.8396,125.901,4.4,mb,22,59,2.514,1.03,us,us6000s792,2026-03-03T15:53:09.040Z,"Kepulauan Babar, Indonesia",earthquake,8.72,5.705,0.135,16,reviewed,us,us
2026-02-08T10:17:11.740Z,-23.9877,-179.6467,512.225,4.5,mb,44,97,6.573,1.05,us,us7000rzrv,2026-03-03T12:07:53.040Z,"south of the Fiji Islands",earthquake,12.52,10.163,0.097,31,reviewed,us,us
2026-02-08T09:05:51.554Z,-19.5621,-174.0218,35,4.6,mb,30,103,3.897,0.74,us,us7000rzs0,2026-03-03T13:14:58.040Z,"37 km NE of Fangale’ounga, Tonga",earthquake,12.18,1.922,0.096,32,reviewed,us,us
2026-02-08T08:27:14.627Z,8.9429,-84.1245,21.657,3.7,ml,13,155,0.802,0.98,us,us6000s78x,2026-03-25T15:18:43.040Z,"54 km S of Quepos, Costa Rica",earthquake,6.64,14.29,0.128,8,reviewed,us,us
2026-02-08T07:25:46.128Z,-21.3148,-68.5203,135.721,4.2,mb,23,75,0.825,1.03,us,us6000s78j,2026-02-26T08:03:44.040Z,"29 km WSW of Ollagüe, Chile",earthquake,6.48,7.646,0.128,17,reviewed,us,us
2026-02-08T06:42:47.860Z,19.1393,-64.3808,24,3.62,md,20,290,0.6492,0.38,pr,pr2026039001,2026-02-25T12:32:59.040Z,"99 km NNE of Cruz Bay, U.S. Virgin Islands",earthquake,2.43,28.87,0.11,11,reviewed,pr,pr
2026-02-08T06:06:47.251Z,29.5039,102.0487,10,4.7,mb,51,78,6.51,0.81,us,us6000s78a,2026-02-25T12:28:56.154Z,"55 km S of Kangding, China",earthquake,8.48,1.871,0.083,44,reviewed,us,us
2026-02-08T05:58:16.434Z,6.762,126.1917,10,4.3,mb,19,139,0.681,0.77,us,us7000rzrq,2026-02-25T12:15:01.040Z,"11 km ENE of Talisay, Philippines",earthquake,6.73,1.953,0.137,15,reviewed,us,us
2026-02-08T05:26:50.888Z,-21.0289,-175.7596,159.694,4.5,mb,20,128,5.816,0.85,us,us6000s784,2026-02-25T11:43:31.040Z,"50 km WNW of Houma, Tonga",earthquake,9.27,10.428,0.121,20,reviewed,us,us
2026-02-08T05:20:45.342Z,36.3889,71.3348,96.749,4.3,mb,45,88,2.128,0.6,us,us6000s783,2026-03-04T06:21:08.040Z,"37 km SSW of Ashkāsham, Afghanistan",earthquake,8.3,6.136,0.087,37,reviewed,us,us
2026-02-08T03:01:55.980Z,32.0288,105.1487,10,4.1,mb,17,161,4.099,1,us,us7000rzrm,2026-02-26T02:58:43.040Z,"30 km W of Pu’an, China",earthquake,15.88,1.95,0.151,12,reviewed,us,us
2026-02-08T02:45:56.618Z,-20.7699,-178.5685,587.024,4.2,mb,29,134,4.386,0.55,us,us6000s77m,2026-02-26T02:49:45.040Z,"Fiji region",earthquake,15.91,8.863,0.106,27,reviewed,us,us
2026-02-08T02:38:23.224Z,-23.5238,-179.7798,566.409,4.2,mb,20,167,6.097,0.7,us,us7000rzrl,2026-02-26T02:44:41.040Z,"south of the Fiji Islands",earthquake,12.86,13.642,0.141,16,reviewed,us,us
2026-02-08T02:32:22.839Z,-16.3428,42.9206,10,4.7,mb,33,47,4.168,0.59,us,us6000s77i,2026-02-26T02:38:11.040Z,"224 km NNW of Maintirano, Madagascar",earthquake,9.26,1.876,0.123,20,reviewed,us,us
2026-02-08T01:59:35.155Z,36.3294,141.8739,35,4.6,mwr,56,134,2.963,0.78,us,us6000s77g,2026-03-28T01:20:27.040Z,"112 km ESE of Takahagi, Japan",earthquake,7.87,1.91,0.073,18,reviewed,us,us
2026-02-08T01:27:14.680Z,19.1801,-64.3848,24,3.72,md,21,291,0.6899,0.31,pr,pr2026039000,2026-02-26T02:19:02.040Z,"103 km NNE of Cruz Bay, U.S. Virgin Islands",earthquake,1.92,22.89,0.13,15,reviewed,pr,pr
2026-02-08T01:22:22.291Z,11.4246,-86.9603,35,4.4,mb,39,167,1.697,1.14,us,us6000s77a,2026-02-26T02:08:19.040Z,"63 km SW of Masachapa, Nicaragua",earthquake,4.18,1.99,0.077,48,reviewed,us,us
2026-02-08T00:57:01.396Z,-5.8139,153.9764,35,4.6,mb,28,119,2.421,0.87,us,us6000s778,2026-02-28T01:46:58.040Z,"175 km WNW of Panguna, Papua New Guinea",earthquake,11.64,1.928,0.109,25,reviewed,us,us
2026-02-08T00:29:09.006Z,-63.5443,169.1442,10,4.6,mb,11,128,14.229,0.85,us,us6000s775,2026-03-03T23:08:08.040Z,"Balleny Islands region",earthquake,12.36,1.889,0.182,9,reviewed,us,us
2026-02-08T00:20:23.376Z,38.0625,141.901,59.328,4.2,mb,22,149,2.799,1.07,us,us7000rzrh,2026-02-25T02:15:07.040Z,"58 km SE of Onagawa Chō, Japan",earthquake,5.6,9.465,0.159,11,reviewed,us,us
2026-02-08T00:06:24.877Z,53.3054,142.8029,10,4.7,mb,73,94,6.354,0.77,us,us6000s772,2026-02-27T22:58:47.040Z,"14 km SW of Tungor, Russia",earthquake,9.37,1.874,0.073,56,reviewed,us,us
2026-02-07T23:49:09.351Z,-23.7689,-179.8944,504.412,4.4,mb,35,114,6.294,1.16,us,us6000s76x,2026-02-27T22:49:37.040Z,"south of the Fiji Islands",earthquake,15.06,11.032,0.115,23,reviewed,us,us
2026-02-07T23:35:13.287Z,0.6379,126.5941,45.96,4.7,mb,60,73,4.897,0.8,us,us6000s76v,2026-02-27T22:39:31.040Z,"89 km W of Ternate, Indonesia",earthquake,7.88,7.645,0.08,47,reviewed,us,us
2026-02-07T22:39:24.522Z,7.5109,127.0136,13.583,4.3,mb,21,112,1.489,0.83,us,us6000sahi,2026-03-27T01:53:23.040Z,"47 km E of Baculin, Philippines",earthquake,9.64,5.022,0.133,16,reviewed,us,us
2026-02-07T22:33:19.713Z,35.2567,23.2278,54.463,4.9,mww,76,70,2.188,0.68,us,us6000s76s,2026-03-02T03:38:00.040Z,"41 km W of Palaióchora, Greece",earthquake,7.62,6.423,0.083,14,reviewed,us,us
2026-02-07T22:32:50.469Z,5.0478,126.8412,73.82,4.4,mb,29,155,2.368,0.49,us,us6000sahh,2026-03-27T02:57:47.040Z,"157 km ESE of Sarangani, Philippines",earthquake,10.69,7.923,0.117,23,reviewed,us,us
2026-02-07T20:42:39.728Z,-17.0754,40.5608,10,4.8,mb,60,55,6.197,0.4,us,us6000s76k,2026-03-02T03:26:03.040Z,"116 km SE of António Enes, Mozambique",earthquake,10.34,1.874,0.071,62,reviewed,us,us
2026-02-07T20:00:45.795Z,53.0527,161.182,25.26,4.6,mb,84,120,1.529,0.52,us,us6000s76f,2026-03-02T03:22:48.040Z,"171 km E of Petropavlovsk-Kamchatsky, Russia",earthquake,12.13,5.769,0.06,82,reviewed,us,us
2026-02-07T19:11:48.838Z,-6.9585,130.3384,96.117,4.3,mb,23,62,2.458,0.71,us,us6000s767,2026-03-02T02:31:01.040Z,"Banda Sea",earthquake,8.76,8.296,0.147,13,reviewed,us,us
2026-02-07T17:47:57.567Z,-23.2098,171.9967,10,4.5,mb,24,88,4.237,0.72,us,us6000sahg,2026-04-01T13:35:19.040Z,"southeast of the Loyalty Islands",earthquake,6.81,1.893,0.124,22,reviewed,us,us
2026-02-07T15:47:50.482Z,-2.5662,140.3296,26.25,4.6,mb,45,52,0.377,0.71,us,us6000sahf,2026-04-01T13:41:23.040Z,"33 km W of Abepura, Indonesia",earthquake,6.82,8.787,0.095,33,reviewed,us,us
2026-02-07T15:01:17.349Z,10.1175,-83.1196,10,4.2,mb,23,140,0.949,0.77,us,us6000sahe,2026-03-03T20:08:42.040Z,"16 km NNW of Limón, Costa Rica",earthquake,6.89,1.953,0.121,20,reviewed,us,us
2026-02-07T14:58:46.671Z,60.367,-152.76,115.5,3.5,ml,175,32,0.1,1,ak,ak2026crbqzu,2026-03-01T15:27:05.040Z,"70 km WNW of Ninilchik, Alaska",earthquake,2.4,1.5392,0.4,109,reviewed,ak,ak
2026-02-07T14:48:25.091Z,18.312,145.1787,488.64,3.8,mb,20,146,3.109,0.52,us,us6000sahb,2026-03-27T15:59:44.040Z,"Pagan region, Northern Mariana Islands",earthquake,18.08,13.167,0.132,15,reviewed,us,us
2026-02-07T13:05:24.212Z,27.381,88.1413,10,4.6,mb,64,66,3.5,0.76,us,us6000s757,2026-03-01T15:02:44.230Z,"15 km NW of Gyalshing, India",earthquake,7.99,1.864,0.068,65,reviewed,us,us
2026-02-07T12:52:02.179Z,2.7893,-84.2575,10,4.5,mb,43,94,6.333,0.63,us,us6000s756,2026-02-25T11:34:17.040Z,"off the coast of Central America",earthquake,9.15,1.928,0.091,35,reviewed,us,us
2026-02-07T12:37:47.079Z,-17.3937,-70.4334,126.549,4.4,mb,33,152,0.976,1.22,us,us6000s753,2026-02-25T11:13:58.040Z,"7 km W of Totoral, Peru",earthquake,8.42,6.506,0.11,24,reviewed,us,us
2026-02-07T12:13:06.150Z,18.9551,-68.5601,45,3.92,md,24,163,0.476,0.65,pr,pr2026038000,2026-02-25T11:07:00.040Z,"35 km NNE of Otra Banda, Dominican Republic",earthquake,2.18,4.3,0.09,22,reviewed,pr,pr
2026-02-07T12:05:51.932Z,2.7379,-84.3516,10,5,mww,85,79,6.4,0.73,us,us6000s74z,2026-03-04T07:41:28.040Z,"off the coast of Central America",earthquake,8.52,1.899,0.049,40,reviewed,us,us
2026-02-07T11:03:18.249Z,-44.5482,38.2051,10,5.2,mb,98,44,9.771,0.81,us,us6000s74p,2026-02-22T13:06:48.040Z,"Prince Edward Islands region",earthquake,10.7,1.778,0.061,90,reviewed,us,us
2026-02-07T09:52:36.949Z,63.208,-150.621,118.2,3.6,ml,186,22,0.7,0.9,ak,ak2026cqrnfm,2026-02-22T12:09:10.040Z,"66 km SE of Denali National Park, Alaska",earthquake,1.8,1.8039,0.4,121,reviewed,ak,ak
2026-02-07T09:10:40.629Z,34.5798,25.495,56.757,4.1,mb,28,119,0.864,1.2,us,us6000saha,2026-02-21T12:07:39.040Z,"50 km SSW of Néa Anatolí, Greece",earthquake,6.85,7.612,0.106,24,reviewed,us,us
2026-02-07T07:49:11.705Z,-57.7833,-23.6996,10,4.4,mb,16,97,7.972,0.51,us,us6000sah1,2026-02-21T06:16:07.040Z,"South Sandwich Islands region",earthquake,9.68,1.893,0.144,14,reviewed,us,us
2026-02-07T06:58:01.633Z,-18.0497,-178.285,634.768,4.2,mb,17,235,2.732,0.67,us,us6000sah0,2026-02-21T06:10:20.040Z,"253 km E of Levuka, Fiji",earthquake,23.88,21.396,0.141,14,reviewed,us,us
2026-02-07T06:36:37.796Z,51.5607,178.5677,56.233,3.9,mb,69,183,0.372,0.77,us,us6000s7hy,2026-02-21T05:58:49.040Z,"Rat Islands, Aleutian Islands, Alaska",earthquake,5.97,6.966,0.103,25,reviewed,us,us
2026-02-07T02:14:13.144Z,52.4902,160.8273,10,4.5,mb,23,176,1.427,1.2,us,us6000s72y,2026-02-26T01:52:44.040Z,"161 km ESE of Petropavlovsk-Kamchatsky, Russia",earthquake,11.33,1.96,0.163,12,reviewed,us,us
2026-02-07T01:21:55.898Z,-42.8924,42.2726,10,4.9,mb,21,62,19.788,0.73,us,us6000sagt,2026-02-26T01:38:16.040Z,"Prince Edward Islands region",earthquake,13.23,1.848,0.145,19,reviewed,us,us
2026-02-07T01:11:34.846Z,-22.4505,170.2781,10,4.5,mb,18,190,2.623,0.86,us,us6000sagu,2026-02-26T01:18:57.040Z,"267 km ESE of Tadine, New Caledonia",earthquake,10.36,1.983,0.181,10,reviewed,us,us
2026-02-06T23:32:15.499Z,53.5199,-165.4492,42.077,4.2,mwr,40,163,0.61,1.01,us,us6000s71y,2026-03-26T23:22:29.040Z,"71 km SSE of Akutan, Alaska",earthquake,5.07,6.949,0.08,15,reviewed,us,us
2026-02-06T23:04:50.850Z,-7.8592,130.2813,10,4.3,mb,16,118,3.336,1.11,us,us6000sage,2026-03-02T05:59:00.040Z,"Pulau Pulau Tanimbar, Indonesia",earthquake,14.59,1.928,0.168,11,reviewed,us,us
2026-02-06T23:03:10.426Z,-7.8242,130.1568,23.022,4.3,mb,13,106,5.079,0.56,us,us6000sagj,2026-03-26T23:23:46.040Z,"Pulau Pulau Tanimbar, Indonesia",earthquake,10.77,7.123,0.238,6,reviewed,us,us
2026-02-06T22:09:27.698Z,-7.9277,130.0847,10,4.3,mb,10,124,4.992,1,us,us6000sagg,2026-03-27T02:35:56.040Z,"Pulau Pulau Tanimbar, Indonesia",earthquake,10.54,1.53,0.307,3,reviewed,us,us
2026-02-06T21:20:15.160Z,-7.6894,130.151,24.03,5.7,mww,108,22,3.156,0.84,us,us6000s711,2026-03-26T23:31:28.680Z,"Pulau Pulau Tanimbar, Indonesia",earthquake,7.47,3.699,0.061,26,reviewed,us,us
2026-02-06T20:58:32.311Z,53.3001,-165.209,45.912,3.7,mb,57,169,0.862,0.74,us,us6000s70t,2026-03-03T19:27:05.040Z,"100 km SSE of Akutan, Alaska",earthquake,4.86,3.655,0.134,14,reviewed,us,us
2026-02-06T20:15:50.814Z,56.7874,-34.4153,10,4.3,mb,23,105,7.176,0.71,us,us6000sagh,2026-03-03T19:22:07.040Z,"Reykjanes Ridge",earthquake,11.07,1.909,0.119,22,reviewed,us,us
2026-02-06T19:15:52.295Z,37.3801,71.9947,178.511,4,mb,24,145,1.009,0.44,us,us6000saga,2026-02-28T17:01:11.040Z,"40 km ESE of Khorugh, Tajikistan",earthquake,8.62,7.678,0.195,7,reviewed,us,us
2026-02-06T18:59:05.782Z,33.4397,137.5091,327.974,3.8,mb,42,121,1.946,0.88,us,us6000sag9,2026-02-28T16:36:13.040Z,"117 km SSE of Shima, Japan",earthquake,11.66,6.792,0.088,34,reviewed,us,us
2026-02-06T18:45:39.464Z,2.1973,129.1211,17.425,4.3,mb,29,119,3.716,0.75,us,us6000s707,2026-02-28T15:35:23.040Z,"134 km ENE of Tobelo, Indonesia",earthquake,10.4,4.99,0.114,26,reviewed,us,us
2026-02-06T18:07:40.333Z,34.8902,25.9171,10,4.3,mb,87,119,0.931,0.74,us,us6000s6xt,2026-02-27T23:25:39.040Z,"20 km SE of Ierápetra, Greece",earthquake,3.37,1.837,0.064,70,reviewed,us,us
2026-02-06T17:56:52.094Z,38.2343,144.136,10,4.5,mb,47,142,3.486,0.59,us,us6000s6xq,2026-02-27T23:22:25.040Z,"228 km ESE of Kamaishi, Japan",earthquake,3.34,1.91,0.094,36,reviewed,us,us
2026-02-06T17:32:07.339Z,34.8513,25.9695,19.414,4.3,mb,61,115,0.987,0.5,us,us6000sagb,2026-02-25T23:09:13.040Z,"27 km SE of Ierápetra, Greece",earthquake,5.14,3.872,0.072,54,reviewed,us,us
2026-02-06T16:20:09.806Z,50.6773,160.111,10,4.8,mb,69,123,2.518,0.59,us,us6000s6x6,2026-03-27T16:04:22.040Z,"268 km ESE of Ozernovskiy, Russia",earthquake,9.99,1.868,0.038,217,reviewed,us,us
2026-02-06T15:58:26.374Z,35.9714,139.6594,95.221,4.2,mwr,71,106,1.308,0.64,us,us6000s6x3,2026-03-01T14:03:36.921Z,"0 km E of Hasuda, Japan",earthquake,5.76,5.591,0.089,12,reviewed,us,us
2026-02-06T14:05:14.863Z,27.5818,141.5681,51.615,4.6,mb,92,78,0.731,0.55,us,us6000sag6,2026-03-03T10:56:43.040Z,"Bonin Islands, Japan region",earthquake,5.45,7.366,0.056,96,reviewed,us,us
2026-02-06T12:47:58.125Z,3.8897,125.8142,141.048,4.4,mb,42,101,7.204,0.81,us,us6000sag4,2026-03-03T09:59:12.040Z,"171 km SSE of Sarangani, Philippines",earthquake,11.75,8.058,0.098,30,reviewed,us,us
2026-02-06T11:31:53.472Z,51.1674,-169.1719,18.702,3.7,mb,62,184,1.657,0.76,us,us6000s7wj,2026-03-02T15:08:28.040Z,"198 km S of Nikolski, Alaska",earthquake,8.21,7.297,0.069,54,reviewed,us,us
2026-02-06T11:16:16.640Z,39.7189,38.7885,10,4.7,mwr,92,62,0.717,0.58,us,us6000s6wg,2026-03-03T16:00:37.040Z,"19 km S of Refahiye, Turkey",earthquake,4.73,1.859,0.052,35,reviewed,us,us
2026-02-06T10:21:57.237Z,59.808,-154.318,187.8,3.5,ml,158,37,0.5,0.9,ak,ak2026cowtps,2026-03-05T08:36:54.040Z,"12 km W of Pedro Bay, Alaska",earthquake,2.8,1.4754,0.4,102,reviewed,ak,ak
2026-02-06T09:45:56.610Z,52.0645,158.2875,82.898,4.6,mb,136,121,0.986,0.54,us,us6000s6w7,2026-03-05T14:37:49.040Z,"96 km S of Vilyuchinsk, Russia",earthquake,9.82,6.535,0.039,196,reviewed,us,us
2026-02-06T09:08:27.148Z,-21.3605,169.7486,85.248,4.6,mb,21,152,2.473,0.78,us,us6000sag1,2026-03-05T16:26:34.040Z,"194 km E of Tadine, New Caledonia",earthquake,9.6,9.412,0.145,14,reviewed,us,us
2026-02-06T08:51:50.655Z,-2.7375,100.208,28.834,4.3,mb,26,109,3.181,0.5,us,us6000sag0,2026-02-21T11:32:04.040Z,"104 km SE of Tuapejat, Indonesia",earthquake,10.6,5.671,0.138,15,reviewed,us,us
2026-02-06T08:22:12.290Z,-24.2104,-67.2843,188.982,4.2,mb,17,120,1.498,0.95,us,us6000s6vu,2026-03-28T05:01:27.040Z,"98 km W of San Antonio de los Cobres, Argentina",earthquake,11.22,15.112,0.199,7,reviewed,us,us
2026-02-06T07:47:38.814Z,-24.7518,179.6853,529.476,4.8,mb,33,121,7.136,0.85,us,us6000s6vt,2026-02-21T11:17:32.040Z,"south of the Fiji Islands",earthquake,7.54,9.483,0.111,25,reviewed,us,us
2026-02-06T07:22:48.138Z,-20.9238,68.5067,10,4.4,mb,28,67,4.958,0.91,us,us6000safy,2026-02-21T11:10:32.040Z,"Mid-Indian Ridge",earthquake,12.22,1.879,0.117,21,reviewed,us,us
2026-02-06T05:57:06.505Z,53.3525,160.0611,55.644,4.6,mb,59,115,0.911,1.06,us,us6000s6vj,2026-02-21T07:51:13.040Z,"101 km ENE of Petropavlovsk-Kamchatsky, Russia",earthquake,4.6,7.641,0.044,157,reviewed,us,us
2026-02-06T05:39:19.532Z,-28.1612,74.1348,10,4.3,mb,23,108,18.436,0.99,us,us6000safv,2026-02-21T07:47:28.040Z,"Mid-Indian Ridge",earthquake,6.22,1.917,0.129,17,reviewed,us,us
2026-02-06T05:35:10.159Z,3.2771,126.9192,40.274,4.4,mb,26,107,3.997,0.78,us,us6000safw,2026-02-21T07:38:29.040Z,"209 km NW of Tobelo, Indonesia",earthquake,7.38,8.291,0.12,20,reviewed,us,us
2026-02-06T05:31:43.017Z,35.804,23.035,55.935,4.3,mb,37,119,1.598,1.08,us,us6000s6vi,2026-02-21T07:33:45.040Z,"38 km S of Kýthira, Greece",earthquake,6.06,9.136,0.091,34,reviewed,us,us
2026-02-06T04:53:27.134Z,-18.314,-177.6801,482.874,4.2,mb,20,168,3.356,0.36,us,us6000safu,2026-02-25T05:21:21.040Z,"Fiji region",earthquake,19.62,11.827,0.136,17,reviewed,us,us
2026-02-06T04:24:32.907Z,53.0593,160.0124,57.768,5.1,mww,113,100,0.823,1.18,us,us6000s6ve,2026-02-25T05:11:22.040Z,"92 km E of Petropavlovsk-Kamchatsky, Russia",earthquake,8.09,4.624,0.11,8,reviewed,us,us
2026-02-06T03:44:54.252Z,-28.8387,-68.7771,110.911,4.9,mww,102,38,1.615,1.04,us,us6000s6v4,2026-03-28T00:49:37.040Z,"56 km W of Vinchina, Argentina",earthquake,6.19,4.767,0.057,30,reviewed,us,us
2026-02-06T02:40:01.285Z,-20.5914,-70.0786,26.12,4.1,mwr,30,125,0.238,1.04,us,us6000s6uu,2026-03-28T00:47:45.040Z,"34 km S of La Tirana, Chile",earthquake,4.16,5.544,0.06,27,reviewed,us,us
2026-02-06T02:27:55.084Z,50.0245,157.2287,35,4.6,mb,43,136,3.102,0.94,us,us6000s6uv,2026-02-25T04:14:34.040Z,"106 km SE of Severo-Kuril’sk, Russia",earthquake,9.07,1.902,0.095,33,reviewed,us,us
2026-02-06T02:27:23.647Z,-20.5761,-70.1535,35,4.6,mwr,46,134,0.243,1.22,us,us6000s6us,2026-03-28T00:44:31.040Z,"32 km S of La Tirana, Chile",earthquake,4.5,1.903,0.05,39,reviewed,us,us
2026-02-06T02:24:56.221Z,37.8814,76.6055,10,4.5,mb,55,97,3.279,0.97,us,us6000s6ut,2026-02-25T04:03:04.040Z,"8 km WNW of Huoshilafu, China",earthquake,7.83,1.875,0.086,39,reviewed,us,us
2026-02-06T01:49:37.605Z,32.9808,83.2836,10,4.1,mb,25,148,7.461,1.32,us,us6000safs,2026-03-28T00:42:30.040Z,"western Xizang",earthquake,7.66,2.288,0.151,12,reviewed,us,us
2026-02-06T01:34:13.135Z,35.3208,22.5554,58.491,4,mb,39,175,1.91,0.96,us,us6000s6um,2026-02-25T03:19:40.040Z,"99 km SSW of Kýthira, Greece",earthquake,9.06,12.111,0.139,14,reviewed,us,us
2026-02-06T00:33:06.470Z,23.4869,94.9447,10,5.2,mb,67,44,2.27,1.02,us,us6000s6ug,2026-03-01T05:30:19.040Z,"57 km ESE of Mawlaik, Burma (Myanmar)",earthquake,6.63,1.827,0.065,77,reviewed,us,us
2026-02-06T00:04:42.528Z,-26.0327,178.4696,595.318,4.1,mb,24,145,8.257,0.61,us,us6000safr,2026-03-26T23:27:14.040Z,"south of the Fiji Islands",earthquake,12.74,9.69,0.14,18,reviewed,us,us
2026-02-06T00:01:56.872Z,-26.1488,178.6666,582.461,4.5,mb,39,124,8.383,0.85,us,us6000s6ub,2026-03-01T05:18:41.040Z,"south of the Fiji Islands",earthquake,15.57,9.064,0.124,19,reviewed,us,us
2026-02-05T22:47:43.046Z,52.8772,160.4813,34.399,4,mb,37,137,1.118,1.08,us,us6000safg,2026-03-01T05:01:49.040Z,"126 km E of Petropavlovsk-Kamchatsky, Russia",earthquake,11.54,6.098,0.113,26,reviewed,us,us
2026-02-05T21:00:27.444Z,32.9015,83.1724,10,4.3,mb,20,166,7.516,0.75,us,us6000s6t9,2026-03-27T02:47:20.040Z,"western Xizang",earthquake,10.25,1.813,0.119,20,reviewed,us,us
2026-02-05T20:50:42.049Z,27.0951,88.1766,10,4.4,mb,48,157,3.675,0.65,us,us6000s6t5,2026-02-27T19:09:22.040Z,"7 km WSW of Naya Bāzār, India",earthquake,10.64,1.91,0.088,37,reviewed,us,us
2026-02-05T19:53:10.390Z,40.411333333333,-111.9285,5.56,3.5,ml,58,41,0.02754,0.2,uu,uu80128996,2026-03-26T16:13:32.245Z,"6 km WNW of Lehi, Utah",earthquake,0.26,0.43,0.1192213720348,38,reviewed,uu,uu
2026-02-05T19:39:28.253Z,27.2775,88.1055,10,4.6,mb,73,73,3.594,0.87,us,us6000s6si,2026-02-27T18:57:52.119Z,"15 km W of Gyalshing, India",earthquake,7.57,1.478,0.068,64,reviewed,us,us
2026-02-05T19:33:33.035Z,51.6399,177.3339,57.706,4,mb,58,192,0.794,0.92,us,us6000s6su,2026-02-27T19:06:55.040Z,"Rat Islands, Aleutian Islands, Alaska",earthquake,7.57,7.534,0.083,39,reviewed,us,us
2026-02-05T18:36:41.253Z,7.3371,123.7422,584.029,4.3,mb,53,67,1.842,0.63,us,us6000s6rr,2026-02-27T18:40:33.040Z,"32 km W of Litayan, Philippines",earthquake,13,9.158,0.078,47,reviewed,us,us
2026-02-05T18:15:51.506Z,9.9608,125.5946,162.508,5,mb,88,102,2.873,0.79,us,us6000s6q8,2026-02-27T18:38:44.040Z,"0 km NNE of Dinagat, Philippines",earthquake,9.27,6.135,0.05,128,reviewed,us,us
2026-02-05T18:09:49.236Z,36.4973,70.1329,226.436,4.1,mb,27,120,2.139,0.75,us,us6000s6q0,2026-02-27T18:34:00.040Z,"26 km ESE of Farkhār, Afghanistan",earthquake,8.59,9.61,0.144,14,reviewed,us,us
2026-02-05T18:06:10.133Z,-8.8606,111.2205,40,5.8,mww,123,25,2.924,0.93,us,us6000s6ne,2026-03-26T15:29:17.159Z,"101 km SSW of Trenggalek, Indonesia",earthquake,3.43,1.906,0.053,34,reviewed,us,us
2026-02-05T18:05:15.360Z,32.3409,-104.4501,8.802,3.7,mwr,36,72,0.49,0.4,us,us6000s6n4,2026-02-23T19:15:22.719Z,"19 km NNW of Whites City, New Mexico",earthquake,3.35,8.498,0.066,22,reviewed,us,us
2026-02-05T17:04:10.817Z,52.0637,-168.6185,10.852,3.7,mb,41,190,0.921,0.71,us,us6000safc,2026-03-26T16:50:41.040Z,"98 km S of Nikolski, Alaska",earthquake,6.01,5.795,0.101,25,reviewed,us,us
2026-02-05T16:53:12.923Z,-24.2185,-66.9325,203.97,4.6,mb,29,82,1.702,0.93,us,us6000s6lt,2026-02-28T22:15:28.040Z,"62 km W of San Antonio de los Cobres, Argentina",earthquake,9.15,8.836,0.141,15,reviewed,us,us
2026-02-05T16:14:34.615Z,-18.1566,-178.4207,581,4.5,mb,26,250,2.691,1.03,us,us6000saf7,2026-02-28T21:37:18.040Z,"239 km E of Levuka, Fiji",earthquake,26.36,25.326,0.113,23,reviewed,us,us
2026-02-05T16:05:13.628Z,-17.9506,-178.4496,588.48,5.2,mww,66,80,2.547,0.52,us,us6000s6lk,2026-02-28T21:27:56.040Z,"236 km E of Levuka, Fiji",earthquake,12.41,7.305,0.098,10,reviewed,us,us
2026-02-05T15:47:02.426Z,-0.3422,124.4125,95.898,4.5,mb,26,83,4.835,1.18,us,us6000saf5,2026-03-27T16:06:47.040Z,"87 km S of Modisi, Indonesia",earthquake,4.11,10.085,0.116,22,reviewed,us,us
2026-02-05T15:08:36.817Z,-7.4238,128.5463,163.679,4.4,mb,29,84,3.183,0.53,us,us6000s6lg,2026-02-28T20:55:51.040Z,"209 km NE of Lospalos, Timor Leste",earthquake,8.95,8.171,0.102,28,reviewed,us,us
2026-02-05T14:30:14.300Z,-19.8771,170.1446,10,4.5,mb,16,212,3.707,0.5,us,us6000saf3,2026-03-27T16:08:38.040Z,"97 km ESE of Isangel, Vanuatu",earthquake,6.63,1.979,0.144,14,reviewed,us,us
2026-02-05T12:52:57.551Z,-5.2994,151.4408,110.608,4.5,mb,50,91,1.316,0.66,us,us6000s6ky,2026-02-27T08:22:31.040Z,"140 km SW of Kokopo, Papua New Guinea",earthquake,8.9,7.31,0.091,35,reviewed,us,us
2026-02-05T12:49:30.330Z,40.405333333333,-125.538,10,4.68,mw,157,245,0.9133,0.34,nc,nc75308927,2026-04-02T12:59:44.839Z,"107 km W of Petrolia, CA",earthquake,1.29,31.61,,33,reviewed,nc,nc
2026-02-05T11:29:51.275Z,-29.3403,-178.9983,301.223,4.2,mb,30,189,8.503,0.88,us,us6000saey,2026-03-31T13:45:05.040Z,"Kermadec Islands, New Zealand",earthquake,8.14,7.726,0.146,16,reviewed,us,us
2026-02-05T09:52:24.829Z,16.8032,-93.8081,155.321,4.3,mb,56,85,0.605,0.98,us,us6000s6km,2026-03-31T12:16:34.040Z,"5 km W of Francisco I. Madero, Mexico",earthquake,6.22,7.531,0.064,68,reviewed,us,us
2026-02-05T09:01:43.835Z,-21.4016,-70.075,78.101,4.3,mb,35,115,0.186,1.16,us,us6000s6kd,2026-02-27T07:33:03.973Z,"77 km N of Tocopilla, Chile",earthquake,5.58,5.964,0.168,10,reviewed,us,us
2026-02-05T08:39:41.504Z,44.8017,79.757,10,4.7,mb,84,44,1.487,0.51,us,us6000s6kb,2026-02-24T18:35:48.436Z,"69 km S of Sarkand, Kazakhstan",earthquake,5.48,1.881,0.065,73,reviewed,us,us
2026-02-05T08:33:05.266Z,39.8399,143.1421,35,4.5,mb,30,135,1.85,0.66,us,us6000saew,2026-04-02T06:03:04.040Z,"105 km ENE of Miyako, Japan",earthquake,6.7,2.332,0.115,22,reviewed,us,us
2026-02-05T07:42:41.685Z,53.0298,160.1325,43.613,4,mb,32,117,0.896,0.54,us,us6000saet,2026-02-21T05:47:47.040Z,"101 km E of Petropavlovsk-Kamchatsky, Russia",earthquake,10.27,7.892,0.111,22,reviewed,us,us
2026-02-05T07:31:42.389Z,18.1138,-71.8215,10,4.3,mb,33,80,1.001,0.69,us,us6000s6k6,2026-02-21T05:27:57.040Z,"10 km NW of Anse-à-Pitre, Haiti",earthquake,4.7,1.985,0.188,8,reviewed,us,us
2026-02-05T07:21:23.310Z,-5.5377,147.1472,193.322,4.5,mb,27,104,3.478,0.58,us,us6000s6k5,2026-04-02T06:01:57.040Z,"132 km N of Lae, Papua New Guinea",earthquake,8.9,11.755,0.124,19,reviewed,us,us
2026-02-05T05:39:47.267Z,13.091,-89.2605,65.324,4.3,mb,97,163,0.694,0.76,us,us6000s6jv,2026-02-21T05:03:49.624Z,"44 km S of La Libertad, El Salvador",earthquake,4.07,8.244,0.058,85,reviewed,us,us
2026-02-05T04:58:49.171Z,51.8602,161.3949,10,4.1,mb,15,221,2.044,0.9,us,us6000saer,2026-02-21T00:05:19.040Z,"230 km SE of Petropavlovsk-Kamchatsky, Russia",earthquake,10.71,2.003,0.198,8,reviewed,us,us
2026-02-05T04:19:59.982Z,6.2147,123.904,539.543,4.2,mb,76,82,7.802,0.64,us,us6000s6jp,2026-02-27T22:33:04.040Z,"29 km SSW of Sangay, Philippines",earthquake,12.08,10.322,0.068,60,reviewed,us,us
2026-02-05T03:05:18.904Z,-21.4084,-68.5748,129.935,4.1,mb,19,73,0.731,0.6,us,us6000s6ji,2026-02-27T22:27:39.040Z,"39 km WSW of Ollagüe, Chile",earthquake,5.09,6.576,0.151,12,reviewed,us,us
2026-02-05T02:11:21.302Z,42.0485,142.5518,73.622,4.1,mb,28,94,0.452,0.64,us,us6000s6je,2026-02-26T02:54:48.040Z,"22 km WSW of Urakawa, Japan",earthquake,7.07,8.929,0.136,15,reviewed,us,us
2026-02-05T01:39:44.818Z,-50.1567,130.2227,10,4.4,mb,13,200,16.674,0.98,us,us6000saep,2026-02-20T23:54:24.040Z,"western Indian-Antarctic Ridge",earthquake,13.59,1.93,0.155,12,reviewed,us,us
2026-02-05T00:32:03.734Z,-6.4108,153.3517,10,4.6,mb,39,100,2.502,0.51,us,us6000saen,2026-03-03T01:14:48.040Z,"236 km W of Panguna, Papua New Guinea",earthquake,9.41,1.905,0.099,30,reviewed,us,us
2026-02-05T00:25:27.614Z,-22.2466,-176.3416,115.979,4.6,mb,46,138,21.844,0.66,us,us6000s6j1,2026-03-02T23:40:32.040Z,"160 km SW of Houma, Tonga",earthquake,16.35,7.442,0.086,40,reviewed,us,us
2026-02-05T00:19:47.021Z,35.5677,140.4113,59.956,4.5,mwr,86,95,2.032,0.61,us,us6000s6ix,2026-03-26T00:23:29.040Z,"3 km S of Narutō, Japan",earthquake,5.92,5.504,0.075,17,reviewed,us,us
2026-02-05T00:00:09.642Z,-7.4668,128.5473,148.144,4.2,mb,15,109,4.804,0.61,us,us6000saem,2026-03-02T02:45:11.040Z,"206 km NE of Lospalos, Timor Leste",earthquake,7.73,9.644,0.175,9,reviewed,us,us
2026-02-04T22:11:00.589Z,40.6502,20.8832,10,4.1,mb,27,54,1.04,0.91,us,us6000s6ia,2026-02-25T23:17:22.040Z,"8 km NE of Mborje, Albania",earthquake,2.96,1.896,0.185,8,reviewed,us,us
2026-02-04T22:05:57.300Z,14.9685,-91.4424,187.706,4.2,mb,30,177,1.467,0.71,us,us6000s6i8,2026-02-25T05:08:58.040Z,"2 km N of San Francisco El Alto, Guatemala",earthquake,9.61,6.613,0.11,23,reviewed,us,us
2026-02-04T21:34:24.660Z,6.2825,123.921,10,4.5,mb,50,65,1.823,0.47,us,us6000s6k7,2026-02-25T03:42:58.040Z,"22 km SW of Sangay, Philippines",earthquake,9.24,1.918,0.088,38,reviewed,us,us
2026-02-04T21:04:17.149Z,-7.3439,128.7825,161.698,4.2,mb,25,78,5.067,0.44,us,us6000s6hy,2026-02-25T02:54:12.040Z,"235 km ENE of Lospalos, Timor Leste",earthquake,9.51,9.049,0.128,17,reviewed,us,us
2026-02-04T18:50:28.793Z,40.7265,20.8819,10,4.1,mb,36,84,0.989,0.89,us,us6000s6ha,2026-02-20T05:12:02.722Z,"14 km NW of Bilisht, Albania",earthquake,5.24,1.97,0.37,2,reviewed,us,us
2026-02-04T18:39:44.492Z,24.7625,95.2248,132.44,4.5,mb,66,70,3.551,0.78,us,us6000s6h9,2026-02-19T20:50:39.040Z,"119 km E of Wāngjing, India",earthquake,11.79,6.958,0.077,49,reviewed,us,us
2026-02-04T18:20:43.606Z,29.1002,130.3666,29,5.5,mww,147,33,2.402,0.55,us,us6000s6gs,2026-03-12T19:38:53.388Z,"103 km NE of Tatsugō, Japan",earthquake,6.14,1.799,0.069,20,reviewed,us,us
2026-02-04T17:17:50.439Z,27.2906,52.5028,10,4.7,mb,92,55,4.065,0.47,us,us6000s6fr,2026-02-19T20:35:21.040Z,"47 km SW of Mohr, Iran",earthquake,6.41,1.727,0.061,80,reviewed,us,us
2026-02-04T16:38:25.528Z,-7.7685,123.9206,273.8,4.3,mb,11,132,2.004,0.38,us,us6000s6fl,2026-03-17T22:13:36.040Z,"166 km NNW of Pante Makasar, Timor Leste",earthquake,11.43,10.164,0.177,9,reviewed,us,us
2026-02-04T15:36:36.460Z,18.4273,-68.7906,111,3.69,md,12,226,0.4183,0.29,pr,pr2026035000,2026-02-20T23:16:53.040Z,"12 km W of San Rafael del Yuma, Dominican Republic",earthquake,6.41,2.4,0.13,6,reviewed,pr,pr
2026-02-04T15:24:45.956Z,61.494,-151.533,97.3,4.4,ml,219,19,0.1,0.9,ak,ak2026clpiur,2026-02-20T23:26:50.794Z,"46 km NNW of Beluga, Alaska",earthquake,1.6,1.3662,0.3,140,reviewed,ak,ak
2026-02-04T13:16:46.533Z,17.4156,145.9159,178.986,4.3,mb,21,164,2.166,0.76,us,us6000sa8g,2026-02-25T08:16:34.040Z,"244 km N of Saipan, Northern Mariana Islands",earthquake,16.24,11.021,0.122,19,reviewed,us,us
2026-02-04T13:14:48.063Z,11.936,123.7661,10,4.7,mb,51,123,11.12,0.77,us,us6000s6e2,2026-02-24T13:24:34.040Z,"3 km ESE of Recodo, Philippines",earthquake,8.77,1.898,0.09,37,reviewed,us,us
2026-02-04T11:08:19.850Z,2.5718,-95.1898,9.803,4.9,mb,120,173,5.867,0.47,us,us6000s6dc,2026-02-20T13:09:53.040Z,"Galapagos Islands, Ecuador region",earthquake,12.93,5.826,0.039,201,reviewed,us,us
2026-02-04T10:39:28.490Z,-29.526,-178.597,167,6.1,mww,249,42,8.933,0.6,us,us6000s6cx,2026-02-20T13:10:46.251Z,"Kermadec Islands, New Zealand",earthquake,11.14,1.912,0.045,48,reviewed,us,us
2026-02-04T08:01:53.319Z,-22.1079,-68.9558,110.155,4.8,mb,55,48,0.408,1.11,us,us6000s6ca,2026-02-23T14:32:44.040Z,"38 km N of Calama, Chile",earthquake,4.87,5.803,0.057,96,reviewed,us,us
2026-02-04T07:11:28.517Z,9.3095,126.4767,26.429,5,mb,67,73,2.396,0.98,us,us6000s6c6,2026-03-20T14:40:11.040Z,"31 km E of Cortes, Philippines",earthquake,7.59,4.977,0.063,80,reviewed,us,us
2026-02-04T06:46:06.662Z,50.0518,158.721,10,4.7,mb,53,135,2.976,0.67,us,us6000s6c2,2026-02-23T09:20:29.040Z,"197 km ESE of Severo-Kuril’sk, Russia",earthquake,9.6,1.902,0.063,76,reviewed,us,us
2026-02-04T06:26:07.627Z,33.0096,83.2744,10,4.9,mb,62,78,7.48,0.74,us,us6000s6by,2026-02-23T09:09:05.040Z,"western Xizang",earthquake,9.06,1.793,0.089,39,reviewed,us,us
2026-02-04T06:06:41.995Z,51.5478,178.4201,68.787,4.1,mb,30,188,0.395,0.32,us,us6000s6xg,2026-02-11T09:42:21.040Z,"Rat Islands, Aleutian Islands, Alaska",earthquake,6.29,7.689,0.185,8,reviewed,us,us
2026-02-04T05:51:11.675Z,57.973,-151.796,5,3.7,ml,121,154,0.5,1,ak,ak2026ckwipu,2026-03-20T14:12:44.040Z,"41 km ENE of Kodiak, Alaska",earthquake,3.6,0,0.3,76,reviewed,ak,ak
2026-02-04T05:07:26.635Z,-21.6656,-177.9601,387.649,4.8,mb,57,131,5.414,0.94,us,us6000s6bs,2026-02-24T09:51:49.040Z,"280 km W of Houma, Tonga",earthquake,12.29,6.182,0.053,110,reviewed,us,us
2026-02-04T04:25:54.539Z,-5.6151,150.0873,141.693,5,mww,57,65,2.506,0.95,us,us6000s6bp,2026-03-17T22:12:23.040Z,"9 km SW of Kimbe, Papua New Guinea",earthquake,8.01,7.248,0.073,18,reviewed,us,us
2026-02-04T03:27:33.826Z,26.6797,92.1913,41.32,4.2,mb,30,142,3.155,0.72,us,us6000sa88,2026-03-17T22:45:56.040Z,"12 km SE of Udalguri, India",earthquake,12.49,8.46,0.121,19,reviewed,us,us
2026-02-04T03:09:17.793Z,43.2614,147.1677,35,4.2,mb,23,130,3.21,1.1,us,us6000sa8b,2026-03-17T22:54:34.040Z,"69 km SSE of Shikotan, Russia",earthquake,11.24,1.973,0.141,14,reviewed,us,us
2026-02-04T02:14:01.331Z,51.1133,159.4086,10,4.2,mb,15,231,1.97,0.59,us,us6000sa89,2026-02-20T04:44:25.040Z,"207 km ESE of Ozernovskiy, Russia",earthquake,6.41,1.976,0.215,6,reviewed,us,us
2026-02-04T02:07:44.865Z,-26.8574,-176.3379,10,5.3,mww,58,69,11.593,0.78,us,us6000s6bf,2026-02-20T04:34:25.040Z,"south of the Fiji Islands",earthquake,11.92,1.831,0.11,8,reviewed,us,us
2026-02-04T01:07:34.375Z,-9.644,151.0755,10,4.3,mb,19,227,3.87,0.72,us,us6000sa84,2026-02-20T04:21:38.040Z,"100 km NE of Alotau, Papua New Guinea",earthquake,11.95,1.981,0.168,10,reviewed,us,us
2026-02-04T00:36:30.890Z,-6.8211,132.1049,10.324,5.1,mb,50,97,3.164,0.45,us,us6000s6b3,2026-02-20T02:55:36.040Z,"150 km SSW of Tual, Indonesia",earthquake,10.2,4.109,0.081,50,reviewed,us,us
2026-02-04T00:30:29.966Z,-67.4686,114.0944,10,4.9,mb,48,65,1.845,0.44,us,us6000s6b4,2026-02-20T02:51:29.040Z,"Antarctica",earthquake,8.68,1.688,0.086,42,reviewed,us,us
2026-02-04T00:23:33.643Z,52.3075,158.9826,69.167,4.8,mb,64,161,0.745,0.72,us,us6000s6b1,2026-02-26T03:42:05.040Z,"79 km SSE of Vilyuchinsk, Russia",earthquake,10.53,7.224,0.058,90,reviewed,us,us
2026-02-04T00:03:05.757Z,-31.4321,-179.6584,334.04,4.3,mb,31,93,6.341,0.68,us,us6000s6aw,2026-02-26T04:20:56.040Z,"Kermadec Islands region",earthquake,7.25,10.794,0.116,21,reviewed,us,us
2026-02-03T23:50:33.566Z,-6.2662,147.741,67.603,4.3,mb,20,108,3.171,0.4,us,us6000sa7q,2026-02-26T04:10:44.040Z,"34 km NNW of Finschhafen, Papua New Guinea",earthquake,11.69,9.317,0.137,15,reviewed,us,us
2026-02-03T23:35:30.840Z,-41.7611,174.3044,13.886,4.1,mb,28,146,0.324,0.67,us,us6000s6am,2026-03-13T00:16:20.040Z,"39 km SE of Witherlea, New Zealand",earthquake,5.32,7.745,0.521,1,reviewed,us,us
2026-02-03T23:26:16.420Z,-5.7897,104.2904,55.959,4.5,mb,27,179,0.963,0.64,us,us6000sa7p,2026-02-26T03:46:22.040Z,"114 km WSW of Bandar Lampung, Indonesia",earthquake,6.8,9.75,0.14,15,reviewed,us,us
2026-02-03T23:09:40.647Z,11.6554,42.8813,10,3.7,mb,8,153,0.129,0.57,us,us6000sa7r,2026-03-13T00:10:59.040Z,"14 km NNE of Arta, Djibouti",earthquake,8.66,1.991,0.504,1,reviewed,us,us
2026-02-03T22:39:05.977Z,-41.0962,-91.3066,10,5.2,mww,52,112,14.587,0.93,us,us6000s6cr,2026-02-20T00:21:38.040Z,"southeast of Easter Island",earthquake,13.92,1.839,0.068,21,reviewed,us,us
2026-02-03T22:31:07.806Z,-4.3519,153.4849,212.614,4.4,mb,48,156,1.327,0.85,us,us6000s6af,2026-02-26T03:33:04.040Z,"135 km E of Kokopo, Papua New Guinea",earthquake,11.81,6.738,0.09,36,reviewed,us,us
2026-02-03T22:14:36.121Z,49.8257,153.2271,225.449,4.2,mb,93,126,4.314,0.51,us,us6000s6a7,2026-03-12T23:49:30.040Z,"227 km WSW of Severo-Kuril’sk, Russia",earthquake,10.14,7.912,0.061,75,reviewed,us,us
2026-02-03T21:24:30.984Z,-5.9305,146.6011,74.708,4.6,mb,49,71,3.496,0.96,us,us6000s69x,2026-02-26T03:27:47.040Z,"90 km ENE of Kainantu, Papua New Guinea",earthquake,8.13,7.611,0.09,37,reviewed,us,us
2026-02-03T19:34:41.996Z,60.7931,-43.9549,10,4,mb,16,162,0.803,0.71,us,us6000sa7n,2026-02-19T18:08:32.040Z,"101 km NE of Nanortalik, Greenland",earthquake,4.94,1.975,0.212,6,reviewed,us,us
2026-02-03T19:34:01.851Z,-15.3996,-173.1534,10,5.2,mb,104,68,3.711,0.79,us,us6000s694,2026-02-19T17:54:45.040Z,"92 km NE of Hihifo, Tonga",earthquake,10.71,1.782,0.037,236,reviewed,us,us
2026-02-03T19:21:36.375Z,-6.2328,147.6073,66.674,5.2,mww,107,38,3.182,0.87,us,us6000s692,2026-02-19T17:46:25.040Z,"44 km NW of Finschhafen, Papua New Guinea",earthquake,6.89,3.76,0.073,18,reviewed,us,us
2026-02-03T19:14:06.726Z,51.8976,160.1983,10,4.3,mb,20,167,1.473,0.33,us,us6000sa7l,2026-02-19T17:33:24.040Z,"167 km SE of Vilyuchinsk, Russia",earthquake,12.93,1.972,0.137,15,reviewed,us,us
2026-02-03T19:01:40.886Z,38.2844,46.0427,10,4.1,mb,62,86,1.094,0.61,us,us6000s68w,2026-02-19T17:19:09.040Z,"26 km NNW of Kujuvar, Iran",earthquake,2.08,1.884,0.085,38,reviewed,us,us
2026-02-03T18:36:12.390Z,35.7805,141.0603,34.928,4.1,mwr,52,139,2.429,0.67,us,us6000s68v,2026-03-12T19:31:18.040Z,"21 km ENE of Hasaki, Japan",earthquake,8.24,5.855,0.078,16,reviewed,us,us
2026-02-03T16:40:00.117Z,-22.8925,-69.3467,77.046,4.5,mb,44,71,0.279,1.14,us,us6000s65w,2026-02-25T19:07:32.040Z,"64 km SW of Calama, Chile",earthquake,4.61,3.481,0.094,33,reviewed,us,us
2026-02-03T15:51:31.064Z,20.5355,94.0461,71.545,5.1,mb,176,18,1.052,0.46,us,us6000s65j,2026-02-25T18:52:46.108Z,"86 km W of Yenangyaung, Burma (Myanmar)",earthquake,7.08,4.705,0.044,165,reviewed,us,us
2026-02-03T15:38:50.188Z,-51.346,139.1015,10,5.1,mww,76,69,10.121,0.68,us,us6000s65l,2026-03-13T13:38:40.040Z,"western Indian-Antarctic Ridge",earthquake,11.15,1.805,0.068,21,reviewed,us,us
2026-02-03T15:36:32.722Z,-9.1305,158.5267,10,4.6,mb,23,79,1.435,0.86,us,us6000sa7j,2026-02-25T18:43:26.040Z,"144 km WNW of Malango, Solomon Islands",earthquake,10.32,1.896,0.122,23,reviewed,us,us
2026-02-03T15:34:01.535Z,20.4368,93.9466,58.953,5.8,mww,295,21,1.187,0.54,us,us6000s65b,2026-03-04T12:01:50.040Z,"96 km W of Yenangyaung, Burma (Myanmar)",earthquake,6.68,4.076,0.069,20,reviewed,us,us
2026-02-03T13:47:26.788Z,16.2726,145.5591,529.244,3.9,mb,35,109,1.05,0.54,us,us6000sa7i,2026-03-13T13:40:39.040Z,"119 km N of Saipan, Northern Mariana Islands",earthquake,16.82,9.583,0.095,29,reviewed,us,us
2026-02-03T12:27:54.765Z,48.3883,152.911,149.874,4.3,mb,50,127,5.617,0.89,us,us6000s63u,2026-02-25T07:29:01.040Z,"Kuril Islands",earthquake,4.61,8.195,0.084,40,reviewed,us,us
2026-02-03T11:31:10.928Z,51.7517,178.1112,132.715,3.7,mb,30,176,0.317,0.85,us,us6000s6hd,2026-03-20T17:34:56.040Z,"Rat Islands, Aleutian Islands, Alaska",earthquake,9.13,4.752,0.152,11,reviewed,us,us
2026-02-03T09:03:22.971Z,36.6839,141.0445,61.862,4.6,mwr,55,124,2.289,0.88,us,us6000s63e,2026-02-25T08:05:41.376Z,"28 km ESE of Kitaibaraki, Japan",earthquake,8.13,5.82,0.066,22,reviewed,us,us
2026-02-03T08:54:12.942Z,-1.5788,133.8533,45.693,4.3,mb,31,116,2.084,0.74,us,us6000s63d,2026-02-26T08:18:00.040Z,"36 km WSW of Ransiki, Indonesia",earthquake,10.11,8.064,0.125,18,reviewed,us,us
2026-02-03T07:54:58.023Z,-6.39,129.1531,209.358,4.4,mb,19,92,4.627,0.57,us,us6000sa7e,2026-03-20T14:33:14.040Z,"Banda Sea",earthquake,9.1,8.61,0.161,13,reviewed,us,us
2026-02-03T05:23:22.175Z,51.185,158.476,35,4.4,mb,17,231,1.844,1.24,us,us6000sa7b,2026-03-13T10:09:55.040Z,"141 km ESE of Ozernovskiy, Russia",earthquake,9.07,1.983,0.19,8,reviewed,us,us
2026-02-03T04:40:24.120Z,18.0365,-68.625,75,3.61,md,17,245,0.536,0.48,pr,pr2026034000,2026-02-25T02:12:04.040Z,"37 km S of Boca de Yuma, Dominican Republic",earthquake,4.11,4.09,0.04,11,reviewed,pr,pr
2026-02-03T04:02:30.445Z,37.4297,142.2476,33.256,4.2,mb,14,207,3.353,0.66,us,us6000sa7a,2026-02-25T00:05:00.040Z,"109 km E of Tomioka, Japan",earthquake,10.56,9.996,0.215,6,reviewed,us,us
2026-02-03T02:50:47.991Z,-6.5315,129.7887,158.85,5,mww,135,42,1.999,0.62,us,us6000s62k,2026-03-23T22:19:43.040Z,"Banda Sea",earthquake,7.85,4.582,0.089,12,reviewed,us,us
2026-02-03T02:13:57.401Z,-4.3213,153.9284,179.616,4.4,mb,14,228,1.765,0.76,us,us6000sa77,2026-02-24T06:28:23.040Z,"184 km E of Kokopo, Papua New Guinea",earthquake,15.57,10.399,0.17,10,reviewed,us,us
2026-02-03T02:08:18.307Z,-15.6084,-70.534,207.724,4.4,mb,66,139,2.409,0.92,us,us6000s62h,2026-02-24T06:10:39.040Z,"12 km NE of Santa Lucía, Peru",earthquake,9.35,6.456,0.068,63,reviewed,us,us
2026-02-03T00:33:23.615Z,56.2055,161.5624,77.682,5,mb,85,58,3.61,0.55,us,us6000s628,2026-02-19T21:47:02.040Z,"46 km ESE of Klyuchi, Russia",earthquake,9.48,6.299,0.028,422,reviewed,us,us
2026-02-03T00:27:41.804Z,59.679,-152.953,86.5,3.6,ml,158,75,0.3,1.1,ak,ak2026cipwxz,2026-02-19T21:37:51.040Z,"64 km W of Anchor Point, Alaska",earthquake,2.2,1.5615,0.4,90,reviewed,ak,ak
2026-02-03T00:06:42.321Z,-20.7657,-69.9807,43.823,4,ml,13,100,0.17,0.66,us,us6000s623,2026-03-12T23:22:09.040Z,"55 km SSE of La Tirana, Chile",earthquake,2.44,4.367,0.071,26,reviewed,us,us
2026-02-02T22:49:12.246Z,51.2684,160.0802,10,4.2,mb,13,171,1.966,0.76,us,us6000s9zz,2026-03-12T22:35:52.040Z,"217 km SSE of Vilyuchinsk, Russia",earthquake,11.59,1.974,0.236,5,reviewed,us,us
2026-02-02T22:38:34.371Z,4.8939,96.8778,10,4.2,mb,17,162,3.633,0.82,us,us6000s9zy,2026-03-12T22:27:25.040Z,"39 km SSE of Bireun, Indonesia",earthquake,6.27,1.929,0.167,10,reviewed,us,us
2026-02-02T21:58:48.350Z,37.583,142.4091,35,4.3,mwr,53,125,3.368,0.48,us,us6000s61l,2026-03-12T22:01:17.040Z,"125 km E of Namie, Japan",earthquake,7.06,1.853,0.073,18,reviewed,us,us
2026-02-02T21:56:40.181Z,49.1389,155.3544,66.768,4.3,mb,35,155,4.24,0.77,us,us6000s61k,2026-02-18T23:01:54.040Z,"179 km SSW of Severo-Kuril’sk, Russia",earthquake,8.84,7.345,0.114,22,reviewed,us,us
2026-02-02T21:43:37.293Z,27.4248,52.5563,10,3.9,mb,26,100,4.103,0.84,us,us6000s9zx,2026-02-18T22:47:04.040Z,"35 km WSW of Mohr, Iran",earthquake,6.34,1.975,0.133,15,reviewed,us,us
2026-02-02T21:25:37.539Z,-19.907,-177.7966,507.644,4.4,mb,30,69,4.346,0.92,us,us6000s61a,2026-02-18T22:40:09.040Z,"295 km WNW of Houma, Tonga",earthquake,14.23,9.47,0.093,33,reviewed,us,us
2026-02-02T19:30:54.975Z,-8.3639,116.91,10,4.5,mb,20,89,2.731,0.53,us,us6000s60t,2026-02-23T16:27:31.040Z,"30 km ENE of Labuan Lombok, Indonesia",earthquake,5.69,1.759,0.163,11,reviewed,us,us
2026-02-02T18:58:08.570Z,-56.1911,-27.7475,120.762,4.6,mb,38,67,5.354,1.01,us,us6000s61c,2026-02-23T16:32:39.040Z,"South Sandwich Islands region",earthquake,9.64,8.17,0.091,36,reviewed,us,us
2026-02-02T17:29:07.083Z,-8.589,157.2228,10,4.5,mb,22,87,2.82,0.61,us,us6000s60d,2026-02-23T16:23:11.040Z,"68 km SE of Gizo, Solomon Islands",earthquake,12.62,1.89,0.151,14,reviewed,us,us
2026-02-02T15:27:45.980Z,37.744833333333,-121.94916666667,8.2,3.79,mw,186,15,0.03797,0.22,nc,nc75305826,2026-02-25T17:39:58.889Z,"5 km SSE of San Ramon, CA",earthquake,0.12,0.24,,8,reviewed,nc,nc
2026-02-02T15:01:13.640Z,37.756333333333,-121.94366666667,9.56,4.18,mw,215,16,0.03179,0.22,nc,nc75305736,2026-04-06T15:11:17.022Z,"4 km SE of San Ramon, CA",earthquake,0.11,0.21,,36,reviewed,nc,nc
2026-02-02T14:27:00.610Z,37.7485,-121.95333333333,9.1,3.8,mw,200,15,0.04192,0.22,nc,nc75305671,2026-04-02T09:32:11.819Z,"4 km SSE of San Ramon, CA",earthquake,0.11,0.24,,15,reviewed,nc,nc
2026-02-02T13:40:06.582Z,-32.7252,-70.4756,108.26,4.4,mwr,66,69,0.074,0.77,us,us6000s5y1,2026-02-18T17:02:45.040Z,"16 km NE of Los Andes, Chile",earthquake,4.63,3.945,0.054,33,reviewed,us,us
2026-02-02T11:22:27.084Z,-25.0395,179.5824,533.21,4.1,mb,21,71,7.397,0.42,us,us6000s9zp,2026-02-24T14:20:07.040Z,"south of the Fiji Islands",earthquake,14.7,10.625,0.13,16,reviewed,us,us
2026-02-02T10:45:12.895Z,53.4078,-170.7259,194.258,3.9,mb,26,139,1.207,0.56,us,us6000s9zn,2026-03-20T14:25:48.040Z,"135 km WNW of Nikolski, Alaska",earthquake,11.83,11.142,0.112,21,reviewed,us,us
2026-02-02T10:34:55.391Z,51.7135,175.5312,44.443,3.9,mb,33,223,1.346,0.5,us,us6000s9zm,2026-03-20T14:30:54.040Z,"203 km SE of Attu Station, Alaska",earthquake,12.77,22.202,0.093,31,reviewed,us,us
2026-02-02T10:05:44.916Z,-25.4452,-179.6385,497.082,4.4,mb,30,133,7.957,0.62,us,us6000s9zk,2026-02-26T14:27:38.040Z,"south of the Fiji Islands",earthquake,12.28,13.417,0.126,22,reviewed,us,us
2026-02-02T09:47:51.281Z,45.6261,35.6586,10,4.8,mb,59,33,5.266,0.81,us,us6000s5xe,2026-02-25T08:38:16.040Z,"24 km NW of Mysovoe, Ukraine",earthquake,6.71,1.778,0.067,69,reviewed,us,us
2026-02-02T08:31:02.062Z,32.7033,140.5708,67.068,4.4,mb,20,135,0.758,0.71,us,us6000s9zh,2026-02-24T22:54:14.040Z,"261 km SSE of Tateyama, Japan",earthquake,9.57,9.184,0.17,10,reviewed,us,us
2026-02-02T08:15:42.039Z,-46.625,165.4663,10,5.3,mww,72,62,0.957,0.58,us,us6000s5x6,2026-03-20T17:36:55.040Z,"198 km W of Riverton, New Zealand",earthquake,3.87,1.864,0.058,29,reviewed,us,us
2026-02-02T06:20:48.515Z,-22.38,-112.1637,10,4.5,mb,20,201,5.366,1.14,us,us6000s9zj,2026-02-24T23:49:53.040Z,"Easter Island region",earthquake,11.35,1.975,0.15,13,reviewed,us,us
2026-02-02T05:28:26.166Z,51.8889,158.5388,72.404,4.5,mb,132,124,1.138,0.73,us,us6000s5wy,2026-02-24T23:52:36.040Z,"116 km S of Vilyuchinsk, Russia",earthquake,8.69,6.703,0.051,110,reviewed,us,us
2026-02-02T03:08:10.752Z,-0.9751,29.1072,11.88,4.5,mb,29,84,1.672,0.99,us,us6000s9ze,2026-02-19T04:33:19.040Z,"61 km W of Ntungamo, Uganda",earthquake,9.44,3.001,0.127,18,reviewed,us,us
2026-02-02T02:46:36.996Z,-24.0984,-66.7394,199.954,4,mb,23,145,1.746,0.37,us,us6000s5wk,2026-02-19T04:24:09.040Z,"44 km WNW of San Antonio de los Cobres, Argentina",earthquake,10.19,10.255,0.173,9,reviewed,us,us
2026-02-02T01:21:08.032Z,30.7301,142.6275,10,4.4,mb,26,160,6.569,0.65,us,us6000s9zc,2026-02-19T04:13:58.040Z,"Izu Islands, Japan region",earthquake,11.09,1.936,0.138,15,reviewed,us,us
2026-02-02T01:18:25.354Z,-49.1018,124.5564,10,4.7,mb,9,91,21.456,0.83,us,us6000s9zb,2026-03-23T22:21:35.040Z,"western Indian-Antarctic Ridge",earthquake,13.64,1.933,0.225,6,reviewed,us,us
2026-02-02T01:01:15.825Z,8.9167,-83.3963,10,4.5,mb,33,155,1.016,0.52,us,us6000s9zf,2026-02-19T02:44:13.040Z,"14 km ESE of Puerto Cortés, Costa Rica",earthquake,7.09,1.275,0.106,26,reviewed,us,us
2026-02-02T00:05:53.083Z,33.9389,74.6227,10,4.8,mb,54,84,4.583,0.58,us,us6000s5we,2026-02-25T03:40:10.380Z,"15 km WNW of Tsrār Sharīf, India",earthquake,9.93,1.816,0.073,58,reviewed,us,us
2026-02-02T00:04:04.726Z,22.7525,94.6661,99.044,4.4,mb,27,93,1.557,0.5,us,us6000s9z9,2026-02-26T03:17:33.040Z,"86 km NW of Monywa, Burma (Myanmar)",earthquake,9.47,9.997,0.138,15,reviewed,us,us
2026-02-01T22:22:10.997Z,18.4793,145.4938,200.609,4.1,mb,9,142,3.233,1.06,us,us6000s9tr,2026-03-12T21:44:23.040Z,"Pagan region, Northern Mariana Islands",earthquake,16.8,13.411,0.197,7,reviewed,us,us
2026-02-01T22:20:42.022Z,-1.2771,99.622,58.748,4.5,mb,34,137,3.28,0.46,us,us6000s9tq,2026-03-12T21:42:34.040Z,"83 km N of Tuapejat, Indonesia",earthquake,8.85,7.848,0.115,22,reviewed,us,us
2026-02-01T22:05:19.081Z,-6.3023,150.9537,10,4.9,mb,37,107,2.419,0.85,us,us6000s5w2,2026-02-25T03:45:47.040Z,"122 km SE of Kimbe, Papua New Guinea",earthquake,6.35,1.82,0.092,37,reviewed,us,us
2026-02-01T22:01:02.450Z,7.5347,94.1398,103.479,4.5,mb,43,83,7.073,0.74,us,us6000s9tp,2026-02-17T21:36:03.040Z,"223 km NW of Sabang, Indonesia",earthquake,10.89,8.616,0.101,29,reviewed,us,us
2026-02-01T19:36:09.064Z,34.4535,70.5776,10,4.4,mb,41,143,1.193,0.88,us,us6000s5vp,2026-02-23T16:19:24.040Z,"11 km ENE of Jalālābād, Afghanistan",earthquake,7.44,1.888,0.105,26,reviewed,us,us
2026-02-01T19:22:13.804Z,-57.6433,-24.8936,29.646,4.8,mb,42,88,7.325,1.09,us,us6000s5vm,2026-02-23T16:17:29.040Z,"South Sandwich Islands region",earthquake,12.65,5.976,0.086,42,reviewed,us,us
2026-02-01T18:09:34.442Z,-23.5946,179.9181,529.208,4.7,mb,57,77,6.076,0.58,us,us6000s5vj,2026-02-23T15:29:44.040Z,"south of the Fiji Islands",earthquake,14.44,9.073,0.037,228,reviewed,us,us
2026-02-01T18:04:10.206Z,37.8494,71.8692,107.174,4.5,mb,76,73,0.671,0.89,us,us6000s5vi,2026-02-22T21:50:23.040Z,"48 km NE of Khorugh, Tajikistan",earthquake,6.58,6.173,0.052,109,reviewed,us,us
2026-02-01T17:41:44.749Z,54.991,-115.8082,10.467,4,mwr,81,30,1.05,0.49,us,us6000s5vg,2026-03-13T14:23:52.493Z,"40 km NW of Swan Hills, Canada",earthquake,5.18,5.05,,61,reviewed,us,slm
2026-02-01T15:43:34.477Z,-24.2534,-67.2667,203.439,4.4,mb,28,73,1.542,0.56,us,us6000s5v5,2026-02-20T20:11:33.040Z,"96 km W of San Antonio de los Cobres, Argentina",earthquake,10.62,12.329,0.135,16,reviewed,us,us
2026-02-01T14:28:33.240Z,60.3783,-139.3552,5,3.5,ml,33,47,0.53,0.62,us,us6000s5uz,2026-02-20T20:11:44.699Z,"94 km NNE of Yakutat, Alaska",earthquake,1.81,2.002,0.037,98,reviewed,us,us
2026-02-01T13:13:55.177Z,52.3398,179.1191,175.555,3.9,mb,25,106,0.441,0.85,us,us6000s9ti,2026-03-13T19:14:36.040Z,"295 km W of Adak, Alaska",earthquake,12.94,12.992,0.142,15,reviewed,us,us
2026-02-01T12:43:08.296Z,51.8631,-176.0392,61.756,5.1,mb,112,108,0.142,0.79,us,us6000s5ul,2026-02-26T12:53:18.652Z,"40 km E of Adak, Alaska",earthquake,6.21,3.407,0.028,398,reviewed,us,us
2026-02-01T11:55:26.687Z,-5.5893,147.218,199.534,4.3,mb,32,138,3.526,0.7,us,us6000s9tf,2026-02-24T14:55:53.040Z,"127 km NNW of Finschhafen, Papua New Guinea",earthquake,11.42,9.653,0.116,21,reviewed,us,us
2026-02-01T10:49:55.676Z,-21.1462,-174.071,10,4.6,mb,24,100,4.405,1.36,us,us6000s9te,2026-03-13T11:53:04.040Z,"94 km ENE of ‘Ohonua, Tonga",earthquake,13.42,1.836,0.091,36,reviewed,us,us
2026-02-01T09:19:14.497Z,-11.2964,166.1025,35.564,4.9,mb,33,105,4.262,1.16,us,us6000s5ua,2026-02-24T15:37:13.040Z,"71 km SSE of Lata, Solomon Islands",earthquake,9.32,4.645,0.078,51,reviewed,us,us
2026-02-01T09:12:03.864Z,-22.2886,-178.1862,387.338,4.4,mb,35,121,5.738,0.83,us,us6000s5u8,2026-02-24T15:30:05.040Z,"south of the Fiji Islands",earthquake,15.38,14.497,0.108,25,reviewed,us,us
2026-02-01T09:11:01.536Z,39.7348,143.3035,30.537,4.2,mb,39,183,2.011,0.59,us,us6000s9tc,2026-02-24T13:47:48.040Z,"117 km E of Miyako, Japan",earthquake,7.26,6.66,0.121,19,reviewed,us,us
2026-02-01T08:42:48.088Z,10.1405,126.2092,10,4.2,mb,26,127,3.114,0.94,us,us6000s9tb,2026-03-18T06:38:18.040Z,"22 km NE of Santa Monica, Philippines",earthquake,11.64,1.895,0.118,20,reviewed,us,us
2026-02-01T06:55:19.992Z,6.2475,123.722,10,4.6,mb,43,50,2.017,0.98,us,us6000s9t4,2026-02-18T10:50:00.040Z,"41 km WSW of Sangay, Philippines",earthquake,8.48,1.877,0.095,33,reviewed,us,us
2026-02-01T06:44:50.459Z,-4.6684,-105.9314,10,5,mww,95,147,24.601,0.86,us,us6000s5ur,2026-02-18T10:41:03.040Z,"central East Pacific Rise",earthquake,14.79,1.913,0.093,11,reviewed,us,us
2026-02-01T05:39:47.980Z,28.1768,55.5906,10,4,mb,34,124,3.265,0.75,us,us6000s9td,2026-02-18T08:02:25.040Z,"33 km WSW of Ḩājjīābād, Iran",earthquake,11.38,1.92,0.104,25,reviewed,us,us
2026-02-01T05:11:19.700Z,27.4239,52.6627,10,5.3,mww,82,46,4.027,0.66,us,us6000s5tq,2026-03-18T05:56:00.040Z,"26 km WSW of Mohr, Iran",earthquake,8.53,1.846,0.061,26,reviewed,us,us
2026-02-01T04:09:53.004Z,-10.0784,115.5355,67.398,4.3,mb,24,126,2.102,0.68,us,us6000s9sy,2026-03-12T22:48:33.040Z,"145 km SSE of Nusa Dua, Indonesia",earthquake,9.17,8.565,0.147,14,reviewed,us,us
2026-02-01T04:06:08.623Z,6.3192,123.6376,10,4.3,mb,18,88,2.067,0.71,us,us6000s9t0,2026-02-20T02:49:02.040Z,"47 km WSW of Sangay, Philippines",earthquake,10.69,1.923,0.189,9,reviewed,us,us
2026-02-01T03:00:06.528Z,6.3174,123.683,10,4.4,mb,23,136,2.026,1.28,us,us6000s9t9,2026-02-20T02:35:42.040Z,"42 km WSW of Sangay, Philippines",earthquake,10.09,1.923,0.149,14,reviewed,us,us
2026-02-01T02:58:00.241Z,6.2841,123.7506,10,4.5,mb,35,136,1.977,0.91,us,us6000s9t6,2026-02-20T02:26:08.040Z,"37 km WSW of Sangay, Philippines",earthquake,5.68,1.802,0.115,24,reviewed,us,us
2026-02-01T02:51:08.801Z,13.3965,144.563,155.788,4.1,mb,13,95,2.181,0.57,us,us6000s9sx,2026-02-20T02:17:51.040Z,"10 km W of Agat Village, Guam",earthquake,14.12,11.999,0.234,6,reviewed,us,us
2026-02-01T02:02:11.025Z,-18.503,-177.9866,590.498,4.1,mb,23,166,3.228,0.93,us,us6000s9su,2026-02-20T02:04:33.040Z,"289 km E of Levuka, Fiji",earthquake,8.21,11.167,0.151,16,reviewed,us,us
2026-02-01T01:44:19.379Z,0.7379,126.3588,65.356,4.3,mb,21,89,5.152,0.67,us,us6000s9st,2026-02-20T01:48:16.040Z,"114 km W of Ternate, Indonesia",earthquake,11.61,9.58,0.169,11,reviewed,us,us
2026-02-01T00:08:33.109Z,-10.5561,113.2277,10,4.2,mb,13,152,2.264,0.28,us,us6000s9sr,2026-02-20T04:04:23.040Z,"251 km S of Kencong, Indonesia",earthquake,9.28,1.968,0.167,10,reviewed,us,us
2026-01-31T23:28:10.031Z,-31.6656,-69.995,135.867,4.4,mb,38,89,0.915,0.63,us,us6000s5sr,2026-02-20T03:43:29.040Z,"65 km SW of Calingasta, Argentina",earthquake,6,7.274,0.138,15,reviewed,us,us
2026-01-31T23:27:30.651Z,-9.0084,111.2412,84.125,4.2,mb,15,128,2.102,0.63,us,us6000s9js,2026-03-17T22:40:40.040Z,"115 km SSW of Trenggalek, Indonesia",earthquake,9.46,9.795,0.176,9,reviewed,us,us
2026-01-31T23:20:16.045Z,-32.8951,-73.3546,10,4.5,mb,28,206,1.441,1.09,us,us6000s5sp,2026-02-20T03:01:11.040Z,"162 km W of Valparaíso, Chile",earthquake,5.48,1.97,0.192,8,reviewed,us,us
2026-01-31T21:21:50.093Z,-6.5092,130.6222,77.334,4.7,mb,50,97,2.099,0.65,us,us6000s5sb,2026-02-21T23:23:19.040Z,"255 km WSW of Tual, Indonesia",earthquake,8.29,7.68,0.076,52,reviewed,us,us
2026-01-31T20:59:31.336Z,-20.9729,-174.0786,12,5.8,mww,61,60,4.335,0.85,us,us6000s5s7,2026-02-22T00:01:44.518Z,"99 km ENE of ‘Ohonua, Tonga",earthquake,10.99,1.844,0.063,24,reviewed,us,us
2026-01-31T20:54:39.946Z,44.4656,148.7807,50.34,4.9,mb,72,126,4.456,0.76,us,us6000s5s4,2026-02-21T22:38:23.040Z,"110 km SE of Kuril’sk, Russia",earthquake,9.73,7.204,0.043,170,reviewed,us,us
2026-01-31T20:08:32.994Z,-24.9177,179.834,493.518,4.4,mb,31,163,7.327,0.7,us,us6000s5s2,2026-02-21T02:07:56.040Z,"south of the Fiji Islands",earthquake,17.47,5.832,0.114,22,reviewed,us,us
2026-01-31T20:03:49.708Z,-2.3499,140.1527,30.031,4.4,mb,20,84,0.574,0.9,us,us6000s9jp,2026-03-14T00:45:55.040Z,"59 km WNW of Abepura, Indonesia",earthquake,6.28,5.437,0.169,11,reviewed,us,us
2026-01-31T19:11:25.237Z,21.9515,143.1472,196.663,4.2,mb,32,140,14.514,0.75,us,us6000s9jl,2026-02-24T02:03:50.040Z,"Mariana Islands region",earthquake,16.1,8.8,0.118,21,reviewed,us,us
2026-01-31T19:06:50.397Z,-47.0705,33.3745,10,5.2,mb,60,58,12.694,0.37,us,us6000s5rr,2026-02-21T02:00:38.040Z,"Prince Edward Islands region",earthquake,9.92,1.8,0.065,77,reviewed,us,us
2026-01-31T18:34:44.544Z,6.7091,123.597,594.604,4.6,mb,160,43,2,0.62,us,us6000s5rp,2026-02-25T17:14:46.040Z,"47 km WSW of Gadung, Philippines",earthquake,9.71,6.775,0.04,185,reviewed,us,us
2026-01-31T18:28:37.515Z,51.6107,179.5392,80.263,3.6,ml,26,120,0.276,0.28,us,us6000s5tn,2026-02-25T17:09:37.040Z,"265 km W of Adak, Alaska",earthquake,16.57,13.361,0.081,20,reviewed,us,us
2026-01-31T18:02:15.068Z,-36.1492,-97.5719,10,4.5,mb,55,77,13.454,0.76,us,us6000s9jh,2026-02-25T16:11:26.040Z,"West Chile Rise",earthquake,14.21,1.904,0.07,63,reviewed,us,us
2026-01-31T17:56:37.136Z,-8.276,107.7192,52.312,4,mb,19,86,0.811,0.61,us,us6000s9jr,2026-02-25T14:43:31.040Z,"111 km SSW of Singaparna, Indonesia",earthquake,8.43,8.107,0.156,11,reviewed,us,us
2026-01-31T17:36:06.004Z,-10.7648,165.0871,26.404,4.4,mb,24,108,5.09,0.61,us,us6000s9jg,2026-02-24T23:04:11.040Z,"77 km W of Lata, Solomon Islands",earthquake,10.09,5.398,0.123,19,reviewed,us,us
2026-01-31T17:19:55.930Z,-7.3471,128.6358,147.938,4.6,mb,97,29,3.077,0.59,us,us6000s5ri,2026-02-24T21:48:31.040Z,"222 km NE of Lospalos, Timor Leste",earthquake,7.29,6.794,0.061,84,reviewed,us,us
2026-01-31T15:59:12.310Z,-19.9165,-177.5227,532.894,4.4,mb,142,34,4.519,0.76,us,us6000s5rc,2026-02-24T20:30:42.040Z,"269 km WNW of Houma, Tonga",earthquake,11.11,6.958,0.046,137,reviewed,us,us
2026-01-31T15:53:44.820Z,53.3066,159.7941,64.665,4.6,mb,226,113,0.745,0.74,us,us6000s5rb,2026-02-24T20:28:13.040Z,"82 km ENE of Petropavlovsk-Kamchatsky, Russia",earthquake,9.58,6.547,0.037,221,reviewed,us,us
2026-01-31T15:50:34.620Z,12.1809,143.8995,49.26,4.4,mb,43,112,1.689,0.65,us,us6000s9jd,2026-02-24T20:06:42.040Z,"146 km SW of Merizo Village, Guam",earthquake,12.45,9.056,0.093,33,reviewed,us,us
2026-01-31T13:03:39.112Z,18.219,145.6929,187.265,4.2,mb,28,137,2.963,0.68,us,us6000s9j7,2026-03-13T19:17:55.040Z,"Pagan region, Northern Mariana Islands",earthquake,11.64,8.492,0.121,22,reviewed,us,us
2026-01-31T12:45:41.372Z,51.802,160.2164,10,4.5,mb,34,126,1.555,0.65,us,us6000s5qx,2026-02-18T07:23:40.040Z,"176 km SE of Vilyuchinsk, Russia",earthquake,8.66,1.906,0.102,28,reviewed,us,us
2026-01-31T12:35:19.203Z,19.149,144.8971,388.197,4.2,mb,57,114,3.979,0.53,us,us6000s5qv,2026-02-18T07:10:16.040Z,"Maug Islands region, Northern Mariana Islands",earthquake,13.09,9.607,0.054,96,reviewed,us,us
2026-01-31T12:10:05.592Z,6.1498,123.7417,10,4.1,mb,22,145,2.041,0.79,us,us6000s9j4,2026-02-18T07:06:00.040Z,"46 km SW of Sangay, Philippines",earthquake,6.16,1.934,0.127,17,reviewed,us,us
2026-01-31T11:54:50.201Z,64.6645,-17.8422,10,5.3,mww,113,76,1.499,0.81,us,us6000s5qs,2026-02-18T06:52:40.040Z,"114 km S of Akureyri, Iceland",earthquake,8.08,1.867,0.065,23,reviewed,us,us
2026-01-31T11:15:13.230Z,-15.0246,166.9834,30.613,4.3,mb,23,134,0.47,0.75,us,us6000s9j2,2026-02-18T06:19:04.040Z,"9 km W of Port-Olry, Vanuatu",earthquake,10.64,4.952,0.129,17,reviewed,us,us
2026-01-31T10:36:16.920Z,28.6297,142.5021,10,4.8,mb,57,92,5.033,0.64,us,us6000s5qm,2026-02-17T07:27:23.040Z,"Bonin Islands, Japan region",earthquake,10.95,1.877,0.052,116,reviewed,us,us
2026-01-31T09:59:11.473Z,3.5196,-83.0965,10,4.7,mb,45,165,5.673,1.06,us,us6000s5qf,2026-02-17T07:22:58.040Z,"off the coast of Central America",earthquake,10.61,1.928,0.101,30,reviewed,us,us
2026-01-31T09:58:31.306Z,16.0895,-95.5588,42.297,4.6,mb,56,130,3.231,0.81,us,us6000s5qh,2026-02-17T07:21:59.666Z,"13 km ENE of San Pedro Huamelula, Mexico",earthquake,8.81,8.236,0.04,189,reviewed,us,us
2026-01-31T08:43:52.628Z,8.6884,137.8347,10,4.4,mb,35,88,11.49,0.89,us,us6000s9j1,2026-02-19T08:02:36.040Z,"96 km SSW of Colonia, Micronesia",earthquake,13.75,1.917,0.103,27,reviewed,us,us
2026-01-31T08:21:37.758Z,6.1075,123.7484,10,4.2,mb,17,137,2.055,0.77,us,us6000s9j0,2026-02-19T07:52:46.040Z,"49 km SW of Sangay, Philippines",earthquake,12.55,1.953,0.152,12,reviewed,us,us
2026-01-31T07:59:32.347Z,6.2,123.8392,10,4.5,mb,20,136,1.932,0.66,us,us6000s9j6,2026-03-13T07:16:00.040Z,"35 km SW of Sangay, Philippines",earthquake,9.51,1.795,0.144,14,reviewed,us,us
2026-01-31T07:25:35.969Z,60.516,-139.9017,5,3.8,mwr,75,49,0.456,0.81,us,us6000s5py,2026-02-19T07:32:13.140Z,"108 km N of Yakutat, Alaska",earthquake,2.8,1.923,0.061,26,reviewed,us,us
2026-01-31T07:23:15.947Z,6.2625,123.6982,10,4.6,mb,34,101,2.033,0.65,us,us6000s9iu,2026-02-19T07:05:51.040Z,"43 km WSW of Sangay, Philippines",earthquake,7.41,1.924,0.105,27,reviewed,us,us
2026-01-31T07:22:15.339Z,45.5798,152.7006,10,4.2,mb,12,137,7.331,0.48,us,us6000s9iw,2026-02-19T07:02:13.040Z,"east of the Kuril Islands",earthquake,10.16,1.935,0.263,4,reviewed,us,us
2026-01-31T06:21:35.048Z,-57.9006,-25.3795,35,5.1,mb,109,69,16.642,0.79,us,us6000s5pv,2026-03-13T07:14:46.040Z,"South Sandwich Islands region",earthquake,11.87,1.868,0.057,98,reviewed,us,us
2026-01-31T05:40:53.639Z,-3.9115,139.6544,50.339,4.2,mb,14,91,1.738,0.26,us,us6000s9it,2026-03-13T07:12:18.040Z,"181 km SW of Abepura, Indonesia",earthquake,7.06,11.405,0.176,9,reviewed,us,us
2026-01-31T05:26:35.155Z,-20.5015,-178.3733,659.972,4.1,mb,17,167,8.077,0.28,us,us6000s9is,2026-03-13T07:10:26.040Z,"Fiji region",earthquake,23.29,24.531,0.139,15,reviewed,us,us
2026-01-31T04:41:17.312Z,-25.2165,179.512,559.2,4.6,mb,24,124,7.558,0.73,us,us6000s5pr,2026-02-20T01:32:12.040Z,"south of the Fiji Islands",earthquake,16.84,9.699,0.146,15,reviewed,us,us
2026-01-31T04:40:24.220Z,-21.2432,-68.8155,132.797,4.2,mb,15,105,0.679,0.63,us,us6000s5pp,2026-02-26T00:59:05.040Z,"58 km W of Ollagüe, Chile",earthquake,8.7,8.391,0.186,8,reviewed,us,us
2026-01-31T03:26:46.279Z,-9.7196,159.4047,10,4.3,mb,15,126,0.604,0.47,us,us6000s9iq,2026-02-20T01:29:34.040Z,"34 km W of Malango, Solomon Islands",earthquake,9.43,1.937,0.169,13,reviewed,us,us
2026-01-31T02:34:38.566Z,-9.6951,159.4109,10,4.9,mb,20,125,0.587,0.62,us,us6000s9ip,2026-02-20T01:02:38.040Z,"33 km W of Malango, Solomon Islands",earthquake,4.52,1.928,0.099,32,reviewed,us,us
2026-01-31T02:24:16.081Z,-3.0856,129.1689,10,4.1,mb,16,65,1.605,0.93,us,us6000s9im,2026-02-20T00:48:48.040Z,"32 km NE of Masohi, Indonesia",earthquake,6.63,1.914,0.198,7,reviewed,us,us
2026-01-31T01:09:20.359Z,-15.7068,-75.0679,30.296,4.9,mb,27,157,4.079,0.73,us,us6000s5nw,2026-03-12T22:28:47.040Z,"39 km SSE of San Juan, Peru",earthquake,9.4,18.875,0.073,58,reviewed,us,us
2026-01-31T00:58:48.939Z,-5.6973,129.9743,10,4.6,mb,18,77,1.169,0.72,us,us6000s5nr,2026-03-14T00:53:14.040Z,"285 km SSE of Amahai, Indonesia",earthquake,8.8,1.864,0.183,9,reviewed,us,us
2026-01-31T00:36:10.145Z,3.4843,124.2161,346.396,4.8,mb,68,85,3.811,0.9,us,us6000s5nn,2026-02-21T01:29:03.040Z,"232 km NNW of Manado, Indonesia",earthquake,9.24,6.694,0.052,115,reviewed,us,us
2026-01-30T23:54:05.821Z,5.0369,127.5694,13.656,4.3,mb,26,136,10.458,0.63,us,us6000s90t,2026-02-16T03:25:44.040Z,"212 km SE of Pondaguitan, Philippines",earthquake,14.81,5.762,0.129,18,reviewed,us,us
2026-01-30T23:03:36.920Z,-3.4862,103.5136,209.715,4.9,mb,56,32,1.031,0.96,us,us6000s5n2,2026-02-16T04:15:00.040Z,"33 km N of Lahat, Indonesia",earthquake,7.71,5.982,0.066,71,reviewed,us,us
2026-01-30T23:03:17.304Z,66.7762,140.259,10,4.7,mb,77,99,6.334,0.89,us,us6000s5n3,2026-02-16T04:09:13.040Z,"261 km ESE of Batagay, Russia",earthquake,10.03,1.904,0.044,153,reviewed,us,us
2026-01-30T22:58:31.474Z,21.8323,120.5107,10,4.2,mb,17,108,1.113,0.48,us,us6000s5n1,2026-03-14T00:36:36.040Z,"30 km SW of Hengchun, Taiwan",earthquake,10.04,1.956,0.176,9,reviewed,us,us
2026-01-30T22:57:12.639Z,-9.5096,159.4027,9.434,4.8,mb,21,84,0.542,0.86,us,us6000s90w,2026-02-24T02:03:23.778Z,"40 km WNW of Malango, Solomon Islands",earthquake,7.42,4.863,0.148,17,reviewed,us,us
2026-01-30T22:12:01.582Z,12.2008,141.6287,90.465,4.2,mb,23,127,5.047,0.7,us,us6000s90q,2026-03-14T00:31:11.040Z,"295 km NNE of Fais, Micronesia",earthquake,14.56,8.931,0.136,16,reviewed,us,us
2026-01-30T21:27:23.102Z,63.06,-149.586,85.9,4.3,ml,161,16,0.4,1.1,ak,ak2026ccwsww,2026-02-15T05:15:39.040Z,"48 km SW of Cantwell, Alaska",earthquake,1.9,2.3078,0.3,103,reviewed,ak,ak
2026-01-30T21:19:04.676Z,6.3197,123.7528,10,4.3,mb,8,141,1.961,0.61,us,us6000s90p,2026-03-14T00:29:25.040Z,"35 km WSW of Sangay, Philippines",earthquake,12.54,1.967,0.239,5,reviewed,us,us
2026-01-30T20:47:54.525Z,1.3727,97.1882,39.566,4.9,mb,91,64,0.393,0.77,us,us6000s5m0,2026-02-24T19:19:51.040Z,"48 km W of Gunungsitoli, Indonesia",earthquake,7.46,6.045,0.059,89,reviewed,us,us
2026-01-30T20:29:02.881Z,1.3089,96.9987,23.807,4.2,mb,26,157,0.577,0.66,us,us6000s90n,2026-02-24T19:04:08.040Z,"68 km W of Gunungsitoli, Indonesia",earthquake,9.53,17.084,0.124,19,reviewed,us,us
2026-01-30T19:59:51.797Z,-6.7138,127.6631,403.744,4.2,mb,18,104,3.117,0.5,us,us6000s90u,2026-03-13T14:10:29.040Z,"212 km NNE of Lospalos, Timor Leste",earthquake,12.64,10.307,0.372,3,reviewed,us,us
2026-01-30T18:47:25.676Z,36.3578,140.6891,54.727,3.6,mwr,67,141,2.008,0.93,us,us6000s5m4,2026-03-13T14:15:38.040Z,"10 km ENE of Ōarai, Japan",earthquake,4.44,6.158,0.089,12,reviewed,us,us
2026-01-30T18:30:27.760Z,15.0552,122.9824,10,4,mb,24,121,7.928,0.47,us,us6000s90l,2026-02-20T15:35:39.040Z,"75 km ENE of Casuguran, Philippines",earthquake,10.88,1.923,0.156,14,reviewed,us,us
2026-01-30T18:25:44.269Z,-16.1884,-176.0461,390.084,4.2,mb,85,62,4.41,0.66,us,us6000s90j,2026-02-20T16:10:20.040Z,"242 km W of Hihifo, Tonga",earthquake,10.02,8.11,0.065,70,reviewed,us,us
2026-01-30T18:23:08.099Z,5.272,122.1333,10,4.5,mb,56,93,3.863,0.62,us,us6000s90k,2026-02-19T19:39:16.040Z,"87 km SSE of Tabiauan, Philippines",earthquake,5.64,2.462,0.084,45,reviewed,us,us
2026-01-30T17:16:17.237Z,-52.7524,-72.4249,10.784,4.3,mb,15,211,0.53,0.93,us,us6000s90i,2026-02-19T17:56:40.040Z,"111 km WNW of Punta Arenas, Chile",earthquake,8.63,10.198,0.169,12,reviewed,us,us
2026-01-30T17:11:32.992Z,37.3733,137.0216,10,4.2,mb,53,40,1.257,0.92,us,us6000s90f,2026-03-11T19:25:23.040Z,"18 km NE of Anamizu, Japan",earthquake,5.05,1.862,0.104,28,reviewed,us,us
2026-01-30T14:49:20.328Z,0.767,126.2416,40.485,4.3,mb,24,100,6.636,0.32,us,us6000s90d,2026-02-24T13:35:14.040Z,"127 km W of Ternate, Indonesia",earthquake,11.16,8.411,0.138,15,reviewed,us,us
2026-01-30T14:31:32.396Z,49.518,155.9942,64.739,4.7,mb,66,136,3.751,0.62,us,us6000s5hq,2026-02-24T15:28:12.040Z,"129 km S of Severo-Kuril’sk, Russia",earthquake,12,7.545,0.056,95,reviewed,us,us
2026-01-30T13:09:39.305Z,-27.9939,-177.4043,10,4.6,mb,16,106,11.213,0.8,us,us6000s90b,2026-03-13T09:35:15.040Z,"Kermadec Islands region",earthquake,10.26,1.731,0.158,12,reviewed,us,us
2026-01-30T12:04:02.255Z,-28.7454,-176.7783,10,5,mb,47,83,9.707,0.81,us,us6000s5h4,2026-02-24T15:13:44.040Z,"Kermadec Islands region",earthquake,10.3,1.881,0.083,47,reviewed,us,us
2026-01-30T11:36:29.364Z,2.9617,128.3582,75.937,4.1,mb,39,96,4.779,1.02,us,us6000s906,2026-02-24T11:58:50.040Z,"141 km NNE of Tobelo, Indonesia",earthquake,13.19,8.474,0.095,30,reviewed,us,us
2026-01-30T11:36:00.590Z,39.9346,143.1732,35,4.3,mb,30,143,1.823,0.54,us,us6000s908,2026-02-24T12:24:41.040Z,"110 km ENE of Miyako, Japan",earthquake,7.44,1.947,0.142,14,reviewed,us,us
2026-01-30T11:03:21.535Z,39.9293,143.1134,35,4.6,mb,57,134,1.786,0.57,us,us6000s5fj,2026-02-24T15:06:08.040Z,"105 km ENE of Miyako, Japan",earthquake,7.23,1.871,0.079,48,reviewed,us,us
2026-01-30T10:02:47.630Z,-8.3849,26.6814,10,4.4,mb,15,128,7.007,0.85,us,us6000s902,2026-03-20T17:40:23.040Z,"128 km NE of Bukama, Democratic Republic of the Congo",earthquake,14.19,1.92,0.202,7,reviewed,us,us
2026-01-30T07:26:59.366Z,37.0809,103.625,11.928,4,mb,22,98,1.124,0.54,us,us6000s90a,2026-03-18T06:01:29.040Z,"76 km NW of Baiyin, China",earthquake,8.23,5.33,0.156,11,reviewed,us,us
2026-01-30T07:20:29.837Z,36.788,-104.7709,5,3.8,mwr,38,66,0.076,0.73,us,us6000s5eu,2026-03-18T06:34:45.637Z,"32 km WSW of Raton, New Mexico",earthquake,3.38,1.923,0.046,46,reviewed,us,us
2026-01-30T06:35:53.522Z,-8.0747,123.2263,224.147,4.1,mb,19,100,1.961,0.59,us,us6000s900,2026-03-18T05:57:48.040Z,"127 km ENE of Maumere, Indonesia",earthquake,12.39,11.533,0.165,10,reviewed,us,us
2026-01-30T06:14:52.857Z,6.1301,125.7766,85.947,4.5,mb,58,104,0.954,0.97,us,us6000s905,2026-02-14T07:11:32.040Z,"8 km E of Kalian, Philippines",earthquake,11.7,7.091,0.075,52,reviewed,us,us
2026-01-30T03:53:34.111Z,11.8347,143.7785,10,4.7,mb,39,87,3.905,0.96,us,us6000s8zz,2026-02-14T00:52:10.040Z,"185 km SSW of Merizo Village, Guam",earthquake,8.92,1.889,0.1,30,reviewed,us,us
2026-01-30T02:34:58.564Z,-34.4039,-109.5013,10,5.4,mww,52,78,7.255,0.74,us,us6000s5e4,2026-02-14T00:43:16.834Z,"southern East Pacific Rise",earthquake,12.84,1.855,0.086,13,reviewed,us,us
2026-01-30T01:43:13.359Z,-29.3197,-176.9545,10,4.9,mb,19,202,9.122,1.25,us,us6000s8yt,2026-03-12T22:20:14.040Z,"Kermadec Islands region",earthquake,13.61,1.708,0.177,11,reviewed,us,us
2026-01-30T01:28:02.951Z,-29.307,-177.1,35,5.2,mb,42,113,9.082,0.84,us,us6000s5de,2026-03-12T22:15:21.040Z,"Kermadec Islands, New Zealand",earthquake,13.4,1.893,0.096,37,reviewed,us,us
2026-01-30T01:15:31.911Z,-0.272,124.4803,91.195,5,mb,55,71,4.118,1.03,us,us6000s5d8,2026-02-13T22:03:53.040Z,"80 km S of Modisi, Indonesia",earthquake,5.98,8.031,0.062,88,reviewed,us,us
2026-01-30T00:49:17.041Z,6.4372,123.9181,10,5.1,mb,81,45,1.765,1.01,us,us6000s5d3,2026-02-15T05:04:14.186Z,"14 km W of Sangay, Philippines",earthquake,7.27,1.814,0.053,117,reviewed,us,us
2026-01-30T00:27:39.801Z,40.8261,142.0766,63.327,4.1,mb,13,233,0.769,0.43,us,us6000s8ys,2026-03-14T00:24:08.040Z,"60 km ENE of Misawa, Japan",earthquake,8.01,7.151,0.197,7,reviewed,us,us
2026-01-29T23:05:18.609Z,6.5418,123.8182,10,4.9,mb,67,46,1.825,0.86,us,us6000s5cv,2026-02-15T04:34:19.040Z,"23 km W of Bantogon, Philippines",earthquake,7.4,1.875,0.081,49,reviewed,us,us
2026-01-29T22:59:08.456Z,60.212,-139.812,5,3.7,ml,77,68,0.2,1,ak,ak2026cbebbg,2026-02-15T04:30:43.220Z,"74 km N of Yakutat, Alaska",earthquake,2.8,0,0.3,52,reviewed,ak,ak
2026-01-29T22:31:12.199Z,6.4742,123.8704,10,4.6,mb,29,87,1.797,0.86,us,us6000s5ck,2026-02-15T04:09:51.040Z,"19 km WSW of Bantogon, Philippines",earthquake,9.33,1.243,0.122,21,reviewed,us,us
2026-01-29T22:17:12.514Z,-3.3751,136.2126,10,3.9,mb,11,113,2.75,0.53,us,us6000s8zs,2026-03-14T00:16:26.040Z,"79 km E of Nabire, Indonesia",earthquake,5.16,1.932,0.229,5,reviewed,us,us
2026-01-29T22:06:28.437Z,15.4338,-96.0877,10,4.5,mb,44,136,0.334,1.17,us,us6000s5cg,2026-02-22T23:56:56.656Z,"37 km S of Sector H Tres, Mexico",earthquake,4.62,1.88,0.068,64,reviewed,us,us
2026-01-29T21:52:56.517Z,-6.9824,129.9365,143.706,4.5,mb,58,94,2.444,0.63,us,us6000s5c9,2026-02-15T04:00:56.040Z,"Banda Sea",earthquake,9.88,7.716,0.078,49,reviewed,us,us
2026-01-29T21:42:40.088Z,-5.2409,151.4329,155.558,4.4,mb,45,121,1.272,1.02,us,us6000s5c8,2026-02-15T03:45:20.040Z,"135 km SW of Kokopo, Papua New Guinea",earthquake,9.55,7.194,0.095,32,reviewed,us,us
2026-01-29T21:01:50.860Z,55.2436,-159.4671,5,3.5,ml,46,206,0.848,0.7,us,us6000s5bu,2026-02-15T03:35:41.040Z,"66 km E of Sand Point, Alaska",earthquake,4.37,1.951,0.074,24,reviewed,us,us
2026-01-29T20:28:24.074Z,-5.4427,153.9147,80.556,5,mb,73,61,2.143,0.65,us,us6000s5bl,2026-02-15T19:45:07.040Z,"198 km WNW of Panguna, Papua New Guinea",earthquake,8.09,6.97,0.05,129,reviewed,us,us
2026-01-29T20:13:41.089Z,-20.5395,-178.1906,533.415,4.6,mb,38,122,4.51,0.6,us,us6000s5bj,2026-02-15T19:40:52.040Z,"Fiji region",earthquake,13.19,8.932,0.098,31,reviewed,us,us
2026-01-29T19:41:09.527Z,47.6105,-111.2654,23.514,4.2,mwr,87,52,0.921,0.64,us,us6000s5ba,2026-04-02T19:51:35.075Z,"9 km N of Black Eagle, Montana",earthquake,3.33,5.046,0.043,53,reviewed,us,us
2026-01-29T19:40:11.952Z,39.498,20.3854,10,4.1,mb,37,107,1.585,0.86,us,us6000s8zk,2026-02-15T18:30:44.040Z,"7 km SE of Parapótamos, Greece",earthquake,4.83,1.96,0.157,11,reviewed,us,us
2026-01-29T18:37:56.350Z,60.3886,-139.4215,5,3.5,ml,50,46,0.508,0.66,us,us6000s5ay,2026-02-15T19:33:20.391Z,"95 km N of Yakutat, Alaska",earthquake,1.87,1.964,0.035,105,reviewed,us,us
2026-01-29T17:09:09.361Z,-2.8221,142.1926,10,4.4,mb,34,145,1.519,0.56,us,us6000s5av,2026-02-15T19:25:22.040Z,"38 km NNW of Aitape, Papua New Guinea",earthquake,8.59,1.912,0.117,21,reviewed,us,us
2026-01-29T14:13:16.479Z,41.9754,142.6749,66.084,4.5,mb,40,99,0.362,0.79,us,us6000s58d,2026-02-20T19:51:50.040Z,"21 km SSW of Urakawa, Japan",earthquake,7.16,5.444,0.098,30,reviewed,us,us
2026-01-29T12:56:59.802Z,50.7874,179.5079,10,4,mb,36,207,0.606,1.02,us,us6000s58f,2026-03-20T13:17:34.040Z,"294 km WSW of Adak, Alaska",earthquake,4.27,1.897,0.164,10,reviewed,us,us
2026-01-29T10:49:48.746Z,20.8039,121.3296,40.828,4.7,mb,46,102,2.017,0.77,us,us6000s8z7,2026-03-20T14:16:35.040Z,"77 km WNW of Basco, Philippines",earthquake,10.18,8.271,0.108,26,reviewed,us,us
2026-01-29T07:54:48.869Z,-6.548,147.7236,59.211,4.8,mb,40,63,2.893,0.49,us,us6000s56k,2026-02-19T05:56:09.040Z,"13 km W of Finschhafen, Papua New Guinea",earthquake,7.52,5.938,0.113,24,reviewed,us,us
2026-01-29T07:51:06.389Z,-15.7734,-75.6321,10,4.7,mb,39,153,3.942,0.8,us,us6000s56i,2026-02-19T05:54:16.253Z,"67 km SW of San Juan, Peru",earthquake,8.21,1.914,0.096,33,reviewed,us,us
2026-01-29T07:30:37.772Z,-57.7827,-25.4648,50.677,6,mww,171,25,7.1,0.73,us,us6000s55s,2026-03-13T07:09:39.513Z,"South Sandwich Islands region",earthquake,9.2,4.491,0.047,43,reviewed,us,us
2026-01-29T07:00:21.539Z,-45.6186,-76.7962,10,4.4,mb,26,182,2.361,0.73,us,us6000s55n,2026-03-13T07:00:34.040Z,"Off the coast of Aisen, Chile",earthquake,10.22,1.977,0.161,11,reviewed,us,us
2026-01-29T06:29:37.924Z,-26.0433,-177.1183,185.228,4.5,mb,16,215,9.394,0.54,us,us6000s8z2,2026-02-19T05:31:43.040Z,"south of the Fiji Islands",earthquake,25.37,13.468,0.15,13,reviewed,us,us
2026-01-29T05:49:16.000Z,-6.3955,147.9804,49.737,4.3,mb,14,192,3.098,0.39,us,us6000s8z1,2026-02-15T07:21:35.040Z,"23 km NE of Finschhafen, Papua New Guinea",earthquake,11.63,13.622,0.169,10,reviewed,us,us
2026-01-29T04:09:39.015Z,-10.4947,165.2331,35,4.1,mb,17,129,5.283,0.67,us,us6000s8z4,2026-02-20T02:47:29.040Z,"66 km WNW of Lata, Solomon Islands",earthquake,11.21,1.995,0.175,9,reviewed,us,us
2026-01-29T04:04:20.879Z,54.7177,-161.4643,53.931,4,mb,79,153,0.491,1,us,us6000s550,2026-02-20T01:39:40.040Z,"66 km SE of King Cove, Alaska",earthquake,5.56,7.803,0.155,11,reviewed,us,us
2026-01-29T03:15:57.979Z,12.2199,-87.8424,52.024,4.1,mb,20,187,1.327,1.32,us,us6000s8yz,2026-02-20T01:25:05.040Z,"72 km SW of Jiquilillo, Nicaragua",earthquake,10.23,11.382,0.145,13,reviewed,us,us
2026-01-29T02:47:49.768Z,35.014,139.9711,26.596,4,mwr,52,133,1.898,0.68,us,us6000s54w,2026-03-17T21:51:10.040Z,"4 km WSW of Wada, Japan",earthquake,7.39,4.573,0.089,12,reviewed,us,us
2026-01-29T02:20:03.709Z,60.4208,-139.5606,5,3.5,ml,40,52,0.475,1.14,us,us6000s54q,2026-02-20T00:53:28.602Z,"97 km N of Yakutat, Alaska",earthquake,1.46,1.977,0.038,90,reviewed,us,us
2026-01-29T01:40:43.047Z,35.0125,140.0857,40.234,4.4,mb,14,168,1.906,0.24,us,us6000s8yw,2026-03-17T22:21:20.040Z,"6 km ESE of Wada, Japan",earthquake,6.51,10.746,0.309,3,reviewed,us,us
2026-01-29T01:25:13.503Z,34.9967,139.9801,19.756,4.4,mwr,40,142,0.414,0.56,us,us6000s54g,2026-02-20T00:22:24.040Z,"5 km SW of Wada, Japan",earthquake,5.48,3.158,0.078,16,reviewed,us,us
2026-01-29T00:50:54.122Z,-6.4647,129.7092,178.699,4.5,mb,44,108,1.939,0.66,us,us6000s54e,2026-02-17T04:46:29.040Z,"Banda Sea",earthquake,9.91,5.02,0.094,33,reviewed,us,us
2026-01-29T00:33:17.880Z,6.2022,123.6384,10,4.5,mb,35,123,2.112,0.42,us,us6000s8yv,2026-02-16T23:11:49.040Z,"52 km WSW of Sangay, Philippines",earthquake,10.59,1.929,0.109,25,reviewed,us,us
2026-01-29T00:16:26.480Z,17.993,-68.4468,85,3.83,md,26,199,0.525,0.46,pr,pr2026029000,2026-02-16T22:36:14.040Z,"45 km SSE of Boca de Yuma, Dominican Republic",earthquake,2.9,2.57,0.12,23,reviewed,pr,pr
2026-01-29T00:08:22.207Z,6.0531,123.6801,10,4.2,mb,19,156,2.14,0.67,us,us6000s8yu,2026-02-16T21:35:22.040Z,"58 km WSW of Palimbang, Philippines",earthquake,7.87,1.94,0.152,12,reviewed,us,us
2026-01-28T23:47:15.347Z,50.7327,-179.328,7.411,3.9,mb,50,226,0.883,1.03,us,us6000s54n,2026-02-16T06:24:58.040Z,"226 km SW of Adak, Alaska",earthquake,4.71,5.709,0.095,29,reviewed,us,us
2026-01-28T23:43:56.536Z,6.2973,123.8079,10,5,mb,122,42,1.919,0.47,us,us6000s543,2026-02-16T06:04:47.567Z,"30 km WSW of Sangay, Philippines",earthquake,7.77,1.779,0.057,100,reviewed,us,us
2026-01-28T22:32:36.983Z,-4.9381,151.7306,132.645,4.6,mb,45,95,0.858,0.52,us,us6000s53q,2026-02-16T04:46:09.040Z,"88 km SW of Kokopo, Papua New Guinea",earthquake,9.31,7.452,0.089,38,reviewed,us,us
2026-01-28T22:30:24.186Z,2.2585,-101.6561,10,5.2,mww,101,82,15.508,0.65,us,us6000s53p,2026-02-16T04:10:33.040Z,"Galapagos Triple Junction region",earthquake,12.59,1.823,0.073,18,reviewed,us,us
2026-01-28T22:07:49.959Z,1.3775,123.5571,35,4.5,mb,36,96,5.083,0.44,us,us6000s53l,2026-02-16T03:44:38.040Z,"107 km NNE of Gorontalo, Indonesia",earthquake,8.84,1.888,0.108,25,reviewed,us,us
2026-01-28T21:34:39.082Z,47.1909,155.9287,10,4.4,mb,72,137,6.032,0.85,us,us6000s53f,2026-02-16T02:51:31.040Z,"east of the Kuril Islands",earthquake,9.98,1.912,0.071,58,reviewed,us,us
2026-01-28T20:31:46.031Z,51.4138,159.7523,10,4.4,mb,19,223,1.749,0.8,us,us6000s8yb,2026-02-15T22:38:04.040Z,"192 km SSE of Vilyuchinsk, Russia",earthquake,14.06,1.979,0.155,12,reviewed,us,us
2026-01-28T20:07:13.128Z,2.2462,126.7048,35,4.1,mb,28,123,4.921,0.99,us,us6000s8ya,2026-02-15T22:12:20.040Z,"156 km WNW of Tobelo, Indonesia",earthquake,12.08,1.928,0.112,22,reviewed,us,us
2026-01-28T19:45:11.840Z,6.2913,123.8417,10,4.4,mb,33,118,1.891,0.61,us,us6000s8y9,2026-02-15T22:03:52.040Z,"28 km SW of Sangay, Philippines",earthquake,12.06,1.91,0.11,24,reviewed,us,us
2026-01-28T18:52:55.114Z,1.3908,123.5716,45.576,4.7,mb,54,79,5.102,0.77,us,us6000s52t,2026-02-15T21:43:19.040Z,"110 km NNE of Gorontalo, Indonesia",earthquake,8.31,6.378,0.093,35,reviewed,us,us
2026-01-28T18:30:15.620Z,-8.6184,118.2996,133.558,5.1,mb,110,32,0.557,0.86,us,us6000s52m,2026-02-15T21:38:40.034Z,"20 km WSW of Dompu, Indonesia",earthquake,3.1,4.205,0.06,94,reviewed,us,us
2026-01-28T18:15:29.346Z,-23.9487,-66.9842,183.514,3.9,mb,13,111,1.479,0.55,us,us6000s52h,2026-03-08T16:30:23.040Z,"73 km WNW of San Antonio de los Cobres, Argentina",earthquake,11.79,11.869,0.297,3,reviewed,us,us
2026-01-28T17:35:45.648Z,-33.8788,-72.1063,30.406,4,mwr,32,155,0.466,0.67,us,us6000s51j,2026-02-15T21:05:03.040Z,"55 km SW of San Antonio, Chile",earthquake,5.17,5.554,0.059,28,reviewed,us,us
2026-01-28T17:22:22.981Z,-7.2698,130.3413,7.175,5,mb,81,40,2.764,0.93,us,us6000s51i,2026-02-15T20:58:29.040Z,"Pulau Pulau Tanimbar, Indonesia",earthquake,7.85,4.353,0.072,61,reviewed,us,us
2026-01-28T15:58:04.003Z,6.4524,123.6886,10,5,mb,79,37,1.975,1.13,us,us6000s51a,2026-02-15T02:27:57.161Z,"39 km WSW of Bantogon, Philippines",earthquake,7.97,1.491,0.071,63,reviewed,us,us
2026-01-28T15:35:29.644Z,6.3833,123.5847,10,4.2,mb,13,140,2.095,0.69,us,us6000s8y4,2026-02-14T01:03:54.040Z,"51 km W of Sangay, Philippines",earthquake,11.46,1.96,0.186,8,reviewed,us,us
2026-01-28T15:27:39.871Z,6.34,123.6265,10,4.4,mb,14,92,2.07,0.88,us,us6000s8y3,2026-02-14T00:34:37.040Z,"47 km WSW of Sangay, Philippines",earthquake,8.89,1.946,0.178,9,reviewed,us,us
2026-01-28T15:18:01.660Z,27.1774,53.3131,10,4.2,mb,24,131,3.421,0.48,us,us6000s512,2026-02-15T02:22:48.040Z,"59 km SE of Mohr, Iran",earthquake,11.41,1.94,0.121,19,reviewed,us,us
2026-01-28T15:17:10.964Z,-8.5484,118.9594,171.117,4.2,mb,15,107,1.202,0.62,us,us6000s8y2,2026-02-14T00:29:12.040Z,"3 km NW of Sape, Indonesia",earthquake,8.73,10.521,0.186,8,reviewed,us,us
2026-01-28T14:56:28.806Z,18.9212,145.3279,310.86,4.8,mb,142,34,3.686,0.57,us,us6000s4zs,2026-02-18T16:14:34.040Z,"Pagan region, Northern Mariana Islands",earthquake,9.98,6.482,0.03,334,reviewed,us,us
2026-01-28T14:53:59.325Z,35.362,-35.382,10,4.4,mb,15,130,24.545,0.49,us,us6000s8y1,2026-02-19T17:53:11.040Z,"northern Mid-Atlantic Ridge",earthquake,10.57,1.889,0.163,11,reviewed,us,us
2026-01-28T14:49:06.044Z,6.6126,123.8127,10,4.6,mb,48,56,1.812,0.45,us,us6000s4zr,2026-02-19T11:12:25.040Z,"25 km WNW of Bantogon, Philippines",earthquake,7.68,1.856,0.093,34,reviewed,us,us
2026-01-28T14:36:34.177Z,6.3453,123.9032,10,4.4,mb,17,89,1.813,0.6,us,us6000s8yl,2026-02-19T13:23:47.040Z,"19 km SW of Sangay, Philippines",earthquake,7.93,1.878,0.161,11,reviewed,us,us
2026-01-28T14:33:12.356Z,6.401,123.8059,10,4.9,mww,75,47,1.882,0.34,us,us6000s4zq,2026-03-20T13:30:46.040Z,"26 km W of Sangay, Philippines",earthquake,4.59,1.871,0.093,11,reviewed,us,us
2026-01-28T14:20:43.710Z,6.2312,123.5869,10,4.1,mb,14,137,2.147,0.43,us,us6000s8xz,2026-02-19T12:42:06.040Z,"55 km WSW of Sangay, Philippines",earthquake,5.81,1.926,0.185,8,reviewed,us,us
2026-01-28T14:08:55.190Z,6.4451,123.6849,10,4.4,mb,18,150,1.981,0.4,us,us6000s8xv,2026-02-19T12:34:23.040Z,"39 km WSW of Bantogon, Philippines",earthquake,9.23,1.546,0.155,12,reviewed,us,us
2026-01-28T13:41:32.432Z,6.4727,123.7507,10,4.7,mb,78,45,1.91,0.45,us,us6000s4zl,2026-02-19T10:44:30.040Z,"31 km WSW of Bantogon, Philippines",earthquake,7.73,1.842,0.072,62,reviewed,us,us
2026-01-28T13:24:03.137Z,6.3756,123.7689,10,4.5,mb,18,68,1.926,0.4,us,us6000s8y8,2026-02-19T13:15:06.040Z,"31 km WSW of Sangay, Philippines",earthquake,8.69,1.922,0.163,11,reviewed,us,us
2026-01-28T12:55:28.569Z,6.264,123.795,10,4.6,mb,29,81,1.945,0.55,us,us6000s4zg,2026-02-15T07:13:10.040Z,"34 km SW of Sangay, Philippines",earthquake,7.26,1.837,0.112,24,reviewed,us,us
2026-01-28T12:54:14.074Z,-15.2128,-173.5505,45.068,4.4,mb,16,175,3.045,0.62,us,us6000s8xt,2026-02-15T07:12:12.040Z,"86 km NNE of Hihifo, Tonga",earthquake,14.2,11.674,0.19,11,reviewed,us,us
2026-01-28T12:45:48.561Z,6.4504,123.7165,10,4.5,mb,20,61,1.949,0.4,us,us6000s8y5,2026-02-15T07:09:36.040Z,"36 km WSW of Bantogon, Philippines",earthquake,7.64,1.944,0.15,13,reviewed,us,us
2026-01-28T12:29:17.006Z,4.5602,94.0827,35,4.2,mb,16,164,4.757,0.7,us,us6000s8xs,2026-03-12T07:25:20.040Z,"176 km SW of Banda Aceh, Indonesia",earthquake,12.5,1.973,0.158,11,reviewed,us,us
2026-01-28T12:20:29.427Z,6.3079,123.6149,10,4.3,mb,19,82,2.093,0.76,us,us6000s8xr,2026-02-15T07:02:26.040Z,"49 km WSW of Sangay, Philippines",earthquake,11.27,1.946,0.138,15,reviewed,us,us
2026-01-28T11:31:36.925Z,-55.9273,-27.5634,117.157,5,mb,55,67,5.382,0.68,us,us6000s4z9,2026-02-15T06:34:31.040Z,"South Sandwich Islands region",earthquake,10.81,6.122,0.081,49,reviewed,us,us
2026-01-28T10:45:50.908Z,40.2744,143.0152,19.906,5.1,mww,127,98,1.573,0.55,us,us6000s4z6,2026-03-12T07:29:04.040Z,"103 km E of Noda, Japan",earthquake,6.73,3.806,0.065,23,reviewed,us,us
2026-01-28T10:28:24.047Z,6.2256,123.6943,10,4.4,mb,27,115,2.051,0.4,us,us6000s4z4,2026-02-15T06:31:16.040Z,"45 km WSW of Sangay, Philippines",earthquake,11.54,1.935,0.117,21,reviewed,us,us
2026-01-28T09:40:09.449Z,-31.914,-178.4041,35,4.4,mb,11,236,6.251,0.82,us,us6000s8xe,2026-02-15T06:27:07.040Z,"Kermadec Islands region",earthquake,13.81,1.928,0.203,7,reviewed,us,us
2026-01-28T09:30:28.570Z,6.405,123.6792,10,4.7,mb,32,66,1.999,0.47,us,us6000s8xf,2026-02-15T06:17:37.040Z,"40 km W of Sangay, Philippines",earthquake,9.52,1.899,0.114,23,reviewed,us,us
2026-01-28T09:24:34.694Z,6.5656,123.711,10,4.9,mb,46,61,1.921,0.63,us,us6000s4yx,2026-02-15T06:23:06.870Z,"35 km W of Bantogon, Philippines",earthquake,9.86,1.913,0.089,39,reviewed,us,us
2026-01-28T09:14:03.009Z,51.2858,159.3527,35,5.2,mb,111,111,1.793,0.82,us,us6000s4yu,2026-02-15T06:21:04.040Z,"194 km SSE of Vilyuchinsk, Russia",earthquake,4.29,1.88,0.055,108,reviewed,us,us
2026-01-28T09:05:24.450Z,51.5105,-176.7706,61.445,3.5,ml,23,202,0.383,0.28,us,us6000s5cs,2026-02-12T05:50:21.040Z,"41 km SSW of Adak, Alaska",earthquake,9.91,22.715,0.105,12,reviewed,us,us
2026-01-28T08:51:51.632Z,6.3102,123.7423,10,4.3,mb,23,123,1.974,0.78,us,us6000s8xw,2026-02-18T13:38:52.040Z,"36 km WSW of Sangay, Philippines",earthquake,10.2,1.939,0.153,14,reviewed,us,us
2026-01-28T08:43:45.744Z,6.5456,123.8911,10,5.1,mb,53,50,1.755,0.68,us,us6000s4yq,2026-02-17T13:38:28.687Z,"15 km W of Bantogon, Philippines",earthquake,8.46,1.9,0.088,42,reviewed,us,us
2026-01-28T08:38:47.432Z,6.5064,123.6429,10,5.6,mb,131,35,2.003,1.16,us,us6000s4yn,2026-02-17T08:16:19.202Z,"43 km W of Bantogon, Philippines",earthquake,6.82,1.728,0.042,203,reviewed,us,us
2026-01-28T08:35:21.867Z,6.3923,123.6213,10,5.3,mb,43,107,2.058,0.65,us,us6000s8yj,2026-02-18T11:31:45.040Z,"47 km W of Sangay, Philippines",earthquake,6.66,1.682,0.132,27,reviewed,us,us
2026-01-28T08:34:31.956Z,6.5076,123.7366,10,5.4,mww,120,35,1.913,0.99,us,us6000s4yl,2026-02-16T14:32:01.989Z,"32 km W of Bantogon, Philippines",earthquake,7.03,1.728,0.063,24,reviewed,us,us
2026-01-28T08:24:22.482Z,51.7714,160.0751,10,5.1,mb,73,88,1.528,0.84,us,us6000s4yk,2026-02-16T12:35:01.040Z,"172 km SE of Vilyuchinsk, Russia",earthquake,5.76,1.7,0.049,134,reviewed,us,us
2026-01-28T08:01:04.479Z,6.3195,123.7143,10,4.4,mb,23,68,1.996,0.55,us,us6000s8xa,2026-02-18T13:59:25.040Z,"39 km WSW of Sangay, Philippines",earthquake,5.43,1.881,0.155,16,reviewed,us,us
2026-01-28T07:57:39.874Z,51.3321,159.4121,35,5,mb,74,128,1.758,0.87,us,us6000s4yg,2026-02-16T12:43:37.040Z,"190 km SSE of Vilyuchinsk, Russia",earthquake,8.44,1.911,0.058,95,reviewed,us,us
2026-01-28T07:43:30.474Z,6.4433,123.6537,10,4.6,mb,40,61,2.011,0.67,us,us6000s4yf,2026-02-17T14:43:16.040Z,"43 km WSW of Bantogon, Philippines",earthquake,9.79,1.893,0.107,31,reviewed,us,us
2026-01-28T07:11:15.039Z,6.3413,123.6363,10,4.4,mb,24,124,2.061,0.79,us,us6000s8xi,2026-02-18T14:09:30.040Z,"46 km WSW of Sangay, Philippines",earthquake,10.3,1.91,0.162,15,reviewed,us,us
2026-01-28T06:52:33.522Z,6.5523,123.5458,10,5,mb,52,41,2.083,0.97,us,us6000s4y2,2026-02-17T09:03:39.450Z,"53 km W of Bantogon, Philippines",earthquake,6.75,1.85,0.089,43,reviewed,us,us
2026-01-28T06:47:01.506Z,6.4317,123.741,16,5.9,mww,129,27,1.932,1.09,us,us6000s4xz,2026-03-16T09:58:50.582Z,"33 km W of Sangay, Philippines",earthquake,7.16,1.765,0.048,42,reviewed,us,us
2026-01-28T06:34:01.580Z,45.0887,142.3129,10,4.5,mb,37,111,0.99,1.06,us,us6000s4y0,2026-03-16T10:05:17.040Z,"7 km SW of Hamatonbetsu, Japan",earthquake,6.79,1.903,0.101,29,reviewed,us,us
2026-01-28T06:31:19.816Z,6.3936,123.7702,10,5.1,mb,70,47,1.918,1.31,us,us6000s4xy,2026-02-16T13:59:38.771Z,"30 km W of Sangay, Philippines",earthquake,5.04,1.579,0.066,73,reviewed,us,us
2026-01-28T05:42:16.542Z,26.4504,-110.7386,10,4,mb,57,138,1.597,1.14,us,us6000s4xq,2026-02-16T13:01:33.040Z,"77 km NE of Loreto, Mexico",earthquake,6.62,1.962,0.149,12,reviewed,us,us
2026-01-28T05:38:54.376Z,6.2705,123.7605,10,4.4,mb,21,83,1.973,1.28,us,us6000s4yw,2026-02-19T15:12:34.040Z,"36 km WSW of Sangay, Philippines",earthquake,7.79,1.796,0.156,17,reviewed,us,us
2026-01-28T05:08:21.366Z,6.2044,123.8363,10,4.7,mb,34,108,1.933,0.79,us,us6000s4xk,2026-02-19T10:44:49.040Z,"35 km SW of Sangay, Philippines",earthquake,8.91,1.89,0.104,30,reviewed,us,us
2026-01-28T05:07:51.480Z,-6.2604,148.3154,39.198,4.9,mb,46,67,3.327,1.07,us,us6000s4xj,2026-03-16T09:35:55.040Z,"61 km ENE of Finschhafen, Papua New Guinea",earthquake,8.28,8.144,0.098,33,reviewed,us,us
2026-01-28T03:59:16.585Z,44.5528,-79.1239,8.471,4.1,mb,61,48,0.217,0.63,us,us6000s4xb,2026-02-15T02:25:12.200Z,"24 km ESE of Orillia, Canada",earthquake,3.85,5.482,0.101,27,reviewed,us,us
2026-01-28T03:33:46.755Z,6.2875,123.7948,10,4.9,mb,30,64,1.935,1.03,us,us6000s4x7,2026-02-15T01:55:40.456Z,"32 km WSW of Sangay, Philippines",earthquake,9.54,1.91,0.117,23,reviewed,us,us
2026-01-28T03:27:00.837Z,27.226,141.8687,49.562,4.6,mb,32,141,9.197,0.7,us,us6000s8wx,2026-02-13T22:35:54.040Z,"Bonin Islands, Japan region",earthquake,13.33,8.094,0.122,20,reviewed,us,us
2026-01-28T03:25:20.628Z,6.2357,123.5536,10,4.7,mb,19,90,2.176,0.67,us,us6000s8yf,2026-02-14T01:10:16.040Z,"59 km WSW of Sangay, Philippines",earthquake,7.45,1.879,0.166,11,reviewed,us,us
2026-01-28T03:24:27.814Z,6.5648,123.8961,10,5.1,mb,55,62,1.745,1.12,us,us6000s4x4,2026-02-15T01:42:44.610Z,"15 km WNW of Bantogon, Philippines",earthquake,8.45,1.876,0.084,46,reviewed,us,us
2026-01-28T03:23:01.649Z,6.3967,123.7538,10,4.5,mb,24,67,1.932,0.88,us,us6000s8wv,2026-02-13T22:24:36.040Z,"32 km W of Sangay, Philippines",earthquake,6.87,1.706,0.136,16,reviewed,us,us
2026-01-28T02:58:43.107Z,-11.8358,-14.0486,10,5.2,mb,48,112,3.89,0.73,us,us6000s4x2,2026-02-15T01:30:40.040Z,"Ascension Island region",earthquake,9.81,1.88,0.086,44,reviewed,us,us
2026-01-28T02:54:35.744Z,-18.3375,-174.9411,253.482,4.1,mb,14,121,4.808,0.71,us,us6000s8x2,2026-02-13T22:57:03.040Z,"106 km WNW of Neiafu, Tonga",earthquake,7.52,15.755,0.165,10,reviewed,us,us
2026-01-28T02:23:10.078Z,6.2426,123.6868,10,4.4,mb,17,90,2.051,1.04,us,us6000s8wt,2026-02-13T22:10:02.040Z,"45 km WSW of Sangay, Philippines",earthquake,9.01,1.882,0.143,14,reviewed,us,us
2026-01-28T02:04:57.807Z,-11.6299,-13.7999,10,4.8,mb,23,152,3.715,1.07,us,us6000s8x6,2026-02-14T00:14:09.040Z,"Ascension Island region",earthquake,7.57,1.921,0.127,19,reviewed,us,us
2026-01-28T01:58:30.753Z,-11.6044,-14.0969,10,5.4,mww,69,55,2.683,0.93,us,us6000s4wv,2026-03-06T23:26:53.172Z,"Ascension Island region",earthquake,7.66,1.853,0.071,19,reviewed,us,us
2026-01-28T01:53:42.795Z,45.213,142.196,10,4.2,mb,24,109,1.13,0.37,us,us6000s8wy,2026-02-13T22:47:43.040Z,"17 km WNW of Hamatonbetsu, Japan",earthquake,7.91,1.486,0.159,11,reviewed,us,us
2026-01-28T01:41:49.103Z,6.511,123.8484,10,5.4,mb,84,45,1.806,0.77,us,us6000s4ws,2026-02-15T23:18:33.507Z,"20 km W of Bantogon, Philippines",earthquake,9.07,1.874,0.068,73,reviewed,us,us
2026-01-28T01:09:35.604Z,-0.5328,134.1851,10,4.1,mb,14,185,0.971,0.48,us,us6000s8wp,2026-02-13T21:47:53.040Z,"38 km NNE of Manokwari, Indonesia",earthquake,8.94,1.968,0.174,9,reviewed,us,us
2026-01-28T00:37:27.324Z,-0.1099,125.328,33.668,4.6,mb,41,83,5.423,0.62,us,us6000s4wh,2026-02-18T02:27:07.040Z,"117 km ESE of Modisi, Indonesia",earthquake,9.33,5.919,0.107,26,reviewed,us,us
2026-01-27T23:49:55.171Z,-31.0489,-70.0625,112.305,4.4,mb,41,45,0.578,1.02,us,us6000s4wa,2026-02-18T02:25:07.040Z,"68 km WNW of Calingasta, Argentina",earthquake,4.42,6.551,0.149,13,reviewed,us,us
2026-01-27T23:32:54.951Z,38.1967,74.1143,161.13,4.5,mb,71,78,1.288,0.6,us,us6000s4w8,2026-02-13T04:03:36.040Z,"13 km ENE of Murghob, Tajikistan",earthquake,7.9,6.381,0.064,73,reviewed,us,us
2026-01-27T23:21:02.275Z,6.3567,123.6353,10,4.4,mb,27,150,2.056,0.53,us,us6000s8j7,2026-03-08T21:55:53.040Z,"46 km WSW of Sangay, Philippines",earthquake,11.58,1.93,0.126,18,reviewed,us,us
2026-01-27T23:19:58.461Z,6.5003,123.8567,10,4.6,mb,53,86,1.802,0.69,us,us6000s4w5,2026-03-08T21:53:35.040Z,"19 km W of Bantogon, Philippines",earthquake,11.05,1.913,0.084,43,reviewed,us,us
2026-01-27T23:06:02.206Z,-10.4411,112.4883,10,4.4,mb,29,59,2.555,0.54,us,us6000s8iy,2026-02-13T03:28:47.040Z,"248 km S of Dampit, Indonesia",earthquake,6.72,1.874,0.131,17,reviewed,us,us
2026-01-27T22:42:10.543Z,50.4905,156.4402,70,4.1,mb,31,166,2.736,0.53,us,us6000s8j1,2026-02-18T01:51:14.040Z,"30 km SE of Severo-Kuril’sk, Russia",earthquake,6.57,10.058,0.14,15,reviewed,us,us
2026-01-27T21:20:28.400Z,-5.5369,147.1328,187.505,4.4,mb,24,101,3.843,0.61,us,us6000s8ix,2026-02-18T01:47:56.040Z,"132 km N of Lae, Papua New Guinea",earthquake,8.5,7.383,0.13,17,reviewed,us,us
2026-01-27T21:10:24.580Z,28.7017,-129.3141,10,4.9,mww,55,216,9.545,0.86,us,us6000s4vg,2026-04-05T22:58:47.040Z,"North Pacific Ocean",earthquake,13.52,1.978,0.055,32,reviewed,us,us
2026-01-27T21:06:35.967Z,13.5966,-88.3014,183.499,4.5,mb,48,91,0.129,0.61,us,us6000s4v5,2026-02-13T01:52:58.040Z,"5 km SW of Chapeltique, El Salvador",earthquake,8.59,8.836,0.06,81,reviewed,us,us
2026-01-27T19:54:12.979Z,6.5222,123.8098,10,5.1,mww,120,36,1.839,0.49,us,us6000s4uf,2026-02-15T20:36:30.103Z,"24 km W of Bantogon, Philippines",earthquake,7.1,1.722,0.069,20,reviewed,us,us
2026-01-27T19:46:23.218Z,6.4388,123.7924,10,4.8,mb,62,46,1.882,0.5,us,us6000s4ud,2026-02-15T18:46:04.432Z,"27 km W of Sangay, Philippines",earthquake,10.59,1.885,0.078,51,reviewed,us,us
2026-01-27T19:44:56.150Z,-16.9592,-174.3028,88.653,4.4,mb,18,140,3.887,0.45,us,us6000s4ub,2026-02-15T18:21:41.040Z,"123 km SSW of Hihifo, Tonga",earthquake,10.96,7.349,0.134,17,reviewed,us,us
2026-01-27T19:22:00.335Z,-15.9622,-173.8579,103.642,4.4,mb,28,64,2.862,0.93,us,us6000s8iu,2026-03-08T16:14:44.040Z,"6 km W of Hihifo, Tonga",earthquake,10.05,6.729,0.102,28,reviewed,us,us
2026-01-27T17:53:33.529Z,37.4764,20.2364,18.196,4.6,mb,92,52,1.378,0.73,us,us6000s4tv,2026-02-15T17:42:30.040Z,"58 km WSW of Lithakiá, Greece",earthquake,6.79,4.738,0.075,54,reviewed,us,us
2026-01-27T17:43:59.859Z,6.3997,123.8091,13.188,4.7,mb,63,50,1.88,0.7,us,us6000s4tu,2026-02-15T17:31:20.040Z,"26 km W of Sangay, Philippines",earthquake,8.55,4.587,0.079,48,reviewed,us,us
2026-01-27T17:41:03.310Z,6.3572,123.6729,10,4.2,mb,20,98,2.021,0.66,us,us6000s8iq,2026-02-15T17:24:37.040Z,"42 km WSW of Sangay, Philippines",earthquake,11.44,0.823,0.137,15,reviewed,us,us
2026-01-27T17:07:38.918Z,6.4551,123.7855,10,5,mb,48,84,1.883,0.83,us,us6000s8in,2026-03-08T15:54:37.040Z,"28 km W of Sangay, Philippines",earthquake,9.76,1.46,0.097,34,reviewed,us,us
2026-01-27T17:05:09.429Z,6.4232,123.801,10,5.2,mww,126,37,1.879,0.58,us,us6000s4rf,2026-02-14T23:13:29.211Z,"27 km W of Sangay, Philippines",earthquake,7.12,1.77,0.071,19,reviewed,us,us
2026-01-27T16:56:28.591Z,18.8276,120.7949,32.306,4.5,mb,48,77,3.979,0.63,us,us6000s8ip,2026-02-18T19:31:19.040Z,"29 km N of Pagudpud, Philippines",earthquake,8.64,14.703,0.092,35,reviewed,us,us
2026-01-27T15:50:37.554Z,6.4883,123.7403,10,5.1,mww,154,36,1.915,0.69,us,us6000s4qp,2026-02-18T18:22:26.264Z,"32 km W of Bantogon, Philippines",earthquake,7.49,1.815,0.103,9,reviewed,us,us
2026-01-27T15:48:24.487Z,6.438,123.6959,9.944,4.6,mb,20,123,1.973,0.99,us,us6000s8im,2026-02-18T18:13:09.040Z,"38 km W of Sangay, Philippines",earthquake,7.69,10.988,0.146,14,reviewed,us,us
2026-01-27T15:26:55.036Z,6.8697,123.4546,10,4.3,mb,17,101,2.118,0.7,us,us6000s8il,2026-03-07T22:50:31.040Z,"62 km S of Panubigan, Philippines",earthquake,9.39,1.92,0.142,16,reviewed,us,us
2026-01-27T14:47:38.519Z,6.5909,123.6065,11.799,4.7,mb,74,49,2.016,0.66,us,us6000s4qg,2026-02-12T23:37:34.800Z,"47 km W of Bantogon, Philippines",earthquake,4.22,4.093,0.061,82,reviewed,us,us
2026-01-27T14:39:35.486Z,1.7406,126.9094,72.826,4.2,mb,12,152,5.06,0.87,us,us6000s8ij,2026-02-12T23:33:49.040Z,"117 km NNW of Ternate, Indonesia",earthquake,6.51,12.227,0.175,9,reviewed,us,us
2026-01-27T14:20:05.262Z,-4.6111,101.0194,10,4.7,mb,74,138,1.946,0.55,us,us6000s4qb,2026-02-12T23:24:37.040Z,"164 km WSW of Bengkulu, Indonesia",earthquake,8.3,1.883,0.074,60,reviewed,us,us
2026-01-27T12:43:34.514Z,-18.0933,-174.6468,174.594,4.5,mb,79,123,5.937,0.68,us,us6000s4py,2026-02-19T09:23:05.040Z,"93 km NW of Neiafu, Tonga",earthquake,7.64,6.584,0.059,85,reviewed,us,us
2026-01-27T12:06:15.235Z,-30.0277,-178.0212,75.254,4.4,mb,20,144,8.111,0.6,us,us6000s8ih,2026-02-19T12:06:44.040Z,"Kermadec Islands, New Zealand",earthquake,12.62,12.315,0.134,16,reviewed,us,us
2026-01-27T09:54:18.117Z,-59.954,-26.1614,35,4.6,mb,38,95,7.986,0.55,us,us6000s8ik,2026-02-19T16:57:30.040Z,"South Sandwich Islands region",earthquake,13.81,1.937,0.098,31,reviewed,us,us
2026-01-27T09:52:36.142Z,47.5889,152.8983,83.965,4.5,mb,29,135,6.321,0.45,us,us6000s8if,2026-02-19T11:49:26.040Z,"Kuril Islands",earthquake,13.07,8.707,0.121,20,reviewed,us,us
2026-01-27T09:37:37.740Z,19.222166666667,-155.49783333333,33.32,4.23,ml,62,73,0.0261,0.12,hv,hv74886167,2026-02-18T16:52:54.506Z,"2 km NW of Pāhala, Hawaii",earthquake,0.42,0.43,0.24353819648488,47,reviewed,hv,hv
2026-01-27T09:18:37.691Z,-29.9352,-177.8215,56.277,4.7,mb,19,198,8.261,0.58,us,us6000s8id,2026-02-19T12:24:35.040Z,"Kermadec Islands, New Zealand",earthquake,9.97,12.867,0.142,15,reviewed,us,us
2026-01-27T09:05:47.750Z,8.8268,-104.2808,10,4.5,mb,42,206,10.31,0.31,us,us6000s8ib,2026-02-19T18:05:52.040Z,"northern East Pacific Rise",earthquake,14.5,1.973,0.093,34,reviewed,us,us
2026-01-27T08:31:32.187Z,-4.4809,149.6587,566.809,4.5,mb,29,137,3.332,0.52,us,us6000s4p9,2026-02-17T13:10:39.040Z,"129 km NNW of Kimbe, Papua New Guinea",earthquake,13.69,10.568,0.135,16,reviewed,us,us
2026-01-27T08:18:31.787Z,-8.0971,109.0231,90.809,4.1,mb,26,96,1.499,0.84,us,us6000s8i9,2026-03-16T13:01:08.040Z,"41 km S of Cilacap, Indonesia",earthquake,5.35,9.103,0.158,14,reviewed,us,us
2026-01-27T08:06:51.354Z,-23.5989,171.7137,10,4.5,mb,19,132,4.049,0.82,us,us6000s8ii,2026-02-18T14:21:52.040Z,"southeast of the Loyalty Islands",earthquake,6.64,1.957,0.181,13,reviewed,us,us
2026-01-27T07:54:38.733Z,-23.5235,178.9088,593.252,4.2,mb,50,87,5.805,0.75,us,us6000s4p3,2026-02-16T12:54:47.040Z,"south of the Fiji Islands",earthquake,13.94,7.827,0.062,72,reviewed,us,us
2026-01-27T07:00:18.582Z,13.0892,-91.0715,10,4,mb,27,187,1.494,1.38,us,us6000s8i7,2026-02-18T10:49:57.040Z,"96 km SSW of Puerto San José, Guatemala",earthquake,8.44,1.974,0.139,16,reviewed,us,us
2026-01-27T06:15:33.277Z,-7.8631,110.453,10,4.6,mb,32,71,0.809,1.02,us,us6000s4p8,2026-03-09T12:57:13.040Z,"10 km E of Sewon, Indonesia",earthquake,4.51,1.831,0.114,23,reviewed,us,us
2026-01-27T05:08:06.319Z,-15.0371,-174.7346,198.528,4.1,mb,31,112,3.072,0.61,us,us6000s4nt,2026-02-22T14:19:18.040Z,"142 km NW of Hihifo, Tonga",earthquake,9.93,8.055,0.12,23,reviewed,us,us
2026-01-27T04:56:36.270Z,-20.4303,-176.9126,269.516,4.5,mb,73,98,5.282,0.73,us,us6000s4ns,2026-02-16T02:40:27.040Z,"186 km WNW of Houma, Tonga",earthquake,10.88,7.818,0.068,64,reviewed,us,us
2026-01-27T04:29:23.651Z,50.5054,159.7734,10,5,mb,194,88,2.616,0.57,us,us6000s4nn,2026-02-16T02:02:54.040Z,"254 km ESE of Ozernovskiy, Russia",earthquake,8.4,1.8,0.044,167,reviewed,us,us
2026-01-27T03:52:52.936Z,53.0383,161.3305,24.065,4.4,mb,48,162,1.619,0.91,us,us6000s4nj,2026-02-16T00:43:26.040Z,"181 km E of Petropavlovsk-Kamchatsky, Russia",earthquake,11.54,6.94,0.095,34,reviewed,us,us
2026-01-27T02:47:30.039Z,42.9662,146.3815,35,5.2,mb,217,58,2.567,1.05,us,us6000s4n9,2026-02-16T00:18:59.040Z,"76 km ESE of Nemuro, Japan",earthquake,7.6,1.803,0.043,180,reviewed,us,us
2026-01-27T02:12:51.543Z,45.4928,143.0219,310.674,4.5,mb,207,100,1.407,0.62,us,us6000s4n2,2026-02-13T05:43:44.040Z,"64 km NE of Hamatonbetsu, Japan",earthquake,8.25,5.286,0.043,161,reviewed,us,us
2026-01-27T01:31:43.432Z,-59.55,-26.4506,83.269,5.2,mb,101,41,18.105,0.56,us,us6000s4mk,2026-02-13T05:06:42.040Z,"South Sandwich Islands region",earthquake,11.45,4.977,0.063,83,reviewed,us,us
2026-01-27T01:20:42.659Z,-7.9,111.4274,127,5.7,mww,231,20,1.293,0.76,us,us6000s4mj,2026-03-23T21:42:31.963Z,"5 km SW of Ponorogo, Indonesia",earthquake,6.26,1.832,0.063,24,reviewed,us,us
2026-01-27T00:54:38.564Z,-3.238,140.0483,69.19,4.3,mb,6,98,0.972,0.56,us,us6000s8hx,2026-03-08T21:18:15.040Z,"96 km SW of Abepura, Indonesia",earthquake,10.11,8.223,0.178,9,reviewed,us,us
2026-01-27T00:53:36.201Z,-40.4675,174.8709,40.959,4.6,mb,35,47,0.572,0.54,us,us6000s4mf,2026-02-18T01:40:11.826Z,"30 km W of Foxton Beach, New Zealand",earthquake,2.11,7.358,0.172,10,reviewed,us,us
2026-01-27T00:49:52.464Z,3.2485,127.0067,36.144,4.5,mb,30,114,4.053,0.88,us,us6000s8i2,2026-02-13T00:49:15.040Z,"201 km NNW of Tobelo, Indonesia",earthquake,14.33,7.774,0.113,23,reviewed,us,us
2026-01-27T00:49:05.346Z,51.4078,159.2561,35,4.9,mb,87,134,1.661,0.75,us,us6000s4me,2026-03-08T21:07:36.040Z,"179 km SSE of Vilyuchinsk, Russia",earthquake,10.51,1.92,0.047,142,reviewed,us,us
2026-01-27T00:42:29.944Z,51.1091,159.4615,10,4.9,mb,87,133,2.278,0.68,us,us6000s8i5,2026-02-13T00:26:33.040Z,"210 km ESE of Ozernovskiy, Russia",earthquake,9.84,1.893,0.068,68,reviewed,us,us
2026-01-27T00:42:20.743Z,51.3964,159.0169,35,4.3,mb,66,128,1.645,0.53,us,us6000s4mc,2026-02-13T00:16:40.040Z,"175 km E of Ozernovskiy, Russia",earthquake,8.99,1.908,0.077,47,reviewed,us,us
2026-01-27T00:11:28.954Z,27.4081,56.3171,10,4,mb,21,138,2.455,0.74,us,us6000s8i3,2026-03-08T21:03:56.040Z,"24 km N of Bandar Abbas, Iran",earthquake,11.64,1.963,0.15,12,reviewed,us,us
2026-01-26T23:32:52.985Z,-29.3847,-177.0873,10,5.2,mww,52,57,9.015,0.76,us,us6000s4m2,2026-03-08T21:01:23.040Z,"Kermadec Islands, New Zealand",earthquake,11.54,1.858,0.11,8,reviewed,us,us
2026-01-26T23:21:55.202Z,51.8073,158.6801,73.378,4.2,mb,27,183,1.218,0.65,us,us6000s838,2026-02-18T01:20:12.040Z,"126 km S of Vilyuchinsk, Russia",earthquake,10.64,8.461,0.128,17,reviewed,us,us
2026-01-26T22:11:39.375Z,-30.8156,-70.1554,121.521,4.4,mb,49,43,0.46,0.94,us,us6000s4lc,2026-02-12T02:01:28.040Z,"77 km E of Monte Patria, Chile",earthquake,5.28,5.852,0.102,28,reviewed,us,us
2026-01-26T22:09:09.074Z,-21.1311,-69.0128,115.771,4.2,mb,21,86,0.452,0.6,us,us6000s4la,2026-01-27T02:35:51.040Z,"79 km W of Ollagüe, Chile",earthquake,4.13,6.244,0.187,8,reviewed,us,us
2026-01-26T21:53:26.837Z,-6.5063,143.5048,14.912,4.6,mb,34,87,3.948,1.15,us,us6000s4l5,2026-02-12T01:50:16.040Z,"43 km SSW of Mendi, Papua New Guinea",earthquake,7.48,4.694,0.125,19,reviewed,us,us
2026-01-26T21:12:02.017Z,-1.7397,120.9987,10,4.3,mb,40,90,1.067,0.44,us,us6000s833,2026-02-18T01:13:38.040Z,"46 km SE of Poso, Indonesia",earthquake,6.11,1.88,0.104,26,reviewed,us,us
2026-01-26T20:43:04.731Z,-29.3395,-176.9431,10,4.7,mb,27,198,9.108,0.92,us,us6000s4kt,2026-03-08T12:24:35.040Z,"Kermadec Islands region",earthquake,14.47,1.951,0.133,18,reviewed,us,us
2026-01-26T20:24:38.829Z,-9.5376,154.9118,10,4.6,mb,32,81,4.968,0.84,us,us6000s4ny,2026-02-15T16:22:11.040Z,"265 km SW of Gizo, Solomon Islands",earthquake,5.31,1.901,0.114,23,reviewed,us,us
2026-01-26T18:48:38.374Z,21.8665,120.716,10,4.5,mb,47,86,1.005,0.62,us,us6000s4kb,2026-02-15T16:18:58.040Z,"15 km S of Hengchun, Taiwan",earthquake,6.04,1.87,0.104,27,reviewed,us,us
2026-01-26T17:57:17.480Z,-6.6303,143.731,10,4.2,mb,17,100,4.152,0.75,us,us6000s831,2026-02-14T20:15:20.040Z,"48 km SW of Ialibu, Papua New Guinea",earthquake,7.89,1.892,0.136,15,reviewed,us,us
2026-01-26T17:29:00.822Z,10.3417,56.6617,10,4.9,mb,69,101,12.698,0.56,us,us6000s4jz,2026-02-15T15:46:05.040Z,"Carlsberg Ridge",earthquake,11.09,1.888,0.075,55,reviewed,us,us
2026-01-26T17:27:01.835Z,-29.7906,-177.477,35,4.7,mb,25,188,8.509,0.9,us,us6000s82w,2026-03-08T14:40:39.040Z,"Kermadec Islands, New Zealand",earthquake,13.8,1.962,0.153,13,reviewed,us,us
2026-01-26T17:20:57.980Z,-6.343,143.7545,10,4.5,mb,27,103,4.222,0.84,us,us6000s82z,2026-03-08T15:16:35.040Z,"24 km SSE of Mendi, Papua New Guinea",earthquake,5.84,1.887,0.121,20,reviewed,us,us
2026-01-26T17:06:23.246Z,-6.5616,143.5656,19,5.6,mww,77,37,3.999,0.87,us,us6000s4jy,2026-02-15T15:58:27.305Z,"46 km SSW of Mendi, Papua New Guinea",earthquake,7.07,1.85,0.053,34,reviewed,us,us
2026-01-26T16:48:47.961Z,-29.3728,-177.2189,35,4.5,mb,17,262,8.98,1.01,us,us6000s82t,2026-04-06T13:38:18.040Z,"Kermadec Islands, New Zealand",earthquake,15.55,2.223,0.156,13,reviewed,us,us
2026-01-26T16:29:36.682Z,-29.5034,-177.1262,10,4.9,mww,76,84,8.894,0.82,us,us6000s4iv,2026-02-12T16:32:50.040Z,"Kermadec Islands, New Zealand",earthquake,11.7,1.765,0.089,12,reviewed,us,us
2026-01-26T15:37:22.758Z,12.2389,-88.104,35,4.3,mb,62,99,1.152,0.86,us,us6000s82p,2026-02-12T16:50:22.040Z,"90 km SW of Jiquilillo, Nicaragua",earthquake,7.11,1.749,0.075,50,reviewed,us,us
2026-01-26T15:33:49.680Z,-25.7482,179.195,533.183,4.3,mb,18,255,11.169,0.78,us,us6000s82n,2026-02-12T16:57:21.040Z,"south of the Fiji Islands",earthquake,15.51,18.628,0.122,19,reviewed,us,us
2026-01-26T15:31:06.108Z,39.2238,-118.1154,4,3.65,mw,16,116,0.087,0.119,nn,nn00909987,2026-02-12T17:36:03.870Z,"42 km NNW of Gabbs, Nevada",earthquake,,1.6309,,,reviewed,nn,nn
2026-01-26T15:00:12.342Z,-9.0524,123.8889,95.7,4.2,mb,28,79,0.792,1.28,us,us7000rs4t,2026-02-12T17:23:22.040Z,"56 km WNW of Pante Makasar, Timor Leste",earthquake,7.68,7.399,0.121,19,reviewed,us,us
2026-01-26T14:44:53.933Z,50.2772,158.1085,10,5,mww,133,82,2.771,1.02,us,us7000rs4q,2026-02-12T17:34:20.040Z,"147 km ESE of Severo-Kuril’sk, Russia",earthquake,8.32,1.809,0.073,18,reviewed,us,us
2026-01-26T14:38:18.968Z,61.497,-150.024,13.8,3.6,ml,134,16,0.3,1,ak,ak2026bvagwe,2026-02-12T17:52:44.765Z,"4 km SW of Big Lake, Alaska",earthquake,1.8,2.5434,0.3,89,reviewed,ak,ak
2026-01-26T13:53:01.393Z,-15.1394,-72.0339,133.944,4.2,mb,20,132,3.599,0.39,us,us7000rs4j,2026-02-12T16:17:53.040Z,"35 km ENE of Orcopampa, Peru",earthquake,6.26,20.112,0.199,7,reviewed,us,us
2026-01-26T13:51:30.655Z,-7.4733,104.9879,10,4.6,mb,40,144,2.094,0.73,us,us7000rs4l,2026-03-08T15:00:40.040Z,"152 km SW of Labuan, Indonesia",earthquake,7.16,1.161,0.116,22,reviewed,us,us
2026-01-26T13:44:44.768Z,28.7009,64.438,81.701,4.1,mb,28,127,8.251,0.51,us,us7000rs4k,2026-03-08T14:57:07.040Z,"21 km S of Dalbandin, Pakistan",earthquake,13.63,8.992,0.105,25,reviewed,us,us
2026-01-26T13:02:17.584Z,-21.8553,-174.7776,10,5.1,mb,82,76,5.322,0.47,us,us7000rs4b,2026-02-12T15:45:16.040Z,"59 km SSE of ‘Ohonua, Tonga",earthquake,5.92,1.793,0.063,82,reviewed,us,us
2026-01-26T12:43:37.237Z,51.4348,177.5587,55.745,3.6,mb,45,210,0.818,0.89,us,us6000s830,2026-02-22T13:32:23.040Z,"Rat Islands, Aleutian Islands, Alaska",earthquake,9.74,5.007,0.083,36,reviewed,us,us
2026-01-26T12:35:49.051Z,49.2774,154.9857,75.475,4.7,mb,101,119,4.198,0.75,us,us7000rs48,2026-02-23T08:43:00.040Z,"175 km SSW of Severo-Kuril’sk, Russia",earthquake,9.25,6.747,0.032,297,reviewed,us,us
2026-01-26T11:25:47.370Z,-29.494,-177.2589,18.083,5.5,mww,116,35,8.855,0.97,us,us7000rs3x,2026-03-09T14:16:52.790Z,"Kermadec Islands, New Zealand",earthquake,11.54,3.371,0.073,18,reviewed,us,us
2026-01-26T11:05:24.811Z,-26.1176,179.7358,494.31,4.4,mb,62,88,8.477,0.69,us,us6000s82d,2026-02-24T07:43:11.040Z,"south of the Fiji Islands",earthquake,12.98,7.466,0.079,46,reviewed,us,us
2026-01-26T11:02:01.532Z,-7.5461,127.6819,158.224,4.5,mb,25,66,4.027,0.98,us,us6000s82r,2026-02-23T16:46:48.040Z,"131 km NE of Lospalos, Timor Leste",earthquake,9.8,7.565,0.156,12,reviewed,us,us
2026-01-26T10:56:49.191Z,60.917,-147.042,8.1,4,ml,155,27,0,0.9,ak,ak2026busxzr,2026-02-13T07:17:34.040Z,"20 km WNW of Tatitlek, Alaska",earthquake,1.7,1.5085,0.3,102,reviewed,ak,ak
2026-01-26T10:53:05.396Z,-21.7963,-175.1405,21.312,5.5,mww,58,123,19.226,0.84,us,us7000rs3s,2026-03-17T13:49:44.217Z,"53 km SSW of ‘Ohonua, Tonga",earthquake,14.56,4.69,0.086,13,reviewed,us,us
2026-01-26T10:49:30.423Z,24.9285,125.403,48.412,4.3,mb,33,60,2.223,1.26,us,us6000s83a,2026-02-19T05:50:00.040Z,"17 km NE of Hirara, Japan",earthquake,8.33,8.84,0.137,20,reviewed,us,us
2026-01-26T10:49:14.702Z,24.4539,125.5871,39.469,4.5,mb,42,84,1.235,1.02,us,us7000rs3q,2026-03-16T13:22:43.040Z,"46 km SE of Miyakojima, Japan",earthquake,7.83,7.86,0.104,27,reviewed,us,us
2026-01-26T10:37:09.535Z,23.9462,141.5548,128.567,4.4,mb,43,147,3.187,0.62,us,us6000s82b,2026-03-16T12:28:53.040Z,"Volcano Islands, Japan region",earthquake,12.89,9.182,0.1,29,reviewed,us,us
2026-01-26T10:25:03.863Z,6.3145,123.865,10,4.3,mb,19,111,1.86,0.85,us,us6000s829,2026-02-19T09:31:13.040Z,"24 km SW of Sangay, Philippines",earthquake,8.35,1.788,0.177,14,reviewed,us,us
2026-01-26T10:22:37.559Z,32.563,-101.095,6.4697,4.3,ml,23,72,0.1,0.1,tx,tx2026burunl,2026-04-06T10:33:39.412Z,"23 km SW of Snyder, Texas",earthquake,0.79933254232905,1.9104368399679,0.1,27,reviewed,tx,tx
2026-01-26T10:21:08.097Z,51.7103,160.2991,10,5.1,mww,85,112,1.659,1.16,us,us7000rs3j,2026-03-16T13:13:06.040Z,"187 km SE of Vilyuchinsk, Russia",earthquake,8.23,1.854,0.075,17,reviewed,us,us
2026-01-26T10:06:09.938Z,6.3461,123.5895,10,4.4,mb,30,126,2.103,0.69,us,us6000s826,2026-02-19T09:09:53.040Z,"51 km WSW of Sangay, Philippines",earthquake,9.88,1.905,0.126,21,reviewed,us,us
2026-01-26T09:22:37.158Z,-2.6113,126.7333,73.123,4.1,mb,18,76,3.69,0.49,us,us6000s824,2026-02-19T16:11:58.040Z,"103 km SE of Sanana, Indonesia",earthquake,5.25,11.558,0.213,8,reviewed,us,us
2026-01-26T09:15:18.463Z,51.899,160.4478,10,4.2,mb,19,165,1.574,1.18,us,us6000s822,2026-03-16T11:06:25.040Z,"179 km SE of Petropavlovsk-Kamchatsky, Russia",earthquake,10.72,1.96,0.159,15,reviewed,us,us
2026-01-26T08:10:48.017Z,-24.2046,-67.1127,236.306,4.3,mb,21,98,1.585,0.68,us,us7000rs3w,2026-02-18T16:44:12.040Z,"80 km W of San Antonio de los Cobres, Argentina",earthquake,11.03,13.365,0.168,10,reviewed,us,us
2026-01-26T08:01:50.712Z,12.1038,-86.4668,171.882,4.4,mb,74,129,2.263,0.68,us,us7000rs33,2026-02-19T08:30:49.040Z,"14 km NNE of Villa El Carmen, Nicaragua",earthquake,9.6,7.905,0.061,79,reviewed,us,us
2026-01-26T07:08:58.080Z,-54.6992,143.7532,10,5.1,mww,57,76,8.822,0.31,us,us7000rs2z,2026-02-19T10:09:24.040Z,"west of Macquarie Island",earthquake,4.3,1.83,0.083,14,reviewed,us,us
2026-01-26T06:57:01.342Z,51.4598,177.6732,47.062,4.2,mb,99,207,0.748,0.59,us,us7000rs2r,2026-02-18T15:58:21.040Z,"Rat Islands, Aleutian Islands, Alaska",earthquake,6.49,8.836,0.057,86,reviewed,us,us
2026-01-26T06:56:02.049Z,34.0108,103.2909,10,5.5,mww,215,35,1.969,0.34,us,us7000rs2q,2026-03-20T13:40:11.901Z,"9 km SE of Dianga, China",earthquake,7.38,1.756,0.065,23,reviewed,us,us
2026-01-26T06:31:49.761Z,-15.7525,-70.6227,199.862,4.2,mb,21,121,2.455,0.54,us,us7000rs2n,2026-02-18T16:35:50.040Z,"6 km SSW of Santa Lucía, Peru",earthquake,8.49,14.48,0.176,9,reviewed,us,us
2026-01-26T06:07:16.505Z,-54.582,143.9107,10,5.6,mww,120,45,8.741,0.42,us,us7000rs2i,2026-03-20T14:36:48.002Z,"west of Macquarie Island",earthquake,9.67,1.75,0.061,26,reviewed,us,us
2026-01-26T04:43:04.560Z,51.7554,159.9598,23.161,5,mb,127,132,1.502,0.62,us,us7000rs26,2026-02-13T04:02:21.040Z,"168 km SE of Vilyuchinsk, Russia",earthquake,9.22,4.423,0.055,105,reviewed,us,us
2026-01-26T03:31:46.014Z,-21.8789,-174.9315,10,5.4,mww,176,43,5.457,0.54,us,us7000rs1z,2026-02-13T03:38:42.390Z,"59 km S of ‘Ohonua, Tonga",earthquake,11.14,1.765,0.103,9,reviewed,us,us
2026-01-26T02:58:33.003Z,29.8885,142.2981,10,4.5,mb,41,150,3.853,0.43,us,us7000rs1w,2026-02-13T02:06:08.040Z,"Izu Islands, Japan region",earthquake,12.6,1.929,0.105,27,reviewed,us,us
2026-01-26T02:49:36.782Z,-35.4614,-17.3605,10,5.8,mww,98,57,4.376,1.01,us,us7000rs1t,2026-02-13T02:05:56.461Z,"southern Mid-Atlantic Ridge",earthquake,7.98,1.806,0.06,27,reviewed,us,us
2026-01-26T02:11:20.004Z,-35.5437,-16.8665,10,5,mb,71,62,3.974,0.58,us,us7000rs1n,2026-02-13T01:52:40.040Z,"southern Mid-Atlantic Ridge",earthquake,11.19,1.858,0.07,65,reviewed,us,us
2026-01-26T01:56:24.912Z,-7.3494,120.0325,419.774,4.3,mb,49,59,2.319,0.62,us,us7000rs1m,2026-02-13T01:41:45.040Z,"127 km N of Labuan Bajo, Indonesia",earthquake,11.96,6.533,0.102,27,reviewed,us,us
2026-01-26T00:54:01.991Z,-7.5173,127.7074,169.506,5.1,mww,112,17,3.691,0.63,us,us7000rs19,2026-02-18T01:11:26.040Z,"135 km NE of Lospalos, Timor Leste",earthquake,7.51,4.54,0.083,14,reviewed,us,us
2026-01-26T00:47:20.285Z,39.1417,28.3047,10,4.4,mwr,50,34,1.091,0.73,us,us7000rs18,2026-03-08T20:46:36.040Z,"15 km SE of Sındırgı, Turkey",earthquake,3.78,1.844,0.069,20,reviewed,us,us
2026-01-26T00:33:44.355Z,6.3994,123.7247,15.644,4.3,mb,30,123,1.958,0.52,us,us7000rs17,2026-02-18T01:07:09.040Z,"35 km W of Sangay, Philippines",earthquake,9.99,5.072,0.119,20,reviewed,us,us
2026-01-26T00:20:26.348Z,39.8711,141.7462,67.511,4.5,mb,46,117,1.055,0.53,us,us7000rs16,2026-03-08T20:44:28.040Z,"5 km WNW of Iwaizumi, Japan",earthquake,7.61,7.246,0.087,39,reviewed,us,us
2026-01-26T00:06:59.602Z,-20.5318,-69.2034,107.53,4.1,mb,20,81,0.392,0.85,us,us7000rs11,2026-03-08T20:43:13.040Z,"52 km ESE of La Tirana, Chile",earthquake,4.9,5.522,0.174,9,reviewed,us,us
2026-01-26T00:00:48.821Z,36.5885,71.0396,133.523,4.1,mb,37,163,2.548,0.67,us,us7000rs10,2026-03-08T20:41:05.040Z,"35 km SSE of Jurm, Afghanistan",earthquake,10.16,8.72,0.112,22,reviewed,us,us
2026-01-25T22:54:40.045Z,-8.0595,123.9126,161.102,4.2,mb,10,84,1.721,0.73,us,us6000s7wd,2026-03-08T20:34:00.040Z,"136 km NNW of Pante Makasar, Timor Leste",earthquake,12.83,8.951,0.235,5,reviewed,us,us
2026-01-25T22:48:21.054Z,6.2944,123.6679,10,4.6,mb,31,98,2.049,0.38,us,us6000s7w9,2026-02-18T00:40:05.040Z,"44 km WSW of Sangay, Philippines",earthquake,8.77,1.899,0.122,20,reviewed,us,us
2026-01-25T22:02:10.509Z,23.3947,143.3784,10,5,mb,93,42,8.431,0.75,us,us7000rs0p,2026-02-18T00:24:28.040Z,"Volcano Islands, Japan region",earthquake,9.24,1.766,0.033,290,reviewed,us,us
2026-01-25T21:55:36.858Z,28.6462,128.6928,140.65,4.3,mb,41,96,1.841,0.75,us,us6000s7wc,2026-02-18T00:21:39.040Z,"65 km NW of Uken, Japan",earthquake,6.45,7.737,0.107,25,reviewed,us,us
2026-01-25T21:53:03.500Z,40.2825,73.351,10,4.3,mb,15,182,0.926,0.47,us,us6000s7wb,2026-02-18T00:19:39.040Z,"8 km WSW of Gul’cha, Kyrgyzstan",earthquake,5.66,1.947,0.237,5,reviewed,us,us
2026-01-25T21:51:02.043Z,55.4914,109.8573,10,3.9,mb,22,65,5.316,0.9,us,us6000s7w7,2026-03-08T20:26:46.040Z,"37 km ESE of Severobaykal’sk, Russia",earthquake,7.96,1.787,0.148,12,reviewed,us,us
2026-01-25T20:29:02.480Z,-8.6673,-74.6891,131.237,4.6,mb,53,100,3.921,0.49,us,us7000rs0i,2026-02-15T17:15:36.040Z,"11 km N of Honoria, Peru",earthquake,10.26,8.57,0.05,120,reviewed,us,us
2026-01-25T19:51:55.287Z,67.652,-166.622,5.5,3.8,ml,30,188,1.4,1,ak,ak2026btoyfc,2026-02-15T16:54:45.040Z,"77 km S of Point Hope, Alaska",earthquake,13.6,9.1862,0.2,23,reviewed,ak,ak
2026-01-25T19:24:39.949Z,-31.4279,-71.5708,40.045,4.5,mwr,43,145,0.537,0.58,us,us7000rs08,2026-02-15T16:46:15.040Z,"44 km WNW of Illapel, Chile",earthquake,3.86,6.106,0.05,38,reviewed,us,us
2026-01-25T17:56:50.515Z,37.791,21.5191,10,4.1,mb,31,162,0.691,0.99,us,us7000rs01,2026-03-08T15:38:18.040Z,"6 km NNW of Karátoula, Greece",earthquake,3.72,1.946,0.112,22,reviewed,us,us
2026-01-25T15:40:26.016Z,54.2922,-159.8768,28.53,4.1,mb,45,177,1.438,0.79,us,us7000rrzk,2026-02-15T14:15:17.040Z,"122 km SSE of Sand Point, Alaska",earthquake,4.26,7.586,0.175,10,reviewed,us,us
2026-01-25T14:10:05.042Z,-33.496,-178.1569,10,4.4,mb,16,161,4.977,0.94,us,us6000s7w1,2026-03-07T16:13:18.040Z,"south of the Kermadec Islands",earthquake,13.65,1.978,0.162,14,reviewed,us,us
2026-01-25T11:23:02.257Z,-23.9307,-179.9616,576.608,4.4,mb,45,130,10.514,0.8,us,us6000s7w2,2026-02-24T07:35:04.040Z,"south of the Fiji Islands",earthquake,13.93,11.066,0.091,35,reviewed,us,us
2026-01-25T10:49:42.413Z,21.6411,121.1497,10,4.7,mb,65,101,1.173,1.01,us,us7000rrxy,2026-02-22T14:33:45.040Z,"58 km SE of Hengchun, Taiwan",earthquake,9.43,1.898,0.057,92,reviewed,us,us
2026-01-25T10:43:34.240Z,22.7344,93.9441,10,4.5,mb,55,160,1.769,0.84,us,us6000s7vw,2026-04-06T06:47:17.040Z,"33 km SE of Falam, Burma (Myanmar)",earthquake,9.62,1.885,0.089,37,reviewed,us,us
2026-01-25T10:05:40.249Z,7.89,127.1913,10,4.5,mb,39,114,1.794,0.63,us,us6000s7vv,2026-02-23T16:55:57.040Z,"74 km ENE of Kinablangan, Philippines",earthquake,11.2,1.906,0.104,27,reviewed,us,us
2026-01-25T09:39:20.031Z,-17.5475,168.0586,69.327,4.5,mb,21,184,2.244,0.65,us,us6000s7vz,2026-02-24T07:10:38.040Z,"34 km NW of Port-Vila, Vanuatu",earthquake,10.64,6.641,0.135,16,reviewed,us,us
2026-01-25T09:29:37.147Z,39.1773,28.1956,10,4.1,mb,32,39,1.009,0.64,us,us7000rrxr,2026-02-22T14:24:01.040Z,"7 km SSE of Sındırgı, Turkey",earthquake,5.4,1.942,0.185,8,reviewed,us,us
2026-01-25T09:12:19.007Z,59.065,-150.741,30.4,3.5,ml,143,117,0.7,1,ak,ak2026bsttbc,2026-02-10T16:35:33.040Z,"65 km SSE of Halibut Cove, Alaska",earthquake,2.8,4.4095,0.3,90,reviewed,ak,ak
2026-01-25T08:51:25.871Z,-8.9541,110.1161,68.56,4.9,mb,40,74,1.92,1.38,us,us7000rrxm,2026-02-12T09:33:24.040Z,"112 km S of Bambanglipuro, Indonesia",earthquake,7.72,5.108,0.098,33,reviewed,us,us
2026-01-25T08:40:35.572Z,51.3937,179.1142,25.604,3.5,mb,36,197,0.118,0.65,us,us7000rs0k,2026-02-12T09:27:30.040Z,"299 km WSW of Adak, Alaska",earthquake,5.95,9.031,0.128,15,reviewed,us,us
2026-01-25T07:40:31.125Z,-13.6823,166.5318,10.399,4.3,mb,18,138,1.871,0.69,us,us6000s7vr,2026-02-12T09:08:50.040Z,"112 km W of Sola, Vanuatu",earthquake,9.38,5.555,0.154,12,reviewed,us,us
2026-01-25T07:20:49.912Z,19.1804,145.0027,413.156,3.5,mb,23,142,3.989,0.84,us,us6000s7vp,2026-02-12T08:48:36.040Z,"Maug Islands region, Northern Mariana Islands",earthquake,14.47,10.665,0.124,16,reviewed,us,us
2026-01-25T06:49:22.809Z,27.6065,139.9722,492.524,4.8,mb,88,92,5.492,0.55,us,us7000rrx6,2026-02-12T08:00:39.040Z,"Bonin Islands, Japan region",earthquake,11.25,7.955,0.024,535,reviewed,us,us
2026-01-25T06:22:34.142Z,-6.1987,130.5864,136.694,5.1,mww,56,60,1.798,0.84,us,us7000rrx3,2026-02-14T13:31:18.040Z,"247 km WSW of Tual, Indonesia",earthquake,9.55,6.624,0.071,19,reviewed,us,us
2026-01-25T04:46:09.379Z,-19.8513,-178.3249,596.523,4.6,mb,55,42,4.007,0.81,us,us7000rrww,2026-02-12T02:28:03.040Z,"Fiji region",earthquake,13.29,7.26,0.068,72,reviewed,us,us
2026-01-25T04:13:03.554Z,-25.1685,179.631,518.454,4.9,mb,64,46,7.531,0.97,us,us7000rrwm,2026-02-12T02:22:14.040Z,"south of the Fiji Islands",earthquake,9.97,5.816,0.028,392,reviewed,us,us
2026-01-25T03:56:25.481Z,60.5095,-139.8587,5,4.1,mwr,84,47,0.459,0.87,us,us7000rrwg,2026-02-18T23:02:10.685Z,"107 km N of Yakutat, Alaska",earthquake,2.78,1.89,0.05,39,reviewed,us,us
2026-01-25T03:17:07.736Z,49.0769,154.613,87.57,4.4,mb,42,131,4.48,0.46,us,us6000s7vt,2026-02-12T01:58:53.040Z,"208 km SSW of Severo-Kuril’sk, Russia",earthquake,11.2,7.493,0.103,27,reviewed,us,us
2026-01-25T02:46:14.819Z,36.2749,139.7857,82.609,4.3,mb,40,140,1.299,0.84,us,us7000rrw2,2026-03-06T23:13:56.040Z,"3 km SSW of Oyama, Japan",earthquake,9.06,7.857,0.102,27,reviewed,us,us
2026-01-25T00:55:36.172Z,31.715,-104.523,5.6384,3.5,ml,27,66,0,0.1,tx,tx2026bsdhbc,2026-02-15T04:11:05.772Z,"52 km SSW of Whites City, New Mexico",earthquake,1.2446156936829,0.60719884584037,0.1,24,reviewed,tx,tx
2026-01-24T23:42:36.043Z,0.9053,127.5715,10,4.6,mb,30,136,4.084,1.1,us,us7000rrvk,2026-02-15T03:55:02.040Z,"18 km N of Sofifi, Indonesia",earthquake,10.34,1.92,0.109,25,reviewed,us,us
2026-01-24T23:41:37.680Z,1.4917,127.9594,10,4,mb,19,134,4.044,0.69,us,us6000s7h5,2026-02-12T04:44:08.040Z,"26 km SSW of Tobelo, Indonesia",earthquake,11.07,1.94,0.164,10,reviewed,us,us
2026-01-24T23:40:09.589Z,-36.2001,-98.4981,10,4.8,mb,50,153,20.889,0.94,us,us7000rrvj,2026-02-15T03:43:33.040Z,"southeast of Easter Island",earthquake,14.58,1.922,0.082,47,reviewed,us,us
2026-01-24T22:04:28.162Z,43.1839,144.0255,134.287,4,mb,19,135,1.333,0.84,us,us6000s7h3,2026-02-16T01:05:56.040Z,"25 km NNW of Shiranuka, Japan",earthquake,8.32,6.891,0.155,12,reviewed,us,us
2026-01-24T22:01:50.638Z,17.0662,-99.1707,37.862,4.3,mb,53,83,0.33,0.82,us,us7000rrvb,2026-03-07T06:33:36.040Z,"2 km N of Apantla, Mexico",earthquake,4.41,8.422,0.062,73,reviewed,us,us
2026-01-24T21:25:38.988Z,51.9223,-176.0693,61.185,5.3,mww,123,75,0.103,0.8,us,us7000rrv2,2026-04-04T21:35:43.887Z,"39 km E of Adak, Alaska",earthquake,5.63,2.753,0.047,44,reviewed,us,us
2026-01-24T19:50:32.085Z,56.4732,114.3295,10,4.3,mb,35,74,7.904,0.88,us,us7000rrun,2026-02-10T02:18:36.040Z,"38 km WNW of Taksimo, Russia",earthquake,11.39,1.937,0.104,27,reviewed,us,us
2026-01-24T19:26:56.091Z,12.984,-90.9083,10,4.2,mb,26,242,1.428,0.96,us,us6000s7gy,2026-02-15T23:39:07.040Z,"104 km S of Puerto San José, Guatemala",earthquake,8.33,1.996,0.132,19,reviewed,us,us
2026-01-24T18:26:22.319Z,6.4229,123.6458,17.308,4.1,mb,27,123,2.025,0.54,us,us6000s7gx,2026-02-11T21:59:26.040Z,"44 km W of Sangay, Philippines",earthquake,9.34,4.638,0.131,18,reviewed,us,us
2026-01-24T17:28:49.009Z,-0.0267,124.6622,15.016,4.5,mb,61,44,4.405,0.53,us,us6000s7h2,2026-02-11T19:46:54.040Z,"58 km SSE of Modisi, Indonesia",earthquake,8.88,4.628,0.079,54,reviewed,us,us
2026-01-24T16:50:35.633Z,52.9428,-166.8104,42.714,3.8,mb,57,136,0.812,0.78,us,us7000rruz,2026-03-17T20:46:53.858Z,"105 km S of Unalaska, Alaska",earthquake,2.87,7.794,0.082,43,reviewed,us,us
2026-01-24T16:38:52.515Z,25.964,90.6263,10,4.2,mb,39,156,3.751,0.86,us,us7000rrtz,2026-02-11T19:15:40.219Z,"23 km S of Goālpāra, India",earthquake,9.7,1.905,0.098,29,reviewed,us,us
2026-01-24T16:01:14.478Z,52.8998,-174.2577,218.207,4,mb,105,82,0.506,0.57,us,us7000rrtq,2026-03-17T22:48:43.318Z,"78 km N of Atka, Alaska",earthquake,9.89,5.804,0.062,73,reviewed,us,us
2026-01-24T16:01:00.766Z,6.7755,-72.9296,160.322,4.2,mb,15,168,2.365,0.66,us,us6000s7h1,2026-02-11T18:34:00.040Z,"5 km ENE of Cepitá, Colombia",earthquake,17.87,21.204,0.187,8,reviewed,us,us
2026-01-24T15:40:14.750Z,66.343,-157.258,4.7,3.5,ml,82,50,0.2,1,ak,ak2026brkwmg,2026-03-07T22:53:38.040Z,"61 km S of Shungnak, Alaska",earthquake,2.7,2.7921,0.2,57,reviewed,ak,ak
2026-01-24T15:19:23.858Z,-52.5231,27.8781,10,4.5,mb,13,97,16.689,0.37,us,us6000s7gv,2026-02-11T15:51:56.040Z,"south of Africa",earthquake,16.6,1.95,0.163,11,reviewed,us,us
2026-01-24T15:06:16.046Z,52.4556,-174.5323,178.858,3.8,mb,51,118,0.243,0.6,us,us6000s5jf,2026-03-18T01:45:44.919Z,"36 km NW of Atka, Alaska",earthquake,13.41,8.924,0.108,23,reviewed,us,us
2026-01-24T12:12:40.979Z,-22.6928,-179.7143,581.208,4.8,mb,52,108,5.35,0.64,us,us7000rrst,2026-02-12T07:41:46.040Z,"south of the Fiji Islands",earthquake,13.17,3.059,0.069,65,reviewed,us,us
2026-01-24T10:45:54.116Z,5.0658,125.4337,177.088,4.5,mb,71,77,1.996,0.87,us,us7000rrsh,2026-02-12T07:21:56.040Z,"37 km S of Sarangani, Philippines",earthquake,8.58,7.194,0.058,88,reviewed,us,us
2026-01-24T10:37:26.994Z,14.0348,-92.5768,35,4.2,mb,37,230,1.126,0.65,us,us6000s6qc,2026-02-12T07:17:46.040Z,"66 km SW of Ocós, Guatemala",earthquake,10.25,1.982,0.089,35,reviewed,us,us
2026-01-24T10:05:53.647Z,-21.0582,-178.7822,589.434,5,mb,60,77,4.448,0.78,us,us7000rrsg,2026-02-12T06:56:20.040Z,"Fiji region",earthquake,12.27,8.078,0.026,488,reviewed,us,us
2026-01-24T09:46:55.633Z,-0.5939,119.9856,10,4.2,mb,20,140,1.951,0.9,us,us6000s7gs,2026-02-12T06:42:11.040Z,"37 km NNE of Palu, Indonesia",earthquake,13.04,1.927,0.141,14,reviewed,us,us
2026-01-24T09:00:01.500Z,38.3925,142.1095,85.879,4.2,mb,25,159,2.526,0.98,us,us6000s7gq,2026-02-11T10:16:22.040Z,"58 km E of Onagawa Chō, Japan",earthquake,8.88,9.09,0.166,10,reviewed,us,us
2026-01-24T08:32:19.717Z,-19.2322,46.6487,10,4.9,mb,45,52,5.724,0.54,us,us7000rrsa,2026-03-12T07:33:58.040Z,"11 km SW of Soavinandriana, Madagascar",earthquake,8.6,1.826,0.102,30,reviewed,us,us
2026-01-24T04:03:39.150Z,14.0295,-92.8016,10,4.2,mb,41,179,2.329,0.99,us,us6000s6qa,2026-02-12T01:27:49.040Z,"83 km SW of Brisas Barra de Suchiate, Mexico",earthquake,7.68,1.959,0.093,32,reviewed,us,us
2026-01-24T01:20:43.367Z,-14.1943,-76.4026,10,4.2,mb,17,167,2.235,0.59,us,us7000rrr0,2026-02-12T01:20:55.040Z,"39 km SSW of Paracas, Peru",earthquake,8.06,1.921,0.199,7,reviewed,us,us
2026-01-24T01:08:32.407Z,59.814,-139.231,7.5,3.6,ml,86,65,0.2,0.7,ak,ak2026bqhzaz,2026-03-17T22:43:34.351Z,"40 km NE of Yakutat, Alaska",earthquake,3.4,2.3052,0.2,60,reviewed,ak,ak
2026-01-24T00:52:31.191Z,5.4252,126.0624,10,4.6,mb,32,111,1.703,0.75,us,us7000rrqw,2026-03-07T23:58:59.040Z,"66 km E of Sarangani, Philippines",earthquake,11.95,1.764,0.116,24,reviewed,us,us
2026-01-24T00:26:01.704Z,8.8353,126.4487,70.246,4.3,mb,45,107,1.954,1.07,us,us7000rrqv,2026-02-10T00:50:40.040Z,"16 km ESE of Aras-asan, Philippines",earthquake,10.52,4.769,0.107,31,reviewed,us,us
2026-01-23T23:30:16.958Z,5.4462,125.5011,198.726,4.5,mb,46,86,1.615,0.96,us,us7000rrqm,2026-02-09T22:50:39.040Z,"6 km NE of Sarangani, Philippines",earthquake,10.56,7.42,0.093,34,reviewed,us,us
2026-01-23T23:07:14.607Z,39.3839,72.6387,9.928,4.2,mb,16,126,0.657,0.7,us,us6000s6zu,2026-04-05T22:50:58.040Z,"37 km ESE of Kyzyl-Eshme, Kyrgyzstan",earthquake,5.76,7.256,0.166,11,reviewed,us,us
2026-01-23T22:40:23.499Z,14.7852,108.3087,10,4.2,mb,17,105,4.261,0.79,us,us6000s6zr,2026-02-10T05:44:01.040Z,"57 km NE of Kon Tum, Vietnam",earthquake,4.73,1.948,0.264,5,reviewed,us,us
2026-01-23T21:24:38.136Z,39.199,28.293,8.924,4.9,mww,85,30,1.087,0.8,us,us7000rrq9,2026-03-07T23:53:26.040Z,"10 km ESE of Sındırgı, Turkey",earthquake,4.7,3.801,0.073,18,reviewed,us,us
2026-01-23T21:20:04.458Z,36.7244,140.3105,56.607,4,mwr,55,125,1.7,0.72,us,us7000rrq8,2026-03-07T23:51:30.040Z,"5 km SW of Daigo, Japan",earthquake,8.53,6.164,0.08,15,reviewed,us,us
2026-01-23T20:04:32.154Z,-3.1769,101.0352,46.17,4.2,mb,21,196,2.248,0.41,us,us6000s6zp,2026-02-10T22:53:21.040Z,"130 km SSW of Sungai Penuh, Indonesia",earthquake,5.3,10.06,0.176,9,reviewed,us,us
2026-01-23T19:55:25.237Z,18.1122,146.1811,103.452,4.1,mb,24,156,2.88,0.25,us,us6000s6zz,2026-03-07T22:58:57.040Z,"Pagan region, Northern Mariana Islands",earthquake,19.71,22.844,0.114,23,reviewed,us,us
2026-01-23T19:20:30.013Z,-11.7061,34.4816,10,4.4,mb,22,101,7.076,0.7,us,us6000s6zn,2026-02-10T20:09:38.040Z,"23 km ESE of Nkhata Bay, Malawi",earthquake,12.74,1.917,0.143,16,reviewed,us,us
2026-01-23T18:54:48.481Z,-20.8752,-177.7493,420.448,4.2,mb,19,81,5.156,0.52,us,us6000s6zm,2026-02-10T19:34:51.040Z,"256 km W of Houma, Tonga",earthquake,16.89,11.591,0.136,19,reviewed,us,us
2026-01-23T18:01:34.465Z,65.0445,-174.07,11.321,4.1,mb,37,146,1.637,0.75,us,us7000rrp2,2026-02-10T19:02:45.040Z,"80 km NNW of Provideniya, Russia",earthquake,7.44,5.005,0.102,27,reviewed,us,us
2026-01-23T17:41:08.805Z,-16.3138,-172.9203,10,4.6,mb,9,106,2.632,0.3,us,us6000s6zy,2026-03-07T23:00:39.040Z,"101 km ESE of Hihifo, Tonga",earthquake,10.28,2.139,0.207,7,reviewed,us,us
2026-01-23T17:00:07.566Z,54.3013,-118.4345,8.98,4,mwr,91,55,0.644,0.79,us,us7000rrmv,2026-03-07T23:09:52.717Z,"65 km NE of Grande Cache, Canada",earthquake,3.1,9.472,0.056,31,reviewed,us,us
2026-01-23T16:29:03.410Z,18.4113,-68.7206,127,3.86,md,21,229,0.3544,0.2,pr,pr2026023002,2026-03-07T16:04:27.040Z,"5 km WSW of San Rafael del Yuma, Dominican Republic",earthquake,5.79,1.67,0.11,12,reviewed,pr,pr
2026-01-23T14:59:47.885Z,-52.5213,26.1867,10,4.6,mb,23,95,20.504,0.72,us,us6000s6zi,2026-03-09T13:05:23.040Z,"south of Africa",earthquake,14.02,1.92,0.122,20,reviewed,us,us
2026-01-23T13:15:46.911Z,-47.825,116.3643,10,4,mb,18,127,14.895,0.66,us,us6000s6zh,2026-02-10T17:07:52.040Z,"western Indian-Antarctic Ridge",earthquake,10.24,1.887,0.144,13,reviewed,us,us
2026-01-23T11:18:07.835Z,27.1604,53.2532,10,5.1,mb,126,40,3.451,0.48,us,us7000rrk3,2026-02-10T16:46:43.040Z,"57 km SE of Mohr, Iran",earthquake,7.99,1.852,0.044,164,reviewed,us,us
2026-01-23T10:26:40.374Z,-21.8738,-67.5863,214.431,4.2,mb,17,88,1.205,0.76,us,us7000rrjy,2026-02-18T16:54:08.040Z,"99 km SE of Ollagüe, Chile",earthquake,9.06,10.086,0.214,6,reviewed,us,us
2026-01-23T10:05:41.909Z,-10.7887,111.9543,10,4.6,mb,39,102,3.163,0.48,us,us7000rrkm,2026-02-19T10:17:31.040Z,"295 km S of Boyolangu, Indonesia",earthquake,8.11,1.893,0.101,29,reviewed,us,us
2026-01-23T09:27:27.116Z,-18.2955,-69.3894,138.25,4.2,mb,17,68,0.119,0.45,us,us7000rrk4,2026-03-20T17:27:27.040Z,"83 km SE of Palca, Peru",earthquake,5.39,8.559,0.198,7,reviewed,us,us
2026-01-23T08:25:41.443Z,52.1858,177.397,10,5.1,mb,108,86,0.723,0.55,us,us7000rrjh,2026-04-03T08:35:44.574Z,"295 km ESE of Attu Station, Alaska",earthquake,6.17,1.774,0.023,605,reviewed,us,us
2026-01-23T08:19:01.530Z,4.8404,-82.6461,10,5.1,mww,51,147,5.052,1.06,us,us7000rrjf,2026-02-07T11:33:24.040Z,"south of Panama",earthquake,9.79,1.907,0.059,28,reviewed,us,us
2026-01-23T07:47:55.063Z,-0.0786,111.8646,10,4.8,mb,48,82,2.538,0.8,us,us7000rrjc,2026-03-13T11:11:14.040Z,"153 km SSE of Simanggang, Malaysia",earthquake,8.24,1.871,0.089,39,reviewed,us,us
2026-01-23T07:15:32.690Z,-21.5085,170.1227,131.497,4.3,mb,21,144,2.715,0.86,us,us6000s6zx,2026-02-07T08:18:58.040Z,"232 km E of Tadine, New Caledonia",earthquake,12.12,9.729,0.129,17,reviewed,us,us
2026-01-23T06:57:56.301Z,7.7438,126.8698,9.418,4.1,mb,30,125,1.445,0.92,us,us6000s6za,2026-02-07T08:00:38.040Z,"35 km E of Kinablangan, Philippines",earthquake,10.93,4.939,0.107,24,reviewed,us,us
2026-01-23T06:24:09.080Z,36.5003,70.6031,210.007,4.2,mb,29,156,2.315,0.47,us,us6000s6y2,2026-02-07T07:54:55.040Z,"45 km SSW of Jurm, Afghanistan",earthquake,9.08,10.364,0.11,23,reviewed,us,us
2026-01-23T05:41:10.500Z,24.3005,121.8384,12.688,4.1,mb,31,75,0.256,0.8,us,us6000s6zf,2026-02-07T07:33:02.040Z,"43 km NNE of Hualien City, Taiwan",earthquake,2.3,3.594,0.135,15,reviewed,us,us
2026-01-23T05:01:35.266Z,41.1125,142.9464,51.938,4.1,mb,21,152,0.915,0.49,us,us6000s6y0,2026-02-07T07:26:12.040Z,"112 km S of Honchō, Japan",earthquake,7.59,8.848,0.15,12,reviewed,us,us
2026-01-23T04:09:16.313Z,40.8573,143.2703,35,4.2,mb,25,143,1.16,0.44,us,us6000s6zb,2026-02-06T23:18:53.040Z,"144 km SSE of Honchō, Japan",earthquake,5,1.954,0.136,15,reviewed,us,us
2026-01-23T03:45:37.750Z,19.066,-64.4391,48,3.58,md,18,283,0.5767,0.41,pr,pr2026023001,2026-02-06T23:10:45.040Z,"89 km NNE of Cruz Bay, U.S. Virgin Islands",earthquake,4.92,9.28,0.16,14,reviewed,pr,pr
2026-01-23T03:43:13.230Z,19.1053,-64.4,52,3.73,md,20,284,0.6148,0.47,pr,pr2026023000,2026-02-06T23:09:58.040Z,"95 km NNE of Cruz Bay, U.S. Virgin Islands",earthquake,5.14,9.38,0.15,17,reviewed,pr,pr
2026-01-23T02:35:34.149Z,51.777,158.7426,56.315,4.4,mb,50,124,1.25,1.07,us,us7000rri0,2026-02-06T23:03:56.040Z,"130 km S of Vilyuchinsk, Russia",earthquake,3.88,7.284,0.084,41,reviewed,us,us
2026-01-23T01:41:02.365Z,-43.4087,92.361,10,5.2,mww,24,82,28.886,1.16,us,us7000rrhv,2026-03-06T22:56:04.040Z,"southeast Indian Ridge",earthquake,11.51,1.625,0.098,10,reviewed,us,us
2026-01-23T01:14:42.104Z,36.2688,70.2564,100.76,4,mb,26,167,1.975,1.26,us,us6000s6xy,2026-04-04T00:01:29.040Z,"49 km SE of Farkhār, Afghanistan",earthquake,6.46,12.453,0.172,10,reviewed,us,us
2026-01-23T01:06:53.784Z,42.3846,143.0162,63.185,4.3,mb,42,108,0.384,0.72,us,us6000s6z9,2026-02-06T22:49:24.040Z,"25 km WNW of Hiroo, Japan",earthquake,7.09,4.082,0.116,21,reviewed,us,us
2026-01-22T20:06:25.617Z,6.327,123.6822,10,4.3,mb,20,123,2.023,0.59,us,us6000s6z2,2026-02-07T17:24:05.040Z,"42 km WSW of Sangay, Philippines",earthquake,8.39,1.944,0.148,13,reviewed,us,us
2026-01-22T19:59:00.335Z,7.461,-36.4131,10,4.7,mb,63,55,13.21,1.09,us,us7000rrfv,2026-02-07T17:31:46.040Z,"central Mid-Atlantic Ridge",earthquake,11.35,1.882,0.067,68,reviewed,us,us
2026-01-22T19:40:29.855Z,-32.1241,-68.071,150.326,4.3,mb,29,73,0.77,0.74,us,us7000rrfs,2026-02-07T17:42:01.040Z,"56 km SSE of Caucete, Argentina",earthquake,8.25,9.703,0.201,7,reviewed,us,us
2026-01-22T19:38:50.090Z,54.2946,-159.8366,35.767,5.2,mww,198,83,1.455,0.91,us,us7000rrfr,2026-02-07T17:51:16.068Z,"123 km SSE of Sand Point, Alaska",earthquake,5.8,5.739,0.046,45,reviewed,us,us
2026-01-22T15:30:03.941Z,36.3881,70.8205,179.045,4.5,mb,48,78,2.321,0.92,us,us7000rrcp,2026-02-13T21:09:21.040Z,"52 km S of Jurm, Afghanistan",earthquake,3.58,7.969,0.068,63,reviewed,us,us
2026-01-22T14:49:20.850Z,40.9105,-110.8745,14.72,4.65,ml,41,71,0.09431,0.17,uu,uu80127891,2026-04-02T14:59:35.272Z,"40 km S of Evanston, Wyoming",earthquake,0.32,0.58,0.11614796247135,32,reviewed,uu,uu
2026-01-22T14:31:31.160Z,41.1318,142.369,57.439,5.3,mww,150,56,1.045,0.77,us,us7000rrc5,2026-03-07T16:03:16.040Z,"94 km E of Yokohama, Japan",earthquake,7.57,4.78,0.103,9,reviewed,us,us
2026-01-22T13:58:54.626Z,51.9092,158.3871,75.06,4,mb,42,135,1.127,0.43,us,us7000rrc1,2026-02-13T20:43:36.040Z,"113 km S of Vilyuchinsk, Russia",earthquake,9.82,7.865,0.087,36,reviewed,us,us
2026-01-22T13:04:40.874Z,48.5851,153.3056,144.74,4,mb,42,129,5.314,0.6,us,us6000s6yx,2026-02-13T20:40:55.040Z,"Kuril Islands",earthquake,12.21,5.871,0.093,31,reviewed,us,us
2026-01-22T12:42:34.200Z,51.7914,158.5253,47,6.2,mww,117,44,1.236,1.06,us,us7000rrbj,2026-02-13T12:36:42.601Z,"127 km S of Vilyuchinsk, Russia",earthquake,7.47,1.895,0.037,69,reviewed,us,us
2026-01-22T12:09:05.110Z,17.8996,-68.4471,69,3.71,md,15,229,0.6178,0.61,pr,pr2026022000,2026-03-16T13:14:33.040Z,"55 km SSE of Boca de Yuma, Dominican Republic",earthquake,4.49,5.78,0.06,6,reviewed,pr,pr
2026-01-22T11:48:48.725Z,-0.1741,124.5989,35,4.4,mb,37,66,4.912,1.12,us,us6000s6yq,2026-03-16T11:00:02.040Z,"71 km SSE of Modisi, Indonesia",earthquake,10.43,1.952,0.114,26,reviewed,us,us
2026-01-22T11:42:28.841Z,-15.3988,-177.4612,419.952,4.4,mb,45,58,3.231,0.68,us,us7000rrbd,2026-02-19T07:06:09.040Z,"139 km SSE of Alo, Wallis and Futuna",earthquake,13.08,1.45,0.078,47,reviewed,us,us
2026-01-22T11:33:54.690Z,53.8061,-164.1094,18.304,3.6,mb,51,161,0.724,1.17,us,us7000rrb9,2026-02-13T12:42:37.040Z,"115 km ESE of Akutan, Alaska",earthquake,4.82,7.585,0.177,8,reviewed,us,us
2026-01-22T11:26:01.737Z,1.1798,126.5446,10,4.6,mb,47,85,5.132,0.87,us,us7000rrba,2026-03-16T13:29:36.040Z,"102 km WNW of Ternate, Indonesia",earthquake,9.16,1.894,0.087,39,reviewed,us,us
2026-01-22T11:13:44.248Z,12.0174,-86.7108,65.005,4,mb,29,167,2.135,1.21,us,us7000rrbc,2026-02-13T13:48:46.561Z,"22 km W of Villa El Carmen, Nicaragua",earthquake,13.26,13.439,0.106,24,reviewed,us,us
2026-01-22T11:11:51.128Z,56.632,-156.45,45.1,3.9,ml,186,176,1,0.9,ak,ak2026bnknjl,2026-02-13T12:48:57.040Z,"113 km SSE of Ugashik, Alaska",earthquake,4.1,4.3697,0.3,120,reviewed,ak,ak
2026-01-22T10:28:25.308Z,64.6433,-17.4688,10,4.4,mb,46,134,1.661,0.66,us,us7000rraz,2026-02-13T15:01:09.040Z,"116 km WNW of Höfn, Iceland",earthquake,6.78,1.855,0.075,51,reviewed,us,us
2026-01-22T09:01:24.841Z,-22.1017,170.3144,10,4.7,mb,28,160,2.703,0.89,us,us6000s6yk,2026-03-16T10:31:18.040Z,"259 km ESE of Tadine, New Caledonia",earthquake,5.52,1.941,0.123,24,reviewed,us,us
2026-01-22T07:51:57.787Z,-18.0307,-178.1481,638.18,4.1,mb,15,184,2.83,0.47,us,us6000s6yf,2026-02-11T09:03:59.040Z,"268 km E of Levuka, Fiji",earthquake,21.85,13.811,0.15,12,reviewed,us,us
2026-01-22T07:39:25.230Z,37.7364,20.74,35.276,4.3,mb,26,148,1.095,0.9,us,us6000s6ye,2026-02-11T09:01:29.040Z,"7 km W of Mouzaki, Greece",earthquake,7.7,7.054,0.188,8,reviewed,us,us
2026-01-22T07:28:29.670Z,40.648166666667,-125.32966666667,10,4.27,mw,131,237,0.7496,0.22,nc,nc75299751,2026-04-02T07:38:42.650Z,"90 km W of Ferndale, CA",earthquake,1.67,31.61,,10,reviewed,nc,nc
2026-01-22T07:10:57.561Z,39.7214,143.0561,35,4.2,mb,22,153,1.86,0.82,us,us7000rraa,2026-03-12T07:39:22.040Z,"96 km E of Miyako, Japan",earthquake,5.76,1.851,0.176,9,reviewed,us,us
2026-01-22T07:01:43.517Z,12.6825,144.7282,35,4.4,mb,27,166,2.738,0.56,us,us6000s6yd,2026-02-11T06:42:03.040Z,"64 km S of Merizo Village, Guam",earthquake,15.98,1.975,0.118,21,reviewed,us,us
2026-01-22T05:52:54.369Z,48.2065,153.101,125.118,4,mb,34,235,5.711,0.48,us,us6000s6yb,2026-02-11T06:33:31.040Z,"Kuril Islands",earthquake,17.71,11.894,0.1,27,reviewed,us,us
2026-01-22T05:22:32.529Z,28.1228,57.2125,10,4.7,mb,71,117,3.291,0.69,us,us7000rr9p,2026-03-12T07:40:18.040Z,"110 km N of Mīnāb, Iran",earthquake,10.64,1.899,0.058,89,reviewed,us,us
2026-01-22T04:08:32.830Z,36.5716,70.8291,191.809,4.2,mb,36,108,2.181,0.79,us,us7000rr9b,2026-02-15T03:21:24.040Z,"32 km S of Jurm, Afghanistan",earthquake,9.05,9.721,0.115,21,reviewed,us,us
2026-01-22T03:53:15.075Z,13.2938,145.3997,46.046,4.9,mb,53,107,1.966,1.05,us,us7000rr9a,2026-02-15T03:17:19.437Z,"61 km ESE of Yigo Village, Guam",earthquake,10.69,7.359,0.084,44,reviewed,us,us
2026-01-22T03:21:39.184Z,28.1307,57.2205,10,4.5,mb,58,147,3.301,0.62,us,us7000rr94,2026-03-06T23:29:27.040Z,"111 km N of Mīnāb, Iran",earthquake,12.09,1.907,0.073,55,reviewed,us,us
2026-01-22T02:53:34.369Z,-29.175,61.1586,10,4.6,mb,23,80,9.357,0.77,us,us6000s6yg,2026-03-06T23:27:57.040Z,"Southwest Indian Ridge",earthquake,11.71,1.891,0.142,15,reviewed,us,us
2026-01-22T02:40:01.621Z,-1.2843,100.2754,100.697,4.4,mb,25,173,3.728,0.57,us,us6000s6y7,2026-02-12T04:08:04.040Z,"38 km SSW of Padang, Indonesia",earthquake,8.95,3,0.154,12,reviewed,us,us
2026-01-22T02:18:17.973Z,36.632,74.3019,10,4,mb,17,215,2.215,1.27,us,us7000rr8q,2026-04-03T21:37:46.040Z,"49 km NW of Barishal, Pakistan",earthquake,10.11,1.997,0.196,7,reviewed,us,us
2026-01-22T01:50:45.890Z,6.3797,123.6921,10,4.4,mb,13,110,1.996,0.54,us,us6000s6y4,2026-02-12T03:29:07.040Z,"39 km W of Sangay, Philippines",earthquake,10.03,1.922,0.203,8,reviewed,us,us
2026-01-22T01:44:57.137Z,-22.398,-68.4963,126.638,4.5,mb,36,61,0.624,0.95,us,us7000rr8p,2026-02-15T02:35:04.040Z,"44 km E of Calama, Chile",earthquake,5.93,5.403,0.118,21,reviewed,us,us
2026-01-22T01:28:39.682Z,46.71,153.0641,25.418,4.3,mb,32,200,7.068,0.92,us,us6000s6yc,2026-02-12T04:28:08.040Z,"Kuril Islands",earthquake,8.03,6.233,0.119,20,reviewed,us,us
2026-01-22T00:49:06.518Z,-8.938,105.86,10,4.3,mb,18,141,1.512,0.82,us,us6000s6y3,2026-02-13T01:19:55.040Z,"228 km SSW of Pelabuhanratu, Indonesia",earthquake,5.04,1.908,0.188,8,reviewed,us,us
2026-01-21T23:52:09.416Z,13.8063,39.8943,10,4.2,mb,17,109,3.663,0.5,us,us6000s6pe,2026-02-12T06:45:27.040Z,"56 km NE of Mek'ele, Ethiopia",earthquake,11.28,1.928,0.175,9,reviewed,us,us
2026-01-21T23:51:55.409Z,3.3097,126.6668,36.429,4,mb,18,146,3.889,0.73,us,us6000s6pb,2026-02-12T06:39:25.040Z,"229 km NW of Tobelo, Indonesia",earthquake,7.7,11.062,0.157,11,reviewed,us,us
2026-01-21T23:24:58.591Z,39.1329,28.2902,10,4.1,mb,16,91,1.505,0.46,us,us6000s6pc,2026-02-12T06:30:24.040Z,"15 km SE of Sındırgı, Turkey",earthquake,6.1,1.961,0.213,6,reviewed,us,us
2026-01-21T23:19:37.196Z,13.7641,39.8751,10,4.4,mb,40,84,3.652,0.43,us,us7000rr84,2026-02-12T06:21:55.040Z,"52 km NE of Mek'ele, Ethiopia",earthquake,8.35,1.833,0.097,31,reviewed,us,us
2026-01-21T22:59:38.347Z,9.2865,126.2722,10,4.3,mb,19,137,2.307,0.5,us,us6000s6pp,2026-02-12T06:18:12.040Z,"8 km E of Cortes, Philippines",earthquake,15.1,1.932,0.16,11,reviewed,us,us
2026-01-21T22:44:43.499Z,-0.2053,122.6765,87.962,5.1,mww,148,45,3.33,0.67,us,us7000rr7x,2026-02-12T06:11:30.040Z,"83 km N of Luwuk, Indonesia",earthquake,7.46,5.319,0.073,18,reviewed,us,us
2026-01-21T22:19:06.744Z,-15.6823,-173.7155,65.545,4.3,mb,28,85,2.57,0.72,us,us6000s6p7,2026-03-03T04:56:46.040Z,"31 km NNE of Hihifo, Tonga",earthquake,11.23,7.089,0.116,21,reviewed,us,us
2026-01-21T22:16:31.486Z,-0.5844,67.1439,10,4.4,mb,23,203,5.948,0.3,us,us6000s6p8,2026-02-12T05:41:31.040Z,"Carlsberg Ridge",earthquake,13.65,1.948,0.143,14,reviewed,us,us
2026-01-21T22:05:59.533Z,-6.9299,129.6223,149.933,4.4,mb,38,83,2.408,0.53,us,us7000rr7r,2026-02-12T05:28:23.040Z,"Banda Sea",earthquake,6.35,7.589,0.1,29,reviewed,us,us
2026-01-21T22:04:02.174Z,-0.53,67.308,10,4.3,mb,23,116,5.777,0.57,us,us6000s6p6,2026-02-12T05:22:02.040Z,"Carlsberg Ridge",earthquake,12.44,1.928,0.137,15,reviewed,us,us
2026-01-21T21:43:05.761Z,27.3134,96.9254,29.916,5.2,mb,187,29,5.629,0.61,us,us7000rr7m,2026-02-12T02:44:46.040Z,"92 km SSE of Hayuliang, India",earthquake,8.3,3.784,0.045,163,reviewed,us,us
2026-01-21T21:18:10.858Z,-18.5861,168.8267,128.786,4.3,mb,46,111,3.486,0.69,us,us6000s6pf,2026-02-12T00:40:33.040Z,"108 km SSE of Port-Vila, Vanuatu",earthquake,8.18,7.581,0.09,35,reviewed,us,us
2026-01-21T20:38:11.548Z,-22.4325,170.2109,17.356,4.4,mb,19,161,2.562,0.99,us,us6000s6pd,2026-02-08T21:00:05.040Z,"259 km ESE of Tadine, New Caledonia",earthquake,14.47,7.488,0.169,12,reviewed,us,us
2026-01-21T20:28:57.460Z,39.1598,28.2744,15.856,4.5,mwr,85,37,1.069,0.69,us,us7000rr79,2026-02-08T20:42:35.040Z,"12 km SE of Sındırgı, Turkey",earthquake,2.79,4.566,0.093,11,reviewed,us,us
2026-01-21T17:20:34.350Z,48.3492,153.9196,98.123,4.2,mb,27,194,5.334,0.37,us,us6000s6pa,2026-02-08T18:34:28.040Z,"Kuril Islands",earthquake,14.98,8.869,0.124,18,reviewed,us,us
2026-01-21T16:37:43.141Z,23.2002,142.6037,8,6.1,mww,180,40,3.897,0.91,us,us7000rr5g,2026-02-12T01:24:33.223Z,"Volcano Islands, Japan region",earthquake,7.97,1.814,0.048,41,reviewed,us,us
2026-01-21T16:02:25.682Z,18.4417,-100.9877,66.693,4.8,mb,79,162,1.22,0.9,us,us7000rr4h,2026-02-12T01:24:58.024Z,"3 km SSW of Zirándaro de los Chávez, Mexico",earthquake,4.42,7.338,0.062,81,reviewed,us,us
2026-01-21T15:11:51.346Z,39.1772,28.2285,18.284,4.6,mww,59,37,1.035,0.66,us,us7000rr4f,2026-02-12T01:30:04.040Z,"8 km SSE of Sındırgı, Turkey",earthquake,4.09,4.336,0.098,10,reviewed,us,us
2026-01-21T14:30:20.021Z,-6.9749,126.6481,402.82,4.4,mb,52,26,3.63,0.6,us,us7000rr44,2026-02-11T17:59:48.040Z,"167 km N of Baukau, Timor Leste",earthquake,8.84,8.061,0.102,28,reviewed,us,us
2026-01-21T14:03:03.526Z,63.175,-151.362,10,4.1,ml,194,12,0.4,0.9,ak,ak2026blumbw,2026-03-17T17:12:48.828Z,"44 km SSE of Denali National Park, Alaska",earthquake,1.7,0,0.1,130,reviewed,ak,ak
2026-01-21T13:53:37.655Z,-2.2609,138.8014,36.616,4.5,mb,25,67,1.917,0.57,us,us7000rr3y,2026-02-12T10:34:15.040Z,"206 km W of Abepura, Indonesia",earthquake,8.51,7.559,0.108,25,reviewed,us,us
2026-01-21T13:50:03.391Z,53.0381,159.9458,55.677,4.1,mb,35,137,0.783,0.98,us,us6000s6nu,2026-02-12T15:19:22.040Z,"88 km E of Petropavlovsk-Kamchatsky, Russia",earthquake,10.68,6.985,0.117,20,reviewed,us,us
2026-01-21T13:12:16.059Z,36.5001,34.1352,10,4.2,mb,50,74,1.392,0.54,us,us6000s6p3,2026-02-12T15:40:30.040Z,"4 km N of Kızkalesi, Turkey",earthquake,5.62,1.905,0.128,17,reviewed,us,us
2026-01-21T12:59:21.127Z,6.5191,123.6137,10,4.7,mb,50,94,2.027,0.56,us,us7000rr3q,2026-03-12T08:28:32.040Z,"46 km W of Bantogon, Philippines",earthquake,11.85,1.896,0.08,47,reviewed,us,us
2026-01-21T12:47:32.383Z,-23.6648,179.8787,543.355,4.4,mb,27,106,6.133,0.71,us,us6000s6nn,2026-02-08T10:12:15.040Z,"south of the Fiji Islands",earthquake,14.36,11.644,0.115,22,reviewed,us,us
2026-01-21T12:34:32.902Z,37.363,68.4813,10,4.4,mb,48,156,1.398,0.58,us,us7000rr3l,2026-02-08T09:57:45.040Z,"14 km SSW of Jilikŭl, Tajikistan",earthquake,7.42,1.938,0.093,33,reviewed,us,us
2026-01-21T11:55:58.473Z,6.4134,123.7766,10,4.7,mb,47,47,1.905,0.5,us,us7000rr37,2026-02-08T09:26:45.393Z,"29 km W of Sangay, Philippines",earthquake,5.55,1.873,0.09,38,reviewed,us,us
2026-01-21T10:50:04.365Z,-6.1211,151.9093,10,4.3,mb,17,169,1.934,0.83,us,us6000s6nl,2026-02-08T09:00:40.040Z,"200 km SSW of Kokopo, Papua New Guinea",earthquake,12,1.968,0.138,15,reviewed,us,us
2026-01-21T10:39:27.624Z,16.0697,-95.0528,67.723,4.2,mb,29,121,1.784,0.92,us,us6000s6nx,2026-02-08T08:50:44.040Z,"15 km S of Colonia Juárez, Mexico",earthquake,2.73,10.479,0.118,20,reviewed,us,us
2026-01-21T09:31:02.017Z,59.476,-150.784,33.7,3.7,ml,169,108,0.3,0.7,ak,ak2026blllrc,2026-04-04T11:10:11.040Z,"28 km ESE of Halibut Cove, Alaska",earthquake,2.2,1.9089,0.2,116,reviewed,ak,ak
2026-01-21T09:16:51.407Z,-10.7084,120.3625,14.17,4.1,mb,22,83,1.035,0.77,us,us7000rr2j,2026-02-08T07:53:49.040Z,"116 km S of Waingapu, Indonesia",earthquake,7.8,5.536,0.184,8,reviewed,us,us
2026-01-21T09:16:36.169Z,51.5025,16.1511,5,4.2,mb,37,39,1.159,0.62,us,us7000rr2i,2026-03-12T08:21:19.040Z,"5 km E of Polkowice, Poland",earthquake,5.99,1.923,0.167,10,reviewed,us,us
2026-01-21T08:57:52.630Z,46.1203,153.0458,10,4.5,mb,69,136,7.144,0.97,us,us7000rr2d,2026-02-12T07:55:00.040Z,"Kuril Islands",earthquake,4.07,1.899,0.063,74,reviewed,us,us
2026-01-21T08:49:01.924Z,6.3189,123.8223,10,4.5,mb,33,68,1.898,0.57,us,us6000s6nj,2026-02-12T14:24:18.040Z,"28 km WSW of Sangay, Philippines",earthquake,9.58,1.905,0.118,24,reviewed,us,us
2026-01-21T08:30:07.650Z,33.900166666667,-116.17016666667,3.67,4.2559620340146,mw,82,40,0.02536,0.16,ci,ci41166223,2026-03-26T12:07:45.777Z,"20 km NNE of Indio, CA",earthquake,0.11,0.34,,10,reviewed,ci,ci
2026-01-21T07:02:50.450Z,-23.9647,-66.5196,202.939,4.4,mb,43,74,1.827,1.23,us,us7000rr1z,2026-02-12T06:23:57.040Z,"34 km NW of San Antonio de los Cobres, Argentina",earthquake,8.28,9.087,0.138,18,reviewed,us,us
2026-01-21T05:49:35.765Z,-6.9643,129.6298,108.351,5.1,mww,101,20,2.441,0.84,us,us7000rr1p,2026-02-06T15:15:06.040Z,"Banda Sea",earthquake,7.09,4.839,0.071,19,reviewed,us,us
2026-01-21T05:14:27.962Z,6.3491,123.7428,13.013,4.7,mb,52,40,1.959,0.82,us,us7000rr1j,2026-02-11T14:47:16.040Z,"35 km WSW of Sangay, Philippines",earthquake,8.54,4.542,0.081,46,reviewed,us,us
2026-01-21T04:54:01.158Z,-59.4082,-25.9429,35,5.1,mb,71,69,15.419,0.59,us,us7000rr1e,2026-02-12T01:35:19.040Z,"South Sandwich Islands region",earthquake,11.93,1.911,0.067,72,reviewed,us,us
2026-01-21T04:10:02.569Z,3.0618,122.8579,498.092,4.7,mb,111,79,4.816,0.68,us,us7000rr17,2026-02-12T01:40:27.040Z,"280 km N of Gorontalo, Indonesia",earthquake,10.18,6.949,0.058,90,reviewed,us,us
2026-01-21T04:04:40.641Z,24.7319,141.3294,196.827,4.6,mb,93,97,8.458,1.2,us,us7000rr16,2026-02-12T02:30:35.040Z,"Volcano Islands, Japan region",earthquake,9.58,6.123,0.059,85,reviewed,us,us
2026-01-21T03:39:24.644Z,-18.9532,169.0462,136.598,4,mb,13,229,3.906,1.19,us,us6000s6nh,2026-02-07T04:27:51.040Z,"69 km NNW of Isangel, Vanuatu",earthquake,9.3,16.899,0.231,5,reviewed,us,us
2026-01-21T03:03:55.537Z,1.5908,126.9898,10,4.4,mb,25,148,6.907,0.71,us,us6000s6nd,2026-02-07T04:15:05.040Z,"98 km NNW of Ternate, Indonesia",earthquake,8.09,1.862,0.135,16,reviewed,us,us
2026-01-21T02:37:52.410Z,6.303,123.6599,10,4.3,mb,16,90,2.053,0.73,us,us6000s6nc,2026-02-07T03:53:57.040Z,"45 km WSW of Sangay, Philippines",earthquake,9.08,1.874,0.161,11,reviewed,us,us
2026-01-21T02:30:29.548Z,6.1989,123.6481,10,4.4,mb,14,97,2.104,0.68,us,us6000s6nb,2026-02-07T03:30:55.040Z,"51 km WSW of Sangay, Philippines",earthquake,5.67,1.924,0.19,8,reviewed,us,us
2026-01-21T01:33:04.854Z,6.2931,123.7256,10,5.4,mww,87,45,1.996,0.7,us,us7000rr0l,2026-02-12T02:54:04.767Z,"39 km WSW of Sangay, Philippines",earthquake,7.21,1.838,0.089,12,reviewed,us,us
2026-01-21T01:26:05.586Z,6.4167,123.7634,10,4.7,mb,44,54,1.916,0.94,us,us7000rr0k,2026-02-12T02:48:55.040Z,"31 km W of Sangay, Philippines",earthquake,8.29,1.889,0.095,34,reviewed,us,us
2026-01-21T01:12:24.575Z,6.4193,123.7773,10,4.5,mb,16,153,1.902,0.74,us,us6000s6pj,2026-02-07T04:50:01.040Z,"29 km W of Sangay, Philippines",earthquake,8.98,1.937,0.157,12,reviewed,us,us
2026-01-21T01:09:38.563Z,6.3196,123.7292,10,4.2,mb,11,90,1.983,0.19,us,us6000s6n8,2026-02-07T03:25:15.040Z,"37 km WSW of Sangay, Philippines",earthquake,6.46,1.792,0.236,5,reviewed,us,us
2026-01-21T01:05:49.009Z,14.4218,53.6836,10,5.3,mww,107,59,9.005,0.93,us,us7000rr0g,2026-02-12T02:55:16.040Z,"192 km N of Qalansīyah, Yemen",earthquake,7.89,1.869,0.08,15,reviewed,us,us
2026-01-21T00:58:10.393Z,14.4105,53.7369,10,4.6,mb,57,115,10.993,0.62,us,us7000rr0h,2026-02-09T01:18:36.040Z,"192 km N of Qalansīyah, Yemen",earthquake,12.4,1.916,0.084,43,reviewed,us,us
2026-01-21T00:54:58.559Z,40.9123,144.9721,10,4.5,mb,36,131,1.753,0.79,us,us6000s6na,2026-02-11T05:28:12.040Z,"206 km SE of Hiroo, Japan",earthquake,7.93,1.905,0.115,22,reviewed,us,us
2026-01-21T00:38:54.316Z,6.3765,123.7404,10,4.4,mb,26,74,1.952,0.64,us,us6000s6n7,2026-02-11T05:25:52.040Z,"34 km WSW of Sangay, Philippines",earthquake,11.42,1.927,0.131,17,reviewed,us,us
2026-01-21T00:34:00.676Z,45.1285,142.0501,10,4.3,mb,24,103,1.081,0.59,us,us6000s6n6,2026-02-11T05:22:58.040Z,"19 km NE of Horonobe, Japan",earthquake,7.54,1.916,0.126,18,reviewed,us,us
2026-01-21T00:27:34.278Z,-15.3832,168.2306,10,4.9,mb,44,126,0.993,0.38,us,us7000rr03,2026-02-11T05:19:27.040Z,"115 km E of Luganville, Vanuatu",earthquake,10.32,1.896,0.088,41,reviewed,us,us
2026-01-21T00:27:04.520Z,14.2241,53.8401,10,5,mb,120,52,9.165,0.65,us,us7000rr00,2026-02-09T00:06:17.040Z,"174 km NNE of Qalansīyah, Yemen",earthquake,9.28,1.837,0.056,100,reviewed,us,us
2026-01-21T00:22:33.748Z,14.2779,53.7755,10,4.6,mb,33,100,9.1,0.68,us,us6000s6n5,2026-02-11T05:16:21.040Z,"178 km N of Qalansīyah, Yemen",earthquake,10.94,1.889,0.11,25,reviewed,us,us
2026-01-20T23:48:44.894Z,36.67,26.3749,10,4,mb,27,121,1.289,0.61,us,us6000s6mr,2026-02-08T23:38:38.040Z,"13 km N of Astypálaia, Greece",earthquake,4.11,1.869,0.156,11,reviewed,us,us
2026-01-20T23:40:27.773Z,6.2644,123.8507,46.173,4.3,mb,11,98,1.894,0.35,us,us6000s6mj,2026-03-03T00:34:45.040Z,"29 km SW of Sangay, Philippines",earthquake,10.98,7.602,0.177,9,reviewed,us,us
2026-01-20T23:30:58.963Z,6.3691,123.7064,10,4.5,mb,27,82,1.986,0.7,us,us7000rqzs,2026-02-11T04:54:43.040Z,"38 km WSW of Sangay, Philippines",earthquake,10.58,1.933,0.124,19,reviewed,us,us
2026-01-20T23:29:57.144Z,-22.3517,170.0381,10,4.9,mb,38,117,2.411,0.88,us,us7000rqzp,2026-02-11T04:42:19.040Z,"240 km ESE of Tadine, New Caledonia",earthquake,8.16,1.854,0.128,19,reviewed,us,us
2026-01-20T23:25:17.102Z,6.374,123.7923,10,4.8,mb,68,45,1.904,0.62,us,us7000rqzk,2026-02-11T04:38:15.040Z,"28 km WSW of Sangay, Philippines",earthquake,5.79,1.841,0.076,54,reviewed,us,us
2026-01-20T23:16:03.328Z,-58.3095,-25.2879,35,4.6,mb,23,82,16.25,0.79,us,us6000s6mp,2026-02-11T04:34:20.040Z,"South Sandwich Islands region",earthquake,8.31,1.821,0.116,22,reviewed,us,us
2026-01-20T23:07:42.761Z,-30.6265,-65.0006,10,4.2,mb,23,253,1.582,0.7,us,us7000rqzg,2026-03-02T23:34:48.040Z,"21 km WNW of Cruz del Eje, Argentina",earthquake,8.48,1.984,0.235,5,reviewed,us,us
2026-01-20T22:19:26.455Z,14.2308,53.8751,10,4.6,mb,67,60,9.199,0.65,us,us7000rqz6,2026-02-11T04:17:22.040Z,"175 km NNE of Qalansīyah, Yemen",earthquake,11.08,1.889,0.075,53,reviewed,us,us
2026-01-20T21:27:14.977Z,-20.4678,-178.7306,596.655,3.9,mb,14,153,4.072,0.44,us,us6000s6ml,2026-02-11T04:14:39.040Z,"Fiji region",earthquake,20.18,14.146,0.162,10,reviewed,us,us
2026-01-20T20:52:41.260Z,19.2063,-64.9201,61,3.7,md,21,254,0.8468,0.35,pr,pr2026020000,2026-01-25T18:10:43.040Z,"95 km N of Charlotte Amalie, U.S. Virgin Islands",earthquake,2.95,6.01,0.19,20,reviewed,pr,pr
2026-01-20T20:37:58.268Z,1.586,125.7924,50.902,4.4,mb,20,111,5.451,0.68,us,us6000s6mh,2026-03-03T15:11:11.040Z,"75 km ENE of Bitung, Indonesia",earthquake,9.4,7.847,0.13,17,reviewed,us,us
2026-01-20T19:44:25.733Z,-15.3254,168.2236,9.226,4.8,mb,37,57,0.992,0.64,us,us6000s6mm,2026-02-08T17:26:20.040Z,"115 km E of Luganville, Vanuatu",earthquake,8.07,3.88,0.111,25,reviewed,us,us
2026-01-20T19:40:33.874Z,45.0231,142.1425,10,4,mb,30,104,0.96,0.74,us,us6000s6mf,2026-02-08T17:12:02.040Z,"13 km WNW of Nakatonbetsu, Japan",earthquake,8.61,1.893,0.116,20,reviewed,us,us
2026-01-20T19:37:05.694Z,-17.9088,-177.0513,377.247,4.5,mb,124,124,3.705,0.66,us,us7000rqxr,2026-02-08T16:52:08.040Z,"Fiji region",earthquake,7.86,5.665,0.051,115,reviewed,us,us
2026-01-20T19:01:33.701Z,51.8307,160.2564,10,4.3,mb,29,155,1.547,0.53,us,us7000rqxi,2026-02-08T16:44:42.040Z,"175 km SE of Vilyuchinsk, Russia",earthquake,9.78,1.94,0.125,18,reviewed,us,us
2026-01-20T18:48:11.540Z,33.880166666667,-116.19233333333,5.19,3.7593343324296,mw,96,37,0.04783,0.19,ci,ci41165087,2026-03-10T13:53:56.033Z,"18 km N of Indio, CA",earthquake,0.12,0.43,,10,reviewed,ci,ci
2026-01-20T18:44:45.168Z,39.5524,143.3886,46.302,4.4,mb,52,131,2.167,0.92,us,us7000rqxc,2026-02-08T16:40:43.040Z,"124 km E of Yamada, Japan",earthquake,8.19,7.174,0.096,31,reviewed,us,us
2026-01-20T17:58:33.446Z,35.4911,78.4072,10,4.5,mb,61,176,5.518,0.67,us,us6000s6mc,2026-02-05T22:39:12.040Z,"159 km ENE of Thang, India",earthquake,7.77,1.923,0.081,45,reviewed,us,us
2026-01-20T17:51:41.403Z,41.4231,141.9872,62.109,5.3,mww,108,94,0.942,0.83,us,us7000rqwc,2026-02-05T22:29:11.040Z,"66 km ENE of Mutsu, Japan",earthquake,9.34,4.728,0.08,15,reviewed,us,us
2026-01-20T17:11:38.552Z,-8.263,39.2742,10,5.3,mww,117,33,5.991,0.86,us,us7000rqva,2026-02-05T22:07:25.040Z,"40 km S of Mbumi, Tanzania",earthquake,10.59,1.794,0.059,28,reviewed,us,us
2026-01-20T16:25:22.706Z,0.0352,97.2681,10,4.4,mb,41,145,1.297,0.71,us,us7000rqv2,2026-02-07T20:02:53.040Z,"84 km SW of Teluk Dalam, Indonesia",earthquake,9.24,1.915,0.1,31,reviewed,us,us
2026-01-20T15:46:56.553Z,37.3231,71.8616,108.937,4.3,mb,61,77,1.105,0.88,us,us7000rqux,2026-02-07T19:47:41.040Z,"32 km SE of Khorugh, Tajikistan",earthquake,6.24,6.308,0.075,51,reviewed,us,us
2026-01-20T15:25:59.379Z,6.319,123.7375,9.709,4.2,mb,24,84,1.975,0.55,us,us6000s6mb,2026-02-07T19:34:48.040Z,"36 km WSW of Sangay, Philippines",earthquake,11.18,5.392,0.141,15,reviewed,us,us
2026-01-20T13:45:37.604Z,-8.2022,158.6882,10,4.4,mb,27,91,7.612,0.3,us,us6000s6ma,2026-03-04T16:35:16.040Z,"99 km W of Buala, Solomon Islands",earthquake,12.56,1.886,0.112,25,reviewed,us,us
2026-01-20T13:42:44.288Z,-22.3256,170.2679,10,5,mww,53,117,2.625,0.79,us,us7000rqtq,2026-02-07T18:42:37.040Z,"261 km ESE of Tadine, New Caledonia",earthquake,8.39,1.878,0.075,17,reviewed,us,us
2026-01-20T13:16:21.924Z,-3.1662,139.336,49.876,4.1,mb,13,93,1.511,1.09,us,us6000s6m9,2026-02-07T17:49:18.040Z,"157 km WSW of Abepura, Indonesia",earthquake,8.59,10.069,0.157,12,reviewed,us,us
2026-01-20T13:09:29.561Z,-4.6805,152.8935,62.917,4.4,mb,57,123,0.875,0.52,us,us6000s6m8,2026-02-07T17:27:26.040Z,"78 km ESE of Kokopo, Papua New Guinea",earthquake,9.32,7.162,0.079,46,reviewed,us,us
2026-01-20T11:30:13.157Z,15.9448,-95.6059,38.829,5,mww,130,136,3.261,0.87,us,us7000rqte,2026-02-12T13:33:47.504Z,"8 km ESE of Santiago Astata, Mexico",earthquake,8.17,6.681,0.068,21,reviewed,us,us
2026-01-20T11:14:39.653Z,4.3102,62.45,10,5,mb,75,72,11.195,0.6,us,us7000rqtc,2026-02-12T09:51:44.040Z,"Carlsberg Ridge",earthquake,9.96,1.868,0.072,62,reviewed,us,us
2026-01-20T10:29:55.144Z,6.3987,123.7327,10,4.7,mb,74,50,1.951,0.78,us,us7000rqt5,2026-02-12T11:02:59.040Z,"34 km W of Sangay, Philippines",earthquake,8.01,1.826,0.069,64,reviewed,us,us
2026-01-20T10:19:40.370Z,50.4616,157.3205,35,4.2,mb,24,182,2.661,0.6,us,us6000s6m3,2026-02-12T14:52:48.040Z,"87 km ESE of Severo-Kuril’sk, Russia",earthquake,11.74,1.971,0.141,14,reviewed,us,us
2026-01-20T09:54:01.997Z,38.4614,69.4384,10,4.4,mb,51,177,0.294,0.72,us,us7000rqsy,2026-02-12T09:28:13.040Z,"12 km NE of Norak, Tajikistan",earthquake,5.94,1.912,0.115,22,reviewed,us,us
2026-01-20T09:31:16.827Z,16.2911,-61.7437,140.954,4.4,mb,127,89,0.021,0.52,us,us7000rqsn,2026-02-12T12:40:27.040Z,"6 km SW of Sainte-Rose, Guadeloupe",earthquake,8.17,4.955,0.046,139,reviewed,us,us
2026-01-20T08:45:24.247Z,-23.7225,-179.997,525.994,4.7,mb,77,42,6.221,0.65,us,us7000rqsi,2026-02-10T15:01:45.040Z,"south of the Fiji Islands",earthquake,10.06,7.219,0.031,309,reviewed,us,us
2026-01-20T08:20:02.020Z,33.9005,-116.1725,4.35,3.6904198725889,mw,79,40,0.0249,0.15,ci,ci41164039,2026-02-17T21:23:19.811Z,"20 km N of Indio, CA",earthquake,0.11,0.34,,7,reviewed,ci,ci
2026-01-20T08:18:20.167Z,-15.6212,-173.7271,67.47,4.6,mb,42,98,2.537,1.13,us,us7000rqsh,2026-02-12T12:39:27.854Z,"37 km NNE of Hihifo, Tonga",earthquake,10.07,6.703,0.053,107,reviewed,us,us
2026-01-20T08:18:17.703Z,-12.4481,166.6357,59.01,4.9,mb,35,92,3.031,0.85,us,us7000rqsf,2026-03-26T12:48:39.040Z,"186 km NNW of Sola, Vanuatu",earthquake,11.28,9.334,0.104,29,reviewed,us,us
2026-01-20T07:27:40.180Z,39.375333333333,-89.246333333333,8.76,3.8,mw,31,44,0.504,0.21,nm,nm60617031,2026-03-26T11:44:51.106Z,"4 km NW of Ohlman, Illinois",earthquake,0.32,0.6,,38,reviewed,nm,nm
2026-01-20T07:21:59.848Z,-5.3293,145.9777,103,5.9,mww,128,15,3.546,0.88,us,us7000rqrt,2026-02-10T09:52:51.489Z,"24 km ESE of Madang, Papua New Guinea",earthquake,6.36,1.865,0.048,41,reviewed,us,us
2026-01-20T06:43:46.604Z,9.1147,126.0652,10,4.5,mb,38,117,2.088,0.87,us,us6000s6m0,2026-02-09T17:57:03.040Z,"10 km W of Buenavista, Philippines",earthquake,13.87,1.878,0.095,33,reviewed,us,us
2026-01-20T06:38:31.155Z,35.7959,21.8181,45.602,4.4,mb,85,125,1.383,0.76,us,us7000rqrj,2026-02-10T13:55:04.040Z,"111 km S of Koróni, Greece",earthquake,7.38,7.648,0.067,65,reviewed,us,us
2026-01-20T06:31:55.307Z,-15.0714,-173.1754,10,4.5,mb,36,118,1.777,0.62,us,us6000s6lz,2026-02-09T17:30:51.040Z,"118 km NE of Hihifo, Tonga",earthquake,9.93,1.931,0.079,47,reviewed,us,us
2026-01-20T06:05:28.321Z,-10.0925,-13.011,10,4.7,mb,40,58,2.526,0.92,us,us6000s6mv,2026-03-08T14:41:03.040Z,"284 km SSE of Georgetown, Saint Helena",earthquake,6.86,1.806,0.092,36,reviewed,us,us
2026-01-20T06:04:13.774Z,-10.1368,-13.2665,10,5.2,mb,75,56,2.442,0.83,us,us7000rqra,2026-02-10T14:15:17.040Z,"274 km SSE of Georgetown, Saint Helena",earthquake,10.06,1.858,0.053,119,reviewed,us,us
2026-01-20T05:55:50.010Z,-10.0529,-13.2407,10,5.2,mb,64,78,1.761,0.78,us,us7000rqr7,2026-02-10T14:08:14.040Z,"267 km SSE of Georgetown, Saint Helena",earthquake,10.33,1.88,0.078,54,reviewed,us,us
2026-01-20T05:46:19.190Z,40.5906,-119.5994,7,3.65,mw,7,162,0.433,0.172,nn,nn00909715,2026-02-10T18:38:01.510Z,"21 km WSW of Gerlach, Nevada",earthquake,,8.3395,,,reviewed,nn,nn
2026-01-20T05:38:54.945Z,-14.89,-172.7315,10,5.3,mb,28,101,1.341,0.83,us,us7000rqqz,2026-02-10T13:45:45.766Z,"128 km SSW of Gataivai, Samoa",earthquake,11.42,1.882,0.062,94,reviewed,us,us
2026-01-20T05:03:36.121Z,-19.1234,169.2483,222.906,4.4,mb,59,98,3.859,0.49,us,us7000rqt0,2026-02-10T13:59:33.040Z,"46 km N of Isangel, Vanuatu",earthquake,9.84,8.924,0.078,47,reviewed,us,us
2026-01-20T05:03:06.767Z,37.6534,141.9321,42.552,4.4,mb,28,138,3.177,0.64,us,us6000s6m4,2026-02-09T18:04:51.040Z,"84 km E of Minami-Sōma, Japan",earthquake,7.71,7.562,0.138,15,reviewed,us,us
2026-01-20T04:39:04.583Z,-22.4652,170.0983,10,5.3,mww,62,101,2.456,0.6,us,us7000rqqi,2026-02-11T23:50:08.040Z,"250 km ESE of Tadine, New Caledonia",earthquake,7.63,1.835,0.06,27,reviewed,us,us
2026-01-20T04:38:18.947Z,6.3903,123.8364,10,4.5,mb,32,67,1.858,0.47,us,us7000rqqp,2026-02-11T23:32:46.040Z,"23 km WSW of Sangay, Philippines",earthquake,9.23,1.905,0.119,21,reviewed,us,us
2026-01-20T03:46:22.397Z,6.2755,123.6715,9.66,4.3,mb,19,152,2.052,0.34,us,us6000s6lx,2026-02-11T04:31:30.040Z,"45 km WSW of Sangay, Philippines",earthquake,9.2,4.502,0.154,12,reviewed,us,us
2026-01-20T03:45:59.354Z,27.9855,52.1198,10,4,mb,29,131,4.75,0.46,us,us6000s6ly,2026-02-11T04:13:01.040Z,"89 km WNW of Mohr, Iran",earthquake,11.01,1.937,0.129,16,reviewed,us,us
2026-01-20T03:28:12.734Z,12.5358,-89.1249,10,4.3,mb,30,204,1.184,0.91,us,us6000s6lw,2026-02-11T04:03:52.040Z,"103 km SW of Puerto El Triunfo, El Salvador",earthquake,4.86,1.993,0.105,26,reviewed,us,us
2026-01-20T02:56:20.650Z,51.4121,159.9003,10,4.4,mb,37,128,1.788,1.18,us,us7000rqpy,2026-02-11T03:19:56.040Z,"197 km SSE of Vilyuchinsk, Russia",earthquake,7.72,1.794,0.118,21,reviewed,us,us
2026-01-20T02:50:57.260Z,33.87,-116.1705,3.04,3.5,ml,80,38,0.05536,0.18,ci,ci41163023,2026-02-11T03:08:00.040Z,"17 km NNE of Indio, CA",earthquake,0.13,0.3,0.15594533157123,235,reviewed,ci,ci
2026-01-20T02:43:09.963Z,-35.4116,178.6457,165.633,4.4,mb,17,124,2.164,1.15,us,us7000rqpt,2026-02-11T02:55:36.040Z,"244 km N of Hicks Bay, New Zealand",earthquake,11.63,10.233,0.178,9,reviewed,us,us
2026-01-20T02:33:11.613Z,51.7177,-169.8347,10,4.7,mb,148,153,1.073,0.83,us,us7000rqpn,2026-04-06T21:40:07.040Z,"151 km SSW of Nikolski, Alaska",earthquake,5.24,1.88,0.047,137,reviewed,us,us
2026-01-20T01:56:14.390Z,33.894,-116.16933333333,3.09,4.9225558437038,mw,84,39,0.03155,0.17,ci,ci41162719,2026-04-07T02:06:57.474Z,"20 km NNE of Indio, CA",earthquake,0.12,0.29,,10,reviewed,ci,ci
2026-01-20T00:32:06.675Z,51.1847,-178.3582,35,4.5,mb,73,119,0.467,0.61,us,us7000rqny,2026-03-02T22:32:33.040Z,"142 km WSW of Adak, Alaska",earthquake,4.05,1.919,0.039,197,reviewed,us,us
2026-01-20T00:01:58.168Z,3.2361,129.2748,10,4.1,mb,17,119,10.344,0.44,us,us6000s6ms,2026-02-06T04:20:18.040Z,"206 km W of Tobi Village, Palau",earthquake,9.7,1.919,0.158,11,reviewed,us,us
2026-01-19T23:06:55.516Z,9.9502,-84.1028,10,4,ml,6,136,0.052,0.15,us,us7000rqtv,2026-02-28T05:20:54.454Z,"2 km WSW of Colima, Costa Rica",earthquake,2.54,1.602,0.115,10,reviewed,us,us
2026-01-19T22:28:22.174Z,-6.3382,143.7052,10,4.7,mb,40,103,4.175,0.81,us,us7000rqnh,2026-02-06T03:29:51.040Z,"21 km SSE of Mendi, Papua New Guinea",earthquake,8.37,1.883,0.096,33,reviewed,us,us
2026-01-19T22:23:31.480Z,6.3936,123.7371,10,4.6,mb,24,87,1.949,0.34,us,us6000s6h1,2026-02-11T03:58:47.040Z,"34 km W of Sangay, Philippines",earthquake,11.86,1.911,0.133,17,reviewed,us,us
2026-01-19T22:15:56.777Z,-7.1929,128.3703,187.836,4.8,mb,54,83,3.061,0.53,us,us7000rqnb,2026-02-11T03:56:11.040Z,"210 km NE of Lospalos, Timor Leste",earthquake,8.57,7.68,0.077,53,reviewed,us,us
2026-01-19T21:57:03.933Z,-22.3711,170.3255,10,4.6,mb,23,138,2.673,0.81,us,us6000s6gz,2026-02-11T03:21:19.040Z,"268 km ESE of Tadine, New Caledonia",earthquake,10.5,1.939,0.141,15,reviewed,us,us
2026-01-19T21:50:33.235Z,6.509,126.0773,89.017,4.5,mb,25,107,0.745,0.69,us,us6000s6gw,2026-03-02T22:31:12.040Z,"2 km WSW of Luzon, Philippines",earthquake,13.17,8.223,0.128,18,reviewed,us,us
2026-01-19T21:09:44.289Z,32.7583,48.346,10,4.3,mb,50,121,6.788,0.56,us,us7000rqni,2026-02-11T02:41:17.040Z,"46 km NNW of Shahrak-e Kūlūrī, Iran",earthquake,9.65,1.927,0.094,32,reviewed,us,us
2026-01-19T21:00:32.304Z,51.0868,157.1655,80.617,4.6,mb,78,102,2.051,0.68,us,us7000rqn4,2026-02-11T02:11:00.040Z,"64 km SE of Ozernovskiy, Russia",earthquake,8.64,6.128,0.047,134,reviewed,us,us
2026-01-19T20:38:00.803Z,17.6454,146.8842,52.214,4.2,mb,27,151,2.612,0.98,us,us6000s6gt,2026-02-06T18:12:49.040Z,"295 km NNE of Saipan, Northern Mariana Islands",earthquake,13.68,9.429,0.128,17,reviewed,us,us
2026-01-19T19:54:01.798Z,6.3365,123.7878,10,4.7,mb,70,66,1.922,0.68,us,us7000rqmu,2026-02-06T19:58:04.040Z,"30 km WSW of Sangay, Philippines",earthquake,9.81,1.905,0.065,73,reviewed,us,us
2026-01-19T19:49:14.951Z,6.2728,123.6669,10,4.4,mb,34,115,2.058,1.02,us,us6000s6gp,2026-02-06T17:41:00.040Z,"45 km WSW of Sangay, Philippines",earthquake,12.26,1.937,0.112,24,reviewed,us,us
2026-01-19T19:38:52.205Z,6.2874,123.8607,10,4.2,mb,26,136,1.875,0.64,us,us6000s6gq,2026-02-06T17:57:40.040Z,"26 km SW of Sangay, Philippines",earthquake,10.52,1.934,0.125,18,reviewed,us,us
2026-01-19T19:00:21.982Z,6.3557,123.7166,10,5.4,mww,85,37,1.981,0.55,us,us7000rqmd,2026-02-07T19:53:58.075Z,"37 km WSW of Sangay, Philippines",earthquake,7.73,1.844,0.068,21,reviewed,us,us
2026-01-19T18:53:35.612Z,6.3872,123.6623,10,4.9,mb,60,39,2.021,0.96,us,us7000rqmc,2026-02-06T19:36:34.483Z,"42 km W of Sangay, Philippines",earthquake,7,1.873,0.061,86,reviewed,us,us
2026-01-19T18:22:21.974Z,52.7734,161.6305,10,4.2,mb,38,137,1.823,0.52,us,us6000s6gk,2026-02-06T16:50:09.040Z,"204 km E of Petropavlovsk-Kamchatsky, Russia",earthquake,10.54,1.856,0.106,25,reviewed,us,us
2026-01-19T17:59:24.703Z,12.4911,141.6318,43.048,4.9,mww,66,65,8.709,0.59,us,us7000rqm7,2026-03-05T16:35:17.040Z,"Mariana Islands region",earthquake,9.84,7.008,0.089,12,reviewed,us,us
2026-01-19T17:30:06.480Z,-17.9359,-178.3567,527.416,4.4,mb,55,86,2.612,0.64,us,us7000rql6,2026-02-06T19:19:09.040Z,"246 km E of Levuka, Fiji",earthquake,12.48,8.051,0.039,184,reviewed,us,us
2026-01-19T17:01:42.175Z,-11.5805,166.3224,80.102,4.9,mb,62,101,3.938,0.71,us,us7000rql0,2026-02-06T19:16:54.040Z,"110 km SSE of Lata, Solomon Islands",earthquake,11.43,6.919,0.045,154,reviewed,us,us
2026-01-19T16:30:19.182Z,33.563,138.5694,10,4.2,mwr,84,72,1.133,0.81,us,us7000rqkv,2026-02-08T22:32:30.040Z,"119 km SSE of Ōyama, Japan",earthquake,5.81,1.83,0.078,16,reviewed,us,us
2026-01-19T16:28:23.134Z,49.8404,155.7788,88.654,4.1,mb,48,144,3.486,0.48,us,us6000s6gy,2026-02-05T21:56:41.040Z,"96 km SSW of Severo-Kuril’sk, Russia",earthquake,11.15,6.442,0.087,36,reviewed,us,us
2026-01-19T16:09:27.202Z,-33.9443,-179.5935,35,4.5,mb,16,203,3.993,0.97,us,us6000s6gd,2026-02-05T20:16:19.040Z,"south of the Kermadec Islands",earthquake,12.72,1.986,0.144,14,reviewed,us,us
2026-01-19T16:02:13.631Z,54.2863,-162.6181,54.234,4,mb,26,160,1.248,0.82,us,us7000rqkq,2026-03-28T03:58:24.863Z,"81 km SE of False Pass, Alaska",earthquake,8.13,9.089,0.156,11,reviewed,us,us
2026-01-19T15:43:57.332Z,17.3629,95.7995,10,4.4,mb,30,173,2.827,0.46,us,us7000rql1,2026-02-05T17:56:34.395Z,"32 km S of Tharyarwady, Burma (Myanmar)",earthquake,11.6,1.927,0.139,15,reviewed,us,us
2026-01-19T15:35:23.415Z,40.5904,-119.5973,6,3.75,mw,7,159,0.433,0.1514,nn,nn00909679,2026-03-03T15:07:18.910Z,"21 km WSW of Gerlach, Nevada",earthquake,,2.8045,,,reviewed,nn,nn
2026-01-19T14:08:03.062Z,51.3203,-177.0497,35,3.5,ml,27,210,0.457,0.5,us,us7000rqkl,2026-02-05T17:47:55.040Z,"68 km SSW of Adak, Alaska",earthquake,2.77,1.953,0.085,18,reviewed,us,us
2026-01-19T14:00:40.880Z,-41.3177,-89.5846,10,4.6,mb,14,124,12.331,0.59,us,us6000s6gb,2026-02-05T17:46:17.040Z,"southeast of Easter Island",earthquake,15.09,1.93,0.182,9,reviewed,us,us
2026-01-19T13:41:37.057Z,57.188,-155.55,61.2,3.5,ml,152,155,0.6,1.1,ak,ak2026bichpd,2026-02-05T17:14:10.040Z,"78 km WSW of Karluk, Alaska",earthquake,4.2,2.8618,0.4,98,reviewed,ak,ak
2026-01-19T13:18:07.391Z,51.7311,176.6623,10,3.9,mb,31,202,1.168,0.76,us,us7000rqkj,2026-02-05T17:10:53.040Z,"267 km ESE of Attu Station, Alaska",earthquake,5.61,1.996,0.133,15,reviewed,us,us
2026-01-19T13:15:47.413Z,-11.408,118.4565,10,4.7,mb,26,115,2.503,0.31,us,us7000rqk2,2026-02-05T16:14:59.040Z,"235 km SSW of Tambolaka, Indonesia",earthquake,9.25,1.942,0.129,18,reviewed,us,us
2026-01-19T13:02:19.436Z,-22.4395,170.3939,11,6,mww,127,38,2.73,0.79,us,us7000rqjy,2026-02-04T21:47:52.778Z,"277 km ESE of Tadine, New Caledonia",earthquake,8.18,1.719,0.04,60,reviewed,us,us
2026-01-19T13:01:00.944Z,-22.2955,170.3537,10,5,mb,76,96,2.708,0.57,us,us7000rqjx,2026-02-04T21:18:06.040Z,"268 km ESE of Tadine, New Caledonia",earthquake,9.87,1.831,0.065,76,reviewed,us,us
2026-01-19T13:00:17.233Z,-22.7307,170.1971,10,4.6,mb,22,135,2.543,0.83,us,us6000s6g9,2026-02-04T21:03:51.040Z,"272 km ESE of Tadine, New Caledonia",earthquake,10.41,1.888,0.165,11,reviewed,us,us
2026-01-19T12:16:05.307Z,52.997,-167.075,22.8,3.5,ml,22,211,0.7,0.4,ak,ak2026bhzmee,2026-03-27T21:28:25.796Z,"104 km SSW of Unalaska, Alaska",earthquake,8.3,4.6477,0.2,18,reviewed,ak,ak
2026-01-19T11:32:06.410Z,27.1457,103.42,10,5.2,mww,102,29,7.429,0.79,us,us7000rqjl,2026-03-08T14:50:35.040Z,"34 km WSW of Zhaotong, China",earthquake,7.58,1.801,0.059,28,reviewed,us,us
2026-01-19T11:02:49.367Z,-2.5876,102.194,166.679,5,mb,95,46,1.918,0.88,us,us7000rqjg,2026-02-10T13:16:27.040Z,"104 km NNW of Curup, Indonesia",earthquake,4.82,4.921,0.055,106,reviewed,us,us
2026-01-19T09:32:38.411Z,1.4415,127.2721,135.819,4.5,mb,39,78,4.597,0.77,us,us6000s6g4,2026-02-12T11:55:07.040Z,"73 km N of Ternate, Indonesia",earthquake,5.27,7.891,0.115,27,reviewed,us,us
2026-01-19T09:25:52.525Z,-22.3355,170.3018,10,4.7,mb,37,119,2.655,0.96,us,us7000rqj8,2026-02-09T09:28:57.040Z,"264 km ESE of Tadine, New Caledonia",earthquake,7.65,1.864,0.138,20,reviewed,us,us
2026-01-19T08:21:18.487Z,-17.8576,168.5387,126.968,4.1,mb,16,190,2.717,0.53,us,us6000s6g2,2026-02-12T14:17:58.040Z,"27 km ESE of Port-Vila, Vanuatu",earthquake,9.77,10.06,0.165,10,reviewed,us,us
2026-01-19T07:49:16.179Z,-7.6251,127.6049,147.237,4.4,mb,22,66,3.838,0.45,us,us7000rqj1,2026-03-10T10:02:38.040Z,"119 km NE of Lospalos, Timor Leste",earthquake,9.46,10.202,0.162,11,reviewed,us,us
2026-01-19T07:19:45.717Z,52.1386,160.1853,35,4.4,mb,40,124,1.29,0.58,us,us6000s6g1,2026-02-12T15:31:56.040Z,"147 km SE of Petropavlovsk-Kamchatsky, Russia",earthquake,8.47,1.93,0.102,28,reviewed,us,us
2026-01-19T07:07:59.760Z,-6.5989,154.9694,145.823,4.2,mb,22,118,3.677,0.95,us,us6000s6fz,2026-02-12T15:49:21.040Z,"65 km WSW of Panguna, Papua New Guinea",earthquake,8.39,9.796,0.141,14,reviewed,us,us
2026-01-19T06:42:08.172Z,-16.3651,-173.9302,107.219,5.1,mww,65,57,3.204,0.44,us,us7000rqit,2026-02-12T11:21:40.040Z,"47 km SSW of Hihifo, Tonga",earthquake,10.41,6.788,0.11,8,reviewed,us,us
2026-01-19T06:32:35.439Z,36.7971,74.4139,59.139,4.6,mb,72,90,2.154,0.65,us,us6000s6g6,2026-02-12T15:08:09.040Z,"58 km NNW of Barishal, Pakistan",earthquake,8.46,7.916,0.069,62,reviewed,us,us
2026-01-19T06:21:10.314Z,36.7103,74.4042,23,5.6,mww,156,55,2.211,0.59,us,us7000rqik,2026-02-12T14:03:24.608Z,"50 km NNW of Barishal, Pakistan",earthquake,8.68,1.837,0.061,26,reviewed,us,us
2026-01-19T05:35:36.458Z,-3.2219,130.625,10,4.5,mb,22,71,1.478,0.73,us,us7000rqig,2026-02-12T10:40:28.040Z,"184 km E of Masohi, Indonesia",earthquake,4.64,1.909,0.121,20,reviewed,us,us
2026-01-19T02:56:28.572Z,-20.5907,-69.0534,114.589,4,mb,15,73,0.457,0.67,us,us7000rqi1,2026-03-03T06:07:45.040Z,"68 km ESE of La Tirana, Chile",earthquake,3.66,5.693,0.212,6,reviewed,us,us
2026-01-19T02:06:39.967Z,53.523,-165.9312,54.792,4,mb,52,158,0.469,0.81,us,us7000rqhx,2026-02-09T05:59:59.040Z,"55 km SE of Unalaska, Alaska",earthquake,3.81,6.544,0.101,26,reviewed,us,us
2026-01-19T01:10:47.546Z,-5.8455,105.7112,154.696,4.5,mb,36,117,0.985,0.91,us,us7000rqht,2026-02-09T05:36:00.040Z,"57 km WNW of Serang, Indonesia",earthquake,8.08,6.454,0.106,26,reviewed,us,us
2026-01-19T00:58:24.365Z,36.7541,73.1834,5,3.9,mb,16,219,1.652,0.61,us,us6000s6fv,2026-03-02T23:39:56.040Z,"80 km ESE of Khandūd, Afghanistan",earthquake,7.17,1.985,0.155,11,reviewed,us,us
2026-01-19T00:20:54.556Z,37.8918,72.278,10,4,mb,18,240,0.451,0.41,us,us6000s6fy,2026-03-02T21:55:03.040Z,"77 km NE of Khorugh, Tajikistan",earthquake,8.67,1.96,0.139,14,reviewed,us,us
2026-01-19T00:20:33.840Z,40.390833333333,-125.0415,10,4.17,mw,165,229,0.5439,0.29,nc,nc75297786,2026-03-02T21:48:41.038Z,"65 km W of Petrolia, CA",earthquake,0.8,31.61,,11,reviewed,nc,nc
2026-01-18T22:41:01.952Z,43.1778,146.4049,71.15,4.5,mb,37,143,2.665,0.44,us,us7000rqhd,2026-02-11T01:34:11.040Z,"69 km ESE of Nemuro, Japan",earthquake,10.07,8.339,0.106,26,reviewed,us,us
2026-01-18T22:22:10.398Z,-13.9583,166.6373,43.716,4.5,mb,27,139,1.578,0.94,us,us6000s6f1,2026-02-11T01:19:49.040Z,"99 km W of Sola, Vanuatu",earthquake,13.11,6.574,0.118,21,reviewed,us,us
2026-01-18T21:51:36.024Z,52.1966,-173.7413,148.03,3.8,ml,22,190,0.233,0.35,us,us7000rqku,2026-02-03T21:43:23.040Z,"31 km E of Atka, Alaska",earthquake,14.26,6.115,0.097,14,reviewed,us,us
2026-01-18T20:33:59.777Z,36.3381,141.7072,29,3.9,mwr,25,138,2.832,0.58,us,us7000rqh3,2026-03-05T16:12:31.040Z,"98 km ESE of Takahagi, Japan",earthquake,8.27,4.979,0.078,16,reviewed,us,us
2026-01-18T20:29:33.825Z,55.2682,109.7501,10,4.5,mb,53,111,5.119,0.43,us,us7000rqh2,2026-02-06T19:12:42.040Z,"49 km SSE of Severobaykal’sk, Russia",earthquake,11.43,1.886,0.056,94,reviewed,us,us
2026-01-18T17:53:12.740Z,-0.0146,124.501,83.833,4.6,mb,67,42,4.905,1.02,us,us7000rqgk,2026-02-06T19:05:35.040Z,"52 km S of Modisi, Indonesia",earthquake,8.98,7.515,0.067,68,reviewed,us,us
2026-01-18T17:24:25.182Z,51.7845,158.3477,56.791,4.2,mb,33,165,1.255,0.74,us,us7000rqgc,2026-02-06T18:27:51.040Z,"127 km S of Vilyuchinsk, Russia",earthquake,11.51,8.983,0.11,23,reviewed,us,us
2026-01-18T16:45:11.450Z,-48.1241,165.204,26.658,5.3,mww,32,124,2.203,1.19,us,us7000rqg6,2026-02-07T18:14:50.040Z,"290 km SW of Riverton, New Zealand",earthquake,10.84,5.453,0.056,31,reviewed,us,us
2026-01-18T16:06:32.297Z,-42.4987,-82.217,10,5.2,mww,46,86,6.831,0.6,us,us7000rqg0,2026-02-07T18:04:15.040Z,"West Chile Rise",earthquake,10.75,1.849,0.071,19,reviewed,us,us
2026-01-18T16:05:39.297Z,-25.1088,179.4098,552.107,4.3,mb,20,195,7.436,0.8,us,us6000s6es,2026-04-03T17:05:26.040Z,"south of the Fiji Islands",earthquake,26.41,17.199,0.129,17,reviewed,us,us
2026-01-18T15:18:16.831Z,4.3327,126.9428,35,4.5,mb,19,158,6.725,0.82,us,us7000rqfw,2026-02-07T17:50:29.040Z,"202 km SE of Sarangani, Philippines",earthquake,14.8,1.901,0.118,21,reviewed,us,us
2026-01-18T15:00:13.065Z,33.6967,66.1961,8.572,4.4,mb,24,218,2.571,0.93,us,us7000rqfu,2026-04-03T17:01:17.040Z,"94 km NNW of Uruzgān, Afghanistan",earthquake,11.37,5.396,0.148,13,reviewed,us,us
2026-01-18T14:54:12.100Z,35.343833333333,-117.79766666667,4.55,3.5529142707325,mw,65,33,0.08581,0.17,ci,ci41161199,2026-02-07T18:02:29.441Z,"15 km WSW of Johannesburg, CA",earthquake,0.13,0.51,,5,reviewed,ci,ci
2026-01-18T13:58:47.399Z,-6.2839,130.495,151.618,4.3,mb,19,136,1.846,0.76,us,us7000rqfh,2026-02-07T17:35:43.040Z,"260 km WSW of Tual, Indonesia",earthquake,10.6,9.7,0.168,10,reviewed,us,us
2026-01-18T13:54:16.416Z,37.9556,14.9685,10,4.2,mb,22,150,0.688,1.03,us,us6000s6em,2026-03-06T19:08:08.040Z,"4 km N of Santa Domenica Vittoria, Italy",earthquake,5.64,1.952,0.175,10,reviewed,us,us
2026-01-18T13:42:06.969Z,18.2958,146.2506,11.477,4,mb,10,162,3.07,0.23,us,us6000s6el,2026-02-07T17:25:43.040Z,"Pagan region, Northern Mariana Islands",earthquake,10.72,4.936,0.231,5,reviewed,us,us
2026-01-18T13:00:15.558Z,-3.6935,151.5146,346.78,4.2,mb,29,91,0.815,0.9,us,us6000s6ei,2026-03-06T19:16:32.040Z,"91 km NW of Rabaul, Papua New Guinea",earthquake,8.59,7.589,0.105,25,reviewed,us,us
2026-01-18T12:55:31.765Z,2.4238,-99.0617,10,4.5,mb,53,71,9.297,1.15,us,us6000s6ek,2026-02-09T16:17:45.040Z,"west of the Galapagos Islands",earthquake,13.75,1.901,0.067,66,reviewed,us,us
2026-01-18T12:48:57.523Z,-55.6691,-30.0631,10,4.5,mb,17,144,3.954,0.22,us,us6000s6ey,2026-03-08T14:31:52.040Z,"South Sandwich Islands region",earthquake,15.48,1.95,0.128,18,reviewed,us,us
2026-01-18T12:48:51.892Z,50.4491,158.5219,10,4.6,mb,88,77,2.579,0.64,us,us7000rqf8,2026-02-10T13:02:57.040Z,"171 km E of Severo-Kuril’sk, Russia",earthquake,8.45,1.873,0.044,156,reviewed,us,us
2026-01-18T12:31:42.238Z,-22.3569,-174.4852,10,5.3,mb,81,67,5.371,0.99,us,us7000rqf7,2026-02-10T13:00:45.040Z,"122 km SSE of ‘Ohonua, Tonga",earthquake,10.92,1.866,0.047,151,reviewed,us,us
2026-01-18T11:27:59.257Z,-2.8259,124.9915,10,4.6,mb,33,48,3.054,0.64,us,us6000s6ef,2026-02-09T15:42:38.040Z,"138 km SW of Sanana, Indonesia",earthquake,7.36,1.911,0.119,21,reviewed,us,us
2026-01-18T11:05:58.950Z,-16.1849,-174.1817,121.382,4.5,mb,43,76,3.239,0.44,us,us7000rqey,2026-02-10T12:54:05.040Z,"48 km WSW of Hihifo, Tonga",earthquake,11.13,7.965,0.082,43,reviewed,us,us
2026-01-18T09:51:32.560Z,13.8285,145.0686,119.487,4.4,mb,33,121,1.563,0.67,us,us7000rqep,2026-02-10T12:46:45.246Z,"37 km NNE of Yigo Village, Guam",earthquake,13.91,8.002,0.08,45,reviewed,us,us
2026-01-18T09:46:53.892Z,42.5331,145.0566,35,4.8,mb,74,126,1.502,0.57,us,us7000rqel,2026-02-10T12:41:46.040Z,"58 km SSE of Akkeshi, Japan",earthquake,8.01,1.914,0.047,138,reviewed,us,us
2026-01-18T08:47:46.180Z,24.2879,121.8716,7.171,4.6,mwr,51,61,0.277,0.81,us,us7000rqed,2026-02-05T07:57:58.421Z,"43 km NE of Hualien City, Taiwan",earthquake,1.74,3.933,0.066,22,reviewed,us,us
2026-01-18T06:52:36.057Z,48.3071,154.0307,64.87,4.6,mb,61,134,5.341,0.66,us,us7000rqe4,2026-02-05T07:45:09.040Z,"Kuril Islands",earthquake,12.38,7.734,0.05,120,reviewed,us,us
2026-01-18T06:38:56.603Z,-2.3049,138.8285,30.9,5,mb,38,70,1.884,0.72,us,us7000rqe0,2026-02-05T07:33:38.040Z,"203 km W of Abepura, Indonesia",earthquake,7.91,5.498,0.085,44,reviewed,us,us
2026-01-18T05:16:45.226Z,-18.4061,-176.5064,9.467,4.5,mb,37,123,4.378,0.58,us,us6000s6eb,2026-02-05T07:00:41.040Z,"267 km W of Neiafu, Tonga",earthquake,7.2,4.85,0.106,26,reviewed,us,us
2026-01-18T04:16:46.470Z,0.5812,125.2815,63.203,5,mb,83,63,5.261,1.29,us,us7000rqdm,2026-02-05T23:24:14.040Z,"89 km SSE of Tondano, Indonesia",earthquake,8.16,6.086,0.057,103,reviewed,us,us
2026-01-18T03:55:54.021Z,6.4703,123.6854,10,4.4,mb,26,123,1.973,0.86,us,us6000s6ed,2026-02-05T23:19:05.040Z,"39 km W of Bantogon, Philippines",earthquake,9.93,1.923,0.156,15,reviewed,us,us
2026-01-18T03:25:11.754Z,44.5983,149.2673,64.576,4.5,mb,72,135,4.81,0.64,us,us7000rqdh,2026-03-03T23:05:37.040Z,"130 km ESE of Kuril’sk, Russia",earthquake,11.01,7.732,0.069,62,reviewed,us,us
2026-01-18T03:12:56.995Z,16.109,-92.7519,188.122,4.5,mb,51,143,0.615,1.09,us,us7000rqde,2026-02-05T23:04:45.040Z,"4 km ESE of Plan de Agua Prieta, Mexico",earthquake,10.12,7.485,0.045,143,reviewed,us,us
2026-01-18T03:01:25.996Z,49.9001,159.9792,10,4.3,mb,32,137,3.236,0.43,us,us6000s6e7,2026-02-05T22:59:31.040Z,"287 km ESE of Severo-Kuril’sk, Russia",earthquake,13.01,1.929,0.119,20,reviewed,us,us
2026-01-18T02:45:01.188Z,61.882,-150.787,65.8,4.2,ml,138,18,0.4,0.8,ak,ak2026bfkveq,2026-02-11T22:41:48.705Z,"34 km ESE of Skwentna, Alaska",earthquake,1.9,2.6045,0.2,20,automatic,ak,ak
2026-01-18T02:14:01.373Z,30.3193,138.4183,442.868,4.1,mb,56,121,3.03,0.52,us,us6000s6e5,2026-02-05T22:37:34.040Z,"Izu Islands, Japan region",earthquake,12.12,8.674,0.1,32,reviewed,us,us
2026-01-18T01:35:59.235Z,33.8289,65.9655,10,4.4,mb,46,107,6.406,0.82,us,us7000rqd2,2026-02-05T22:20:26.040Z,"101 km SE of Fayrōz Kōh, Afghanistan",earthquake,10.68,1.924,0.093,33,reviewed,us,us
2026-01-18T01:15:13.621Z,-2.6464,139.2928,37.437,4.9,mb,36,69,1.415,0.91,us,us7000rqcz,2026-02-05T22:17:39.040Z,"149 km W of Abepura, Indonesia",earthquake,9.96,4.582,0.073,58,reviewed,us,us
2026-01-17T23:21:53.712Z,-17.6632,167.4049,10,4.7,mb,23,117,2.212,0.97,us,us6000s68e,2026-02-07T03:08:52.040Z,"96 km W of Port-Vila, Vanuatu",earthquake,8.33,1.653,0.142,15,reviewed,us,us
2026-01-17T21:55:31.671Z,-26.5875,-70.0558,96.31,4,mb,16,154,0.655,1.61,us,us7000rqc8,2026-04-05T22:51:42.040Z,"21 km S of Diego de Almagro, Chile",earthquake,5.69,7.717,0.518,1,reviewed,us,us
2026-01-17T21:45:51.739Z,57.17,-136.272,2.4,4,ml,91,131,0.3,1.6,ak,ak2026bfaxka,2026-02-09T04:48:11.098Z,"58 km WNW of Sitka, Alaska",earthquake,3.4,2.6105,0.2,40,reviewed,ak,ak
2026-01-17T20:23:38.830Z,4.2498,97.4461,10,4.3,mb,20,90,2.136,0.69,us,us7000rqbx,2026-02-09T04:29:26.040Z,"62 km WSW of Langsa, Indonesia",earthquake,7.6,1.901,0.16,11,reviewed,us,us
2026-01-17T18:49:56.768Z,-21.4853,-176.649,237.219,4.4,mb,83,125,6.227,0.53,us,us7000rqbj,2026-02-06T21:49:15.040Z,"144 km WSW of Houma, Tonga",earthquake,12.24,7.659,0.061,87,reviewed,us,us
2026-01-17T18:44:03.412Z,-31.8763,179.5402,454.838,4.4,mb,52,131,5.762,0.99,us,us6000s68b,2026-02-06T21:46:26.040Z,"Kermadec Islands region",earthquake,12.69,7.114,0.084,41,reviewed,us,us
2026-01-17T18:26:02.748Z,61.203,-151.306,78.8,3.5,ml,49,37,0.4,0.6,ak,ak2026beuhei,2026-02-06T19:37:28.040Z,"13 km WNW of Beluga, Alaska",earthquake,3.2,3.5166,0.7,3,automatic,ak,ak
2026-01-17T18:00:25.945Z,-55.7658,-28.5816,86.13,5.4,mb,90,60,4.785,0.68,us,us7000rqbc,2026-02-06T20:27:26.515Z,"South Sandwich Islands region",earthquake,11.22,5.649,0.062,88,reviewed,us,us
2026-01-17T17:43:05.954Z,-20.1038,-177.7878,527.6,4.1,mb,24,96,4.505,0.49,us,us6000s68a,2026-02-06T17:21:11.040Z,"284 km WNW of Houma, Tonga",earthquake,11.26,18.144,0.123,20,reviewed,us,us
2026-01-17T17:01:29.613Z,24.2854,121.8917,3.16,4.4,mwr,67,55,0.293,0.62,us,us7000rqb4,2026-02-06T17:09:52.544Z,"44 km NE of Hualien City, Taiwan",earthquake,2.74,4.798,0.075,17,reviewed,us,us
2026-01-17T16:49:48.551Z,35.5101,140.1237,72.076,4.3,mb,52,141,1.862,0.69,us,us7000rqdz,2026-02-06T17:07:12.790Z,"3 km ESE of Ichihara, Japan",earthquake,5.96,9.781,0.093,37,reviewed,us,us
2026-01-17T16:27:53.424Z,32.9468,49.6861,10,4.1,mb,26,153,3.941,0.58,us,us6000s689,2026-02-06T16:49:28.040Z,"40 km W of Fereydūnshahr, Iran",earthquake,4.76,1.944,0.157,12,reviewed,us,us
2026-01-17T16:25:30.075Z,-50.1497,-7.0385,10,4.7,mb,16,84,13.618,0.47,us,us6000s68d,2026-02-06T16:39:05.040Z,"southern Mid-Atlantic Ridge",earthquake,8.77,1.941,0.138,17,reviewed,us,us
2026-01-17T16:10:44.484Z,-10.2114,119.3754,31.654,4.2,mb,26,99,1.056,0.99,us,us6000s68c,2026-02-06T16:26:34.040Z,"87 km S of Tambolaka, Indonesia",earthquake,6.52,15.67,0.121,21,reviewed,us,us
2026-01-17T14:06:00.917Z,60.936,-147.165,16,3.8,ml,163,75,0.1,1,ak,ak2026belrda,2026-02-07T16:02:37.040Z,"27 km WNW of Tatitlek, Alaska",earthquake,1.7,1.1759,0.3,99,reviewed,ak,ak
2026-01-17T14:02:19.608Z,-15.2366,-176.038,333.07,4.4,mb,33,76,4.326,0.81,us,us7000rqfy,2026-02-07T15:56:39.040Z,"216 km S of Mata-Utu, Wallis and Futuna",earthquake,12.27,7.472,0.073,54,reviewed,us,us
2026-01-17T13:53:06.616Z,4.3982,126.6035,10,4.4,mb,16,115,2.843,1.12,us,us6000s685,2026-02-07T16:10:49.040Z,"168 km SE of Sarangani, Philippines",earthquake,5.92,1.926,0.144,14,reviewed,us,us
2026-01-17T12:27:02.820Z,18.0498,-68.534,87,3.65,md,18,221,0.4885,0.46,pr,pr2026017000,2026-03-05T06:53:06.040Z,"37 km SSE of Boca de Yuma, Dominican Republic",earthquake,4,2.66,0.21,14,reviewed,pr,pr
2026-01-17T11:44:45.501Z,48.9269,154.869,58.558,4.5,mb,34,137,4.551,0.7,us,us7000rqae,2026-02-04T08:52:36.040Z,"214 km SSW of Severo-Kuril’sk, Russia",earthquake,12.99,7.98,0.101,29,reviewed,us,us
2026-01-17T09:59:11.684Z,63.573,-147.766,0,3.6,ml,60,40,0.5,0.9,ak,ak2026bedmlc,2026-02-04T08:40:27.040Z,"59 km ESE of Denali Park, Alaska",earthquake,2,1.6305,0.4,5,automatic,ak,ak
2026-01-17T08:37:42.174Z,31.8187,130.7941,10,4.3,mb,23,121,0.424,0.52,us,us6000s682,2026-02-08T07:44:24.040Z,"9 km NNE of Kirishima, Japan",earthquake,3.72,1.932,0.153,12,reviewed,us,us
2026-01-17T08:04:48.153Z,-56.1317,-27.598,113.557,4.6,mb,30,96,5.417,0.85,us,us6000s680,2026-02-08T07:40:49.040Z,"South Sandwich Islands region",earthquake,11.82,5.508,0.101,29,reviewed,us,us
2026-01-17T08:02:40.802Z,-32.9572,-178.4684,10,4.4,mb,12,263,5.298,0.75,us,us6000s681,2026-03-12T08:16:38.040Z,"south of the Kermadec Islands",earthquake,13.28,1.996,0.19,8,reviewed,us,us
2026-01-17T07:22:30.324Z,52.6802,160.7279,35,4.4,mb,27,134,1.306,0.91,us,us7000rq9n,2026-02-08T07:34:40.040Z,"147 km ESE of Petropavlovsk-Kamchatsky, Russia",earthquake,9.46,1.932,0.126,18,reviewed,us,us
2026-01-17T06:46:40.646Z,52.4453,160.8488,20.051,5.1,mww,157,117,1.457,0.72,us,us7000rq9h,2026-04-04T11:09:03.040Z,"165 km ESE of Petropavlovsk-Kamchatsky, Russia",earthquake,8.45,5.305,0.098,10,reviewed,us,us
2026-01-17T04:18:14.034Z,23.9447,122.5335,27.26,4.9,mb,53,75,0.679,0.83,us,us7000rq95,2026-04-03T23:47:21.040Z,"74 km SW of Yonakuni, Japan",earthquake,4.97,5.812,0.08,52,reviewed,us,us
2026-01-17T03:39:28.841Z,38.4319,25.4298,10.014,4.1,mb,24,93,1.319,0.94,us,us7000rq90,2026-04-03T23:45:29.040Z,"16 km SW of Psará, Greece",earthquake,5.16,6.199,0.261,4,reviewed,us,us
2026-01-17T03:34:15.173Z,-30.5721,-178.3714,180.25,4.9,mb,60,79,14.949,1.01,us,us7000rq8y,2026-03-03T22:47:42.040Z,"Kermadec Islands, New Zealand",earthquake,13.84,1.627,0.074,58,reviewed,us,us
2026-01-17T02:34:51.340Z,30.0115,142.5044,10,4.3,mb,21,140,7.062,0.42,us,us6000s67u,2026-02-04T02:42:52.040Z,"Izu Islands, Japan region",earthquake,14.17,1.946,0.16,11,reviewed,us,us
2026-01-17T02:17:20.123Z,-34.4432,55.5072,10,4.6,mb,19,88,26.373,0.31,us,us6000s67t,2026-04-03T23:31:50.040Z,"Southwest Indian Ridge",earthquake,11.75,1.722,0.151,14,reviewed,us,us
2026-01-17T01:57:46.694Z,61.4089,138.1263,10,4.3,mb,37,112,4.067,1.21,us,us7000rq8k,2026-02-04T01:57:12.040Z,"127 km NNE of Solnechnyy, Russia",earthquake,10.29,1.94,0.104,26,reviewed,us,us
2026-01-17T00:16:17.313Z,29.8969,142.1796,10,5,mb,90,104,3.791,0.77,us,us7000rq8a,2026-02-09T04:14:32.040Z,"Izu Islands, Japan region",earthquake,10.35,1.85,0.051,122,reviewed,us,us
2026-01-16T23:50:44.852Z,-3.3817,128.6661,66.013,5.1,mww,77,49,1.676,0.86,us,us7000rq86,2026-02-09T04:00:58.040Z,"28 km W of Amahai, Indonesia",earthquake,6.68,6.063,0.103,9,reviewed,us,us
2026-01-16T23:22:21.720Z,56.5392,163.1864,10,5.2,mww,61,143,4.394,0.77,us,us7000rq84,2026-03-02T22:08:24.040Z,"55 km NE of Ust’-Kamchatsk Staryy, Russia",earthquake,12.12,1.902,0.078,16,reviewed,us,us
2026-01-16T23:05:39.231Z,15.0757,-97.5406,10,4.2,mb,21,212,0.992,0.87,us,us6000s6q6,2026-02-09T00:22:23.040Z,"99 km SSW of La Barra de Colotepec, Mexico",earthquake,3.42,1.966,0.214,6,reviewed,us,us
2026-01-16T22:07:34.396Z,-4.4366,143.9305,131.053,4.8,mb,69,89,3.745,0.83,us,us7000rq7w,2026-02-09T03:20:59.040Z,"44 km SSW of Angoram, Papua New Guinea",earthquake,7.98,6.265,0.065,74,reviewed,us,us
2026-01-16T21:38:23.057Z,-44.3643,-81.9499,10,4.8,mww,21,152,9.146,0.62,us,us6000s67f,2026-03-02T22:34:41.040Z,"West Chile Rise",earthquake,6.27,1.924,0.103,9,reviewed,us,us
2026-01-16T21:15:03.852Z,-4.579,-77.8704,12.243,4.2,mb,21,122,2.419,1.22,us,us7000rq7p,2026-04-04T00:24:39.040Z,"128 km N of Yambrasbamba, Peru",earthquake,8.24,11.182,0.152,12,reviewed,us,us
2026-01-16T21:04:58.845Z,-44.0016,-81.7202,10,4.9,mww,20,150,5.975,0.77,us,us6000s677,2026-03-02T22:42:12.040Z,"West Chile Rise",earthquake,13.93,1.94,0.093,11,reviewed,us,us
2026-01-16T20:46:03.580Z,-21.1028,-174.0896,10,4.9,mb,26,87,4.401,0.62,us,us6000s676,2026-02-06T14:56:49.040Z,"93 km ENE of ‘Ohonua, Tonga",earthquake,8.69,2.299,0.087,42,reviewed,us,us
2026-01-16T20:39:08.084Z,53.0749,161.1091,26.898,4.3,mb,42,161,1.485,0.43,us,us6000s67e,2026-02-05T22:44:24.040Z,"166 km E of Petropavlovsk-Kamchatsky, Russia",earthquake,8.38,17.68,0.094,32,reviewed,us,us
2026-01-16T20:06:35.879Z,28.9786,139.0356,477.824,4.5,mb,175,69,3.356,0.61,us,us7000rq7e,2026-02-04T23:26:47.040Z,"Bonin Islands, Japan region",earthquake,8.51,6.628,0.033,265,reviewed,us,us
2026-01-16T19:36:47.158Z,40.9527,142.8004,52.668,5,mb,178,40,1.095,0.52,us,us6000s675,2026-02-05T20:17:45.040Z,"120 km ENE of Hachinohe, Japan",earthquake,6.5,5.637,0.044,162,reviewed,us,us
2026-01-16T19:34:14.532Z,41.2871,142.595,37.4,5.3,mww,220,54,0.84,0.54,us,us7000rq7c,2026-02-04T23:22:46.953Z,"97 km SSW of Honchō, Japan",earthquake,5.95,4.344,0.066,22,reviewed,us,us
2026-01-16T19:21:29.262Z,-20.8547,-178.7406,588.934,4,mb,14,155,4.329,0.51,us,us6000s674,2026-02-04T23:17:35.040Z,"Fiji region",earthquake,20.1,13.777,0.157,11,reviewed,us,us
2026-01-16T18:35:41.532Z,58.364,-137.014,1.7,3.8,ml,41,140,0.6,0.7,ak,ak2026bcyvlu,2026-03-04T17:07:18.239Z,"43 km WNW of Elfin Cove, Alaska",earthquake,5.3,2.987,0.3,27,reviewed,ak,ak
2026-01-16T17:52:15.952Z,-50.0695,114.2197,10,5.1,mww,148,34,16.366,0.35,us,us7000rq77,2026-02-04T21:52:30.040Z,"western Indian-Antarctic Ridge",earthquake,9.97,1.736,0.086,13,reviewed,us,us
2026-01-16T17:21:36.298Z,51.4022,-178.7795,15.919,3.5,ml,29,197,0.153,0.63,us,us7000rq72,2026-03-04T17:09:05.040Z,"157 km WSW of Adak, Alaska",earthquake,2.86,6.958,0.085,18,reviewed,us,us
2026-01-16T16:41:09.859Z,-50.0958,114.2014,10,5.5,mww,55,79,21.922,0.85,us,us7000rq3w,2026-03-06T19:25:18.378Z,"western Indian-Antarctic Ridge",earthquake,8.72,1.756,0.061,26,reviewed,us,us
2026-01-16T16:07:59.499Z,20.0306,129.4741,10.145,4.4,mb,31,211,5.983,0.45,us,us6000s66z,2026-04-03T16:56:09.040Z,"east of the Philippine Islands",earthquake,13.18,6.79,0.11,24,reviewed,us,us
2026-01-16T15:40:04.985Z,-56.9066,-24.522,10,4.2,mb,15,202,7.271,0.42,us,us6000s66x,2026-03-06T20:10:12.040Z,"South Sandwich Islands region",earthquake,10.45,1.942,0.146,15,reviewed,us,us
2026-01-16T15:39:04.523Z,44.3569,142.4527,22.106,4.2,mb,25,109,0.258,0.8,us,us7000rq3n,2026-03-06T20:14:57.040Z,"0 km NNW of Nayoro, Japan",earthquake,8.4,5.592,0.14,14,reviewed,us,us
2026-01-16T14:51:03.796Z,-17.4218,-174.6048,10,4.5,mb,17,129,4.426,0.42,us,us6000s66t,2026-03-08T15:19:17.040Z,"151 km NNW of Neiafu, Tonga",earthquake,13.4,1.966,0.163,11,reviewed,us,us
2026-01-16T14:05:41.357Z,-18.0512,-178.3084,603.39,4.2,mb,50,81,2.714,1.16,us,us6000s66r,2026-02-09T07:55:32.040Z,"251 km E of Levuka, Fiji",earthquake,14.89,9.696,0.088,36,reviewed,us,us
2026-01-16T13:20:35.116Z,-23.6487,-179.8553,524.459,4.3,mb,26,114,6.192,0.68,us,us6000s66p,2026-02-09T07:36:18.040Z,"south of the Fiji Islands",earthquake,14.91,11.236,0.119,20,reviewed,us,us
2026-01-16T12:41:07.781Z,3.9854,119.6735,10,4.6,mb,24,105,3.234,0.86,us,us7000rq3j,2026-02-10T12:34:57.303Z,"77 km SSE of Ligayan, Philippines",earthquake,10.26,1.908,0.146,14,reviewed,us,us
2026-01-16T11:54:43.046Z,7.3823,127.0721,27.434,4.6,mb,44,123,1.513,1.09,us,us6000s66m,2026-02-09T07:22:16.040Z,"54 km E of Baculin, Philippines",earthquake,7.98,5.264,0.097,32,reviewed,us,us
2026-01-16T11:44:34.848Z,2.5955,128.6174,243.867,4.3,mb,19,145,6.571,0.41,us,us6000s66l,2026-02-09T07:15:48.040Z,"117 km NE of Tobelo, Indonesia",earthquake,14.04,12.535,0.16,11,reviewed,us,us
2026-01-16T11:15:39.781Z,-22.8574,171.3048,10,4.7,mb,25,251,3.57,0.89,us,us6000s66h,2026-02-08T14:45:48.040Z,"southeast of the Loyalty Islands",earthquake,11.6,1.954,0.12,21,reviewed,us,us
2026-01-16T11:04:47.053Z,6.571,126.7106,10,4.6,mb,18,138,1.228,0.37,us,us6000s66e,2026-03-08T12:33:26.040Z,"53 km SE of Bobon, Philippines",earthquake,11.64,1.963,0.146,14,reviewed,us,us
2026-01-16T10:28:49.465Z,40.6905,20.5756,10,4,mwr,33,109,0.849,0.6,us,us7000rq27,2026-02-12T09:37:28.040Z,"10 km W of Maliq, Albania",earthquake,3.28,1.372,0.08,15,reviewed,us,us
2026-01-16T09:40:38.440Z,60.5288,-139.913,3.06,3.8,mwr,56,59,0.466,0.53,us,us7000rq23,2026-03-10T09:54:17.850Z,"109 km N of Yakutat, Alaska",earthquake,3.27,4.977,0.093,11,reviewed,us,us
2026-01-16T09:04:32.681Z,39.6624,143.3997,35,4.5,mb,76,135,2.113,0.37,us,us7000rq1y,2026-02-12T11:29:41.040Z,"125 km E of Miyako, Japan",earthquake,5.74,1.886,0.083,43,reviewed,us,us
2026-01-16T08:49:01.324Z,23.6933,122.0464,19.754,4.5,mb,60,78,0.632,1.22,us,us7000rq1x,2026-02-04T08:31:24.040Z,"54 km SE of Hualien City, Taiwan",earthquake,4.1,4.565,0.087,39,reviewed,us,us
2026-01-16T08:20:18.934Z,-23.3361,170.6179,10,4.5,mb,22,197,3.01,0.87,us,us6000s66a,2026-02-04T08:20:04.040Z,"southeast of the Loyalty Islands",earthquake,10.27,1.953,0.14,15,reviewed,us,us
2026-01-16T07:34:39.805Z,-17.7477,-70.3313,108.778,4.6,mb,43,137,0.62,1.19,us,us7000rq1g,2026-02-04T07:54:47.906Z,"18 km ENE of Sama Grande, Peru",earthquake,7.21,4.412,0.054,100,reviewed,us,us
2026-01-16T07:28:10.039Z,-23.2454,170.9515,10,4.7,mb,21,205,3.292,0.77,us,us6000s669,2026-02-04T07:50:38.040Z,"southeast of the Loyalty Islands",earthquake,11.21,1.97,0.143,15,reviewed,us,us
2026-01-16T07:05:29.829Z,6.7451,-73.0141,177.195,4.9,mb,60,95,2.292,0.62,us,us7000rq18,2026-02-04T07:29:50.410Z,"4 km WSW of Cepitá, Colombia",earthquake,8.58,7.009,0.024,564,reviewed,us,us
2026-01-16T06:42:54.882Z,16.7862,-99.4356,10,4.9,mb,79,162,1.134,0.74,us,us7000rq15,2026-03-16T19:01:45.178Z,"5 km WSW of San Marcos, Mexico",earthquake,9.48,1.91,0.027,421,reviewed,us,us
2026-01-16T06:31:03.092Z,7.4994,126.614,82.965,4.4,mb,44,114,1.112,1.04,us,us7000rq14,2026-02-04T07:05:23.040Z,"6 km NNE of Baculin, Philippines",earthquake,11.67,7.979,0.084,41,reviewed,us,us
2026-01-16T06:08:45.428Z,15.8229,-88.1529,11.729,5.2,mww,77,57,2.23,0.87,us,us7000rq11,2026-03-05T06:36:44.040Z,"13 km WNW of Omoa, Honduras",earthquake,6.74,4.592,0.058,29,reviewed,us,us
2026-01-16T04:59:02.873Z,-55.4931,-29.8651,10,4.7,mb,22,104,4.012,1.05,us,us6000s664,2026-02-04T01:46:16.040Z,"South Sandwich Islands region",earthquake,12.48,1.919,0.117,22,reviewed,us,us
2026-01-16T04:49:13.193Z,-24.1806,-66.825,174.97,4.3,mb,44,62,1.743,1.11,us,us7000rq0r,2026-02-04T01:35:22.040Z,"51 km W of San Antonio de los Cobres, Argentina",earthquake,8.89,7.864,0.109,24,reviewed,us,us
2026-01-16T03:25:53.034Z,43.6857,-128.0574,10,6,mww,109,143,2.907,1.28,us,us7000rq0d,2026-04-03T03:36:02.380Z,"off the coast of Oregon",earthquake,7.75,1.831,0.03,106,reviewed,us,us
2026-01-16T03:09:32.325Z,24.4127,121.9774,13.721,4.1,mwr,26,73,0.422,0.68,us,us6000s66b,2026-03-03T21:59:45.040Z,"44 km SSE of Yilan, Taiwan",earthquake,2.07,1.308,0.08,15,reviewed,us,us
2026-01-16T02:13:22.991Z,-19.8593,-70.1936,73.937,5,mww,64,89,0.957,1.13,us,us7000rpzu,2026-02-04T01:18:02.987Z,"38 km N of Barrio Industrial, Chile",earthquake,5.38,4.864,0.068,21,reviewed,us,us
2026-01-16T00:59:28.593Z,-56.1497,-26.9872,60.34,4.6,mb,25,128,5.751,0.77,us,us6000s665,2026-02-08T05:53:39.040Z,"South Sandwich Islands region",earthquake,15.39,9.425,0.116,22,reviewed,us,us
2026-01-16T00:59:09.815Z,51.5716,159.9957,26.954,4.1,mb,12,230,1.672,1.22,us,us6000s666,2026-04-04T00:15:58.040Z,"186 km SE of Vilyuchinsk, Russia",earthquake,10.58,9.002,0.213,7,reviewed,us,us
2026-01-15T22:23:40.622Z,-24.0607,179.7685,530.955,4.4,mb,39,121,6.485,0.85,us,us7000rpyy,2026-02-03T04:00:24.040Z,"south of the Fiji Islands",earthquake,13.87,5.514,0.08,47,reviewed,us,us
2026-01-15T21:33:20.461Z,-35.6442,178.8774,10,4.6,mb,19,159,1.969,0.78,us,us6000s60a,2026-03-02T23:18:00.040Z,"223 km NNE of Hicks Bay, New Zealand",earthquake,8.71,1.883,0.223,6,reviewed,us,us
2026-01-15T19:50:00.801Z,6.3668,127.5056,10,4.7,mb,55,95,2.037,0.88,us,us7000rpyb,2026-02-02T19:47:03.040Z,"139 km ESE of Tarragona, Philippines",earthquake,7.31,1.569,0.086,41,reviewed,us,us
2026-01-15T18:30:43.061Z,-15.3978,-73.133,87.21,4.2,mb,30,128,3.985,0.8,us,us7000rpx1,2026-02-02T19:41:48.040Z,"11 km ESE of Tauria, Peru",earthquake,9.48,8.886,0.128,17,reviewed,us,us
2026-01-15T17:58:09.359Z,43.0266,145.3962,62.81,4.2,mb,42,167,1.94,0.75,us,us6000s604,2026-02-02T19:24:46.040Z,"36 km SSW of Nemuro, Japan",earthquake,7.73,8.698,0.103,26,reviewed,us,us
2026-01-15T17:55:12.647Z,-3.9153,152.9982,151.269,4.1,mb,41,103,0.876,0.76,us,us6000s603,2026-02-02T19:18:09.040Z,"93 km ENE of Kokopo, Papua New Guinea",earthquake,11.43,6.26,0.096,30,reviewed,us,us
2026-01-15T17:25:02.068Z,-23.5417,-179.4046,476.304,4.5,mb,30,112,6.239,0.8,us,us7000rpvs,2026-02-02T19:37:17.040Z,"south of the Fiji Islands",earthquake,15.41,9.244,0.116,22,reviewed,us,us
2026-01-15T16:36:43.861Z,-22.1065,-68.7377,111.357,4.3,mb,21,72,0.561,0.73,us,us7000rpvj,2026-04-03T16:55:35.040Z,"43 km NNE of Calama, Chile",earthquake,6.6,6.617,0.178,9,reviewed,us,us
2026-01-15T16:27:42.034Z,-8.2625,122.3851,192.676,4.3,mb,21,91,2.378,0.93,us,us6000s607,2026-02-07T14:21:28.040Z,"43 km NNE of Maumere, Indonesia",earthquake,9.65,9.481,0.169,10,reviewed,us,us
2026-01-15T15:50:58.317Z,51.6556,-176.4203,51.725,4.2,mb,20,182,0.493,1.02,us,us6000s602,2026-02-06T22:16:00.040Z,"28 km SSE of Adak, Alaska",earthquake,5.93,7.013,0.186,8,reviewed,us,us
2026-01-15T14:49:27.874Z,-9.2396,118.51,10,4.5,mb,25,92,0.832,0.87,us,us7000rpv4,2026-02-06T21:06:53.040Z,"77 km S of Dompu, Indonesia",earthquake,3.98,1.942,0.131,17,reviewed,us,us
2026-01-15T14:44:05.417Z,37.4025,142.6738,34.596,4.3,mb,28,172,3.606,0.55,us,us6000s609,2026-04-03T16:54:53.040Z,"146 km E of Tomioka, Japan",earthquake,10.25,5.239,0.142,14,reviewed,us,us
2026-01-15T14:32:29.424Z,-33.472,77.9756,10,4.6,mb,24,81,23.511,0.49,us,us6000s5zy,2026-04-03T16:54:10.040Z,"Mid-Indian Ridge",earthquake,12.63,1.691,0.129,18,reviewed,us,us
2026-01-15T12:12:17.496Z,21.0522,96.0397,10,4.9,mb,77,54,1.06,0.75,us,us7000rpuq,2026-02-06T14:38:28.375Z,"26 km NE of Meiktila, Burma (Myanmar)",earthquake,6.42,1.859,0.062,120,reviewed,us,us
2026-01-15T11:40:52.617Z,3.5125,126.8714,10,4.2,mb,18,107,3.761,0.82,us,us6000s5zu,2026-03-26T12:31:03.040Z,"234 km NNW of Tobelo, Indonesia",earthquake,9.39,1.935,0.167,12,reviewed,us,us
2026-01-15T10:44:22.354Z,51.446,176.7118,10,4,mb,50,194,1.228,1.3,us,us7000rpvy,2026-03-26T12:13:13.040Z,"287 km SE of Attu Station, Alaska",earthquake,6.67,1.919,0.106,24,reviewed,us,us
2026-01-15T10:10:32.180Z,-20.3491,-177.6085,520.054,4.3,mb,28,98,4.801,0.49,us,us7000rpu4,2026-02-12T11:39:56.040Z,"256 km WNW of Houma, Tonga",earthquake,14.85,12.53,0.128,20,reviewed,us,us
2026-01-15T09:54:39.470Z,32.790833333333,-115.45316666667,16.24,4.0911787112618,mw,60,35,0.01541,0.26,ci,ci41158263,2026-04-02T10:04:50.810Z,"7 km WSW of Holtville, CA",earthquake,0.21,0.49,,10,reviewed,ci,ci
2026-01-15T09:25:44.777Z,78.0558,7.4343,10,4.2,mb,24,117,1.251,0.96,us,us6000s5zr,2026-02-12T15:02:49.040Z,"189 km W of Longyearbyen, Svalbard and Jan Mayen",earthquake,7.83,1.914,0.159,11,reviewed,us,us
2026-01-15T08:52:43.219Z,51.5917,176.7527,19,5.9,mww,437,109,1.178,0.65,us,us7000rptl,2026-04-02T09:02:54.588Z,"280 km ESE of Attu Station, Alaska",earthquake,6.69,1.782,0.041,57,reviewed,us,us
2026-01-15T08:50:31.153Z,32.5097,-104.6369,5,3.5,ml,57,52,0.679,0.49,us,us7000rpti,2026-02-08T07:21:08.145Z,"34 km SSE of Hope, New Mexico",earthquake,4.51,1.971,0.091,16,reviewed,us,us
2026-01-15T08:35:15.904Z,38.6578,17.9447,10,4.3,mb,47,130,1.47,0.76,us,us6000s1su,2026-02-08T06:51:35.040Z,"78 km ESE of Capo Rizzuto, Italy",earthquake,6.53,1.947,0.177,9,reviewed,us,us
2026-01-15T08:30:14.960Z,-31.5388,-68.9344,107.689,4.6,mwr,127,42,0.225,0.65,us,us7000rpt9,2026-02-08T06:48:04.423Z,"19 km W of Villa Basilio Nievas, Argentina",earthquake,6.52,4.723,0.052,35,reviewed,us,us
2026-01-15T08:14:10.647Z,38.8011,17.9835,10,4.4,mb,42,129,1.324,0.73,us,us6000s1sj,2026-02-08T06:38:13.040Z,"77 km E of Capo Rizzuto, Italy",earthquake,5.95,1.925,0.144,14,reviewed,us,us
2026-01-15T08:06:00.008Z,25.0794,62.904,10,4.1,mb,32,171,6.079,0.77,us,us6000s5zw,2026-02-08T06:34:21.040Z,"58 km E of Gwadar, Pakistan",earthquake,13.37,1.952,0.109,23,reviewed,us,us
2026-01-15T07:38:44.963Z,35.9555,71.2359,75.773,4,mb,22,177,2.556,1.18,us,us7000rpt1,2026-02-08T06:30:38.040Z,"65 km NNE of Pārūn, Afghanistan",earthquake,12.26,12.467,0.163,10,reviewed,us,us
2026-01-15T07:00:25.209Z,31.1318,35.2121,10,4.1,mb,31,94,0.348,0.7,us,us7000rpsw,2026-02-08T06:15:14.185Z,"14 km S of Arad, Israel",earthquake,3.48,1.87,0.12,20,reviewed,us,us
2026-01-15T06:28:35.816Z,61.67,-151.984,101.2,3.7,ml,176,29,0.2,1.2,ak,ak2026bafbdh,2026-03-12T07:48:22.040Z,"47 km SW of Skwentna, Alaska",earthquake,2,1.492,0.3,115,reviewed,ak,ak
2026-01-15T06:12:32.718Z,45.9204,143.1167,326.918,4.1,mb,90,122,1.067,0.82,us,us7000rpsg,2026-02-08T06:03:17.040Z,"83 km SSE of Korsakov, Russia",earthquake,9.96,7.408,0.061,73,reviewed,us,us
2026-01-15T06:02:06.621Z,38.5326,18.0051,10,4.4,mb,69,106,1.579,1.03,us,us7000rpsk,2026-02-08T06:01:10.040Z,"88 km ESE of Capo Rizzuto, Italy",earthquake,5.73,1.315,0.1,29,reviewed,us,us
2026-01-15T05:48:04.538Z,36.2405,137.6972,2.286,5.1,mww,167,95,0.51,0.54,us,us7000rps1,2026-02-08T05:59:51.671Z,"19 km WSW of Toyoshina, Japan",earthquake,5.63,4.502,0.066,22,reviewed,us,us
2026-01-15T05:40:15.965Z,36.2773,137.6612,7.77,4.7,mww,61,91,0.513,0.77,us,us7000rpry,2026-02-08T05:55:12.040Z,"21 km WSW of Hotaka, Japan",earthquake,5.95,4.136,0.093,11,reviewed,us,us
2026-01-15T04:52:02.731Z,-6.995,129.1751,170.768,4,mb,15,78,2.561,1.13,us,us6000s5zq,2026-02-07T00:54:49.040Z,"293 km NE of Lospalos, Timor Leste",earthquake,11.13,21.998,0.212,6,reviewed,us,us
2026-01-15T03:41:07.803Z,-9.533,159.8392,56.784,4.3,mb,12,105,0.142,0.34,us,us6000s5zm,2026-02-07T00:35:22.040Z,"16 km SW of Honiara, Solomon Islands",earthquake,18.11,5.588,0.188,8,reviewed,us,us
2026-01-15T03:31:05.564Z,-35.8814,-102.9647,10,5.3,mww,58,130,10.278,0.8,us,us7000rprk,2026-03-03T23:46:33.040Z,"southeast of Easter Island",earthquake,13.45,1.919,0.068,21,reviewed,us,us
2026-01-15T03:29:33.669Z,-15.7691,-174.8226,255.338,4.4,mb,23,76,3.473,0.5,us,us6000s5zl,2026-02-07T00:25:50.040Z,"111 km W of Hihifo, Tonga",earthquake,5.41,11.32,0.143,14,reviewed,us,us
2026-01-15T02:32:19.163Z,29.8763,138.8664,436.594,4.3,mb,47,150,3.329,0.52,us,us7000rpra,2026-02-12T03:12:55.040Z,"Izu Islands, Japan region",earthquake,10.74,9.289,0.085,39,reviewed,us,us
2026-01-15T01:14:36.479Z,38.0415,144.6113,10,4.3,mb,17,171,3.882,0.67,us,us6000s5zj,2026-04-03T21:23:37.040Z,"275 km ESE of Kamaishi, Japan",earthquake,8.69,1.864,0.189,8,reviewed,us,us
2026-01-14T23:38:20.508Z,-21.4536,170.2191,120.989,4.9,mww,75,31,2.819,0.84,us,us7000rpqs,2026-02-27T06:20:19.040Z,"233 km SSE of Isangel, Vanuatu",earthquake,10.46,5.265,0.086,13,reviewed,us,us
2026-01-14T23:18:18.005Z,37.5943,95.1589,10,5,mb,132,41,7.043,0.6,us,us7000rpqr,2026-02-06T04:23:05.949Z,"288 km S of Dunhuang, China",earthquake,8.03,1.821,0.052,119,reviewed,us,us
2026-01-14T22:13:16.026Z,42.7287,145.5068,30,5.5,mww,186,75,1.882,0.75,us,us7000rpq8,2026-02-06T03:59:18.930Z,"63 km ESE of Akkeshi, Japan",earthquake,6.99,1.808,0.053,34,reviewed,us,us
2026-01-14T21:15:27.893Z,51.6019,-173.4387,31.581,4.1,mwr,109,135,0.763,0.89,us,us7000rppp,2026-02-06T02:57:04.040Z,"84 km SE of Atka, Alaska",earthquake,5.07,4.606,0.078,16,reviewed,us,us
2026-01-14T21:12:25.045Z,-15.4182,167.8366,192.429,4.5,mb,14,145,0.611,0.38,us,us6000s5kq,2026-02-06T02:27:14.040Z,"73 km E of Luganville, Vanuatu",earthquake,15.37,7.16,0.204,7,reviewed,us,us
2026-01-14T20:36:20.416Z,48.094,154.5422,35,5,mb,165,49,5.407,0.74,us,us7000rpp8,2026-02-03T18:14:31.040Z,"Kuril Islands",earthquake,7.88,1.689,0.03,368,reviewed,us,us
2026-01-14T20:30:22.787Z,-5.5398,147.3484,216.042,4.3,mb,28,101,3.473,0.53,us,us7000rpp4,2026-02-03T17:51:18.040Z,"125 km NNW of Finschhafen, Papua New Guinea",earthquake,9.38,10.733,0.142,14,reviewed,us,us
2026-01-14T18:19:59.523Z,-14.3596,167.0688,175.806,4.4,mb,29,81,1.089,0.86,us,us6000s5kl,2026-02-03T17:35:55.040Z,"74 km SW of Sola, Vanuatu",earthquake,14.19,8.545,0.13,17,reviewed,us,us
2026-01-14T18:00:27.571Z,1.8921,127.3659,110.494,4.9,mb,99,54,4.758,0.67,us,us7000rpnj,2026-02-03T17:30:19.040Z,"73 km WNW of Tobelo, Indonesia",earthquake,7.77,5.521,0.065,74,reviewed,us,us
2026-01-14T17:29:37.574Z,53.6152,161.3524,42.718,4.9,mb,97,128,1.726,1.02,us,us7000rpnf,2026-02-26T14:49:50.040Z,"191 km ENE of Petropavlovsk-Kamchatsky, Russia",earthquake,9.61,6.667,0.063,79,reviewed,us,us
2026-01-14T17:27:48.566Z,0.3835,-25.1154,10,5,mb,91,38,12.41,0.53,us,us7000rpne,2026-02-03T17:04:34.040Z,"central Mid-Atlantic Ridge",earthquake,7.23,1.803,0.053,114,reviewed,us,us
2026-01-14T17:14:31.874Z,-20.3501,-177.7931,525.656,4.3,mb,53,138,4.699,0.83,us,us6000s5kj,2026-02-03T16:04:54.040Z,"274 km WNW of Houma, Tonga",earthquake,11.87,6.906,0.083,41,reviewed,us,us
2026-01-14T16:21:08.725Z,-23.5958,179.5313,529.997,4.1,mb,26,131,5.983,0.93,us,us7000rpn6,2026-02-01T06:25:28.040Z,"south of the Fiji Islands",earthquake,13.38,9.12,0.131,16,reviewed,us,us
2026-01-14T15:29:04.167Z,-5.6036,147.1311,193.516,4.9,mww,61,30,3.544,1.06,us,us7000rpmy,2026-02-03T23:52:15.040Z,"124 km N of Lae, Papua New Guinea",earthquake,8.16,7.42,0.073,18,reviewed,us,us
2026-01-14T14:39:21.697Z,-9.1173,122.463,92.13,4.9,mb,81,59,1.889,0.55,us,us7000rple,2026-02-05T11:26:07.040Z,"61 km SSE of Maumere, Indonesia",earthquake,7.43,7.02,0.064,77,reviewed,us,us
2026-01-14T14:37:20.394Z,-60.0563,-62.6894,10,4.7,mb,20,112,4.778,0.46,us,us7000rpq9,2026-02-05T09:16:34.040Z,"Drake Passage",earthquake,12.22,1.906,0.129,18,reviewed,us,us
2026-01-14T14:13:58.143Z,2.3125,99.1256,156.578,4.2,mb,40,63,0.429,0.51,us,us6000s5kd,2026-02-05T16:55:17.040Z,"44 km SSE of Parapat, Indonesia",earthquake,7.78,3.834,0.1,28,reviewed,us,us
2026-01-14T13:45:08.856Z,13.3212,146.1396,10,4.7,mb,74,130,1.265,0.49,us,us6000s5ke,2026-02-05T14:35:50.040Z,"137 km E of Yigo Village, Guam",earthquake,7.6,1.799,0.07,62,reviewed,us,us
2026-01-14T13:26:57.904Z,30.6758,141.703,10,4.6,mb,64,122,2.915,0.46,us,us7000rpl1,2026-03-10T08:48:30.040Z,"Izu Islands, Japan region",earthquake,8.54,1.834,0.076,52,reviewed,us,us
2026-01-14T13:22:40.120Z,-29.6255,-111.9277,10,4.9,mb,49,73,3.295,0.31,us,us7000rpl3,2026-02-05T09:38:13.040Z,"Easter Island region",earthquake,12.7,1.894,0.091,38,reviewed,us,us
2026-01-14T13:18:50.800Z,20.4569,-105.3413,10,3.5,ml,6,256,3.458,0.83,us,us7000rpll,2026-01-20T06:05:37.449Z,"15 km N of El Tuito, Mexico",earthquake,10.81,2.023,0.181,4,reviewed,us,us
2026-01-14T12:20:08.391Z,-18.3576,-177.6402,629.579,4.1,mb,13,276,4.143,0.36,us,us6000s5kt,2026-02-04T08:39:53.040Z,"Fiji region",earthquake,33.14,26.85,0.166,10,reviewed,us,us
2026-01-14T11:44:30.189Z,14.3731,-91.0118,10,4,mb,24,212,1.284,0.94,us,us7000rpl4,2026-02-04T08:36:39.222Z,"4 km NNE of Santa Lucía Cotzumalguapa, Guatemala",earthquake,16.39,2.004,0.125,17,reviewed,us,us
2026-01-14T11:26:06.366Z,1.4785,128.0619,10,4.2,mb,16,144,3.953,0.39,us,us6000s5k9,2026-03-19T08:38:33.040Z,"28 km SSE of Tobelo, Indonesia",earthquake,15.32,1.914,0.159,11,reviewed,us,us
2026-01-14T08:32:22.162Z,-49.8283,114.5381,10,4.4,mb,17,142,16.626,0.12,us,us6000s5k4,2026-03-24T11:50:07.040Z,"western Indian-Antarctic Ridge",earthquake,11.81,1.923,0.149,13,reviewed,us,us
2026-01-14T08:26:26.197Z,-17.8053,-178.2624,636.298,4.1,mb,22,120,2.62,0.34,us,us6000s5k5,2026-03-25T07:29:40.040Z,"258 km E of Levuka, Fiji",earthquake,14.27,19.014,0.127,17,reviewed,us,us
2026-01-14T08:05:57.094Z,-5.7354,153.3734,10,4.9,mb,37,97,1.951,1.22,us,us7000rpkh,2026-02-04T14:19:59.040Z,"196 km SE of Kokopo, Papua New Guinea",earthquake,5.93,1.663,0.122,21,reviewed,us,us
2026-01-14T06:10:28.859Z,-7.4706,128.5884,123.426,4.3,mb,27,63,3.208,1.14,us,us7000rpka,2026-02-05T12:05:25.040Z,"210 km ENE of Lospalos, Timor Leste",earthquake,7.06,11.55,0.154,12,reviewed,us,us
2026-01-14T03:09:11.359Z,51.0358,157.1623,35.537,5.1,mb,25,183,2.102,0.68,us,us7000rpjz,2026-03-21T21:10:08.040Z,"68 km SE of Ozernovskiy, Russia",earthquake,11.67,9.367,0.045,164,reviewed,us,us
2026-01-14T03:08:57.752Z,50.8813,156.9934,58.983,4.9,mb,88,133,2.273,0.6,us,us7000rpjy,2026-01-31T23:18:32.040Z,"65 km ENE of Severo-Kuril’sk, Russia",earthquake,11.32,5.266,0.064,77,reviewed,us,us
2026-01-14T02:50:02.887Z,35.4764,141.1246,37.282,4.3,mb,27,155,2.593,1.28,us,us6000s5jy,2026-01-30T23:57:07.040Z,"38 km SE of Hasaki, Japan",earthquake,4.63,8.638,0.137,15,reviewed,us,us
2026-01-14T02:24:45.814Z,25.9708,141.3565,122.138,4.1,mb,20,143,7.245,0.66,us,us6000s5jx,2026-01-30T23:43:17.040Z,"Volcano Islands, Japan region",earthquake,14.94,3.084,0.151,12,reviewed,us,us
2026-01-14T00:37:37.327Z,12.6715,58.2188,10,4.3,mb,19,110,12.356,0.41,us,us6000s5jw,2026-02-26T02:57:12.040Z,"Owen Fracture Zone region",earthquake,14.22,1.956,0.153,12,reviewed,us,us
2026-01-14T00:06:50.609Z,-11.3995,162.701,10,4.4,mb,14,192,3.337,0.6,us,us6000s5jv,2026-02-26T02:53:31.040Z,"134 km SE of Kirakira, Solomon Islands",earthquake,14.21,1.948,0.155,12,reviewed,us,us
2026-01-13T23:52:28.495Z,53.9183,161.1334,35,4.1,mb,18,145,1.734,1.07,us,us6000s5j5,2026-02-26T02:46:20.040Z,"185 km ESE of Mil’kovo, Russia",earthquake,12.85,1.993,0.166,10,reviewed,us,us
2026-01-13T23:42:26.418Z,-17.8239,-178.7671,600.474,4.4,mb,35,87,2.228,0.44,us,us6000s5j2,2026-02-05T05:03:32.040Z,"204 km E of Levuka, Fiji",earthquake,13.58,9.724,0.096,31,reviewed,us,us
2026-01-13T22:51:55.930Z,39.372333333333,-123.23266666667,8.65,3.76,mw,79,22,0.07278,0.11,nc,nc75295291,2026-03-25T16:32:40.256Z,"11 km ESE of Willits, CA",earthquake,0.11,0.27,,15,reviewed,nc,nc
2026-01-13T22:30:13.154Z,-14.6141,167.1817,107.906,4.6,mb,44,87,0.828,0.7,us,us7000rpie,2026-02-02T04:40:12.040Z,"48 km NNE of Port-Olry, Vanuatu",earthquake,10.17,6.683,0.097,32,reviewed,us,us
2026-01-13T21:27:20.475Z,51.6366,160.3765,10,4.3,mb,16,243,1.747,0.92,us,us6000s5j4,2026-02-02T04:32:46.040Z,"197 km SE of Vilyuchinsk, Russia",earthquake,13.03,1.996,0.161,11,reviewed,us,us
2026-01-13T21:24:55.831Z,-62.5849,-157.1073,10,4.6,mb,16,160,19.755,0.75,us,us6000s5iz,2026-02-02T04:12:46.040Z,"Pacific-Antarctic Ridge",earthquake,16.29,1.94,0.141,15,reviewed,us,us
2026-01-13T21:10:54.210Z,39.392166666667,-123.25133333333,8.48,4.42,mw,82,34,0.07128,0.09,nc,nc75295231,2026-03-31T21:20:58.678Z,"9 km ESE of Willits, CA",earthquake,0.1,0.3,,59,reviewed,nc,nc
2026-01-13T21:03:31.515Z,-6.4271,154.5257,10,4.3,mb,20,163,3.235,0.71,us,us6000s5j3,2026-02-02T03:27:33.040Z,"106 km W of Panguna, Papua New Guinea",earthquake,9.13,1.904,0.161,11,reviewed,us,us
2026-01-13T20:31:43.796Z,3.1248,126.9518,53.573,4.6,mb,43,99,4.15,1.03,us,us7000rphl,2026-02-03T15:55:36.040Z,"194 km NW of Tobelo, Indonesia",earthquake,5.47,7.961,0.091,36,reviewed,us,us
2026-01-13T18:58:10.154Z,1.107,126.2359,45.645,5,mb,99,57,5.39,1.01,us,us7000rph2,2026-02-03T15:43:48.040Z,"128 km ESE of Bitung, Indonesia",earthquake,7.15,4.114,0.056,100,reviewed,us,us
2026-01-13T18:13:31.000Z,31.624,56.0405,10,4.6,mb,105,62,6.518,0.78,us,us7000rpgr,2026-02-03T15:36:04.040Z,"60 km E of Bāfq, Iran",earthquake,7.78,1.872,0.06,83,reviewed,us,us
2026-01-13T18:03:29.061Z,34.5308,9.7188,10,4.2,mb,18,206,1.237,0.75,us,us6000s5it,2026-02-03T15:20:05.040Z,"12 km WSW of Mezzouna, Tunisia",earthquake,8.63,1.918,0.214,6,reviewed,us,us
2026-01-13T18:00:49.257Z,5.4859,127.39,156.383,4.4,mb,64,103,2.391,0.73,us,us7000rpgn,2026-02-03T14:59:53.040Z,"165 km SE of Pondaguitan, Philippines",earthquake,11.82,5.896,0.075,51,reviewed,us,us
2026-01-13T17:23:01.870Z,4.8172,124.7389,60.43,4.8,mb,55,42,2.388,0.66,us,us7000rpgg,2026-02-02T19:39:22.040Z,"103 km SW of Sarangani, Philippines",earthquake,8.87,1.701,0.097,33,reviewed,us,us
2026-01-13T14:49:09.548Z,35.1231,69.2107,44.668,4,mb,33,97,3.527,0.54,us,us7000rpen,2026-02-04T16:50:39.040Z,"2 km WNW of Jabal os Saraj, Afghanistan",earthquake,8.4,9.673,0.111,24,reviewed,us,us
2026-01-13T14:45:59.785Z,44.7282,149.0985,35,3.9,mb,18,180,4.7,0.69,us,us6000s5im,2026-02-26T15:20:20.040Z,"111 km ESE of Kuril’sk, Russia",earthquake,8.62,1.95,0.154,12,reviewed,us,us
2026-01-13T14:03:02.078Z,-16.1419,-69.4375,252.005,4.2,mb,15,122,1.264,0.85,us,us7000rpei,2026-01-31T22:46:16.040Z,"8 km N of Juli, Peru",earthquake,9.72,11.013,0.215,6,reviewed,us,us
2026-01-13T13:46:18.904Z,-5.5351,131.3271,57.685,4.4,mb,11,123,1.738,1.09,us,us6000s5iw,2026-02-03T22:57:23.040Z,"158 km W of Tual, Indonesia",earthquake,5.1,13.402,0.219,6,reviewed,us,us
2026-01-13T13:13:48.517Z,-30.3262,-178.527,59.715,4.7,mb,26,168,7.681,1.33,us,us6000s5ip,2026-02-03T19:09:29.040Z,"Kermadec Islands, New Zealand",earthquake,15.25,9.736,0.108,28,reviewed,us,us
2026-01-13T13:07:15.603Z,25.6553,125.792,77.537,4.1,mb,27,77,1.9,0.66,us,us7000rpe9,2026-01-31T22:42:48.040Z,"106 km NNE of Hirara, Japan",earthquake,6.33,8.45,0.145,14,reviewed,us,us
2026-01-13T11:51:14.056Z,37.2852,74.5627,10,4.1,mb,30,159,1.939,0.68,us,us7000rpdy,2026-02-05T09:52:30.040Z,"107 km N of Barishal, Pakistan",earthquake,7.91,1.957,0.127,17,reviewed,us,us
2026-01-13T11:37:18.324Z,-12.1506,65.6191,10,4.7,mb,38,51,7.864,0.54,us,us6000s5ir,2026-02-05T18:15:00.040Z,"Mid-Indian Ridge",earthquake,9.21,1.858,0.106,27,reviewed,us,us
2026-01-13T10:47:16.880Z,11.6405,141.6444,35.848,4.4,mb,26,107,3.695,0.47,us,us6000s5ih,2026-02-05T17:34:58.040Z,"241 km NNE of Fais, Micronesia",earthquake,11.94,8.235,0.12,20,reviewed,us,us
2026-01-13T10:43:37.656Z,-15.2335,167.4505,118.943,4.8,mb,49,115,0.319,0.72,us,us7000rpdl,2026-02-04T17:54:50.040Z,"44 km NE of Luganville, Vanuatu",earthquake,11.43,5.621,0.088,40,reviewed,us,us
2026-01-13T10:37:55.876Z,-8.6015,134.8568,10,4.9,mb,32,61,4.893,0.29,us,us7000rpdj,2026-02-04T17:38:05.040Z,"Arafura Sea",earthquake,7.78,1.884,0.116,23,reviewed,us,us
2026-01-13T10:25:35.601Z,-5.9054,128.0339,385.489,4.3,mb,29,94,2.315,0.49,us,us7000rpdi,2026-02-04T17:46:40.040Z,"244 km S of Ambon, Indonesia",earthquake,6.93,9.243,0.133,16,reviewed,us,us
2026-01-13T10:21:32.384Z,-40.6438,176.1357,21.46,4.3,mwr,44,70,0.091,1,us,us7000rpdh,2026-02-05T09:10:30.560Z,"29 km NNW of Castlepoint, New Zealand",earthquake,2.56,6.213,0.062,25,reviewed,us,us
2026-01-13T09:54:33.341Z,44.5759,149.1437,48.514,4.9,mb,118,134,4.72,0.52,us,us7000rpdf,2026-02-05T12:55:55.040Z,"123 km SE of Kuril’sk, Russia",earthquake,10.34,7.283,0.047,142,reviewed,us,us
2026-01-13T09:53:40.497Z,-5.147,101.8441,26.083,4.3,mb,21,116,1.356,0.69,us,us6000s5id,2026-02-05T18:06:37.040Z,"156 km SSW of Bengkulu, Indonesia",earthquake,9.04,6.428,0.147,13,reviewed,us,us
2026-01-13T09:47:47.460Z,-15.6659,-72.3899,99.5,4.1,mb,15,149,3.328,0.73,us,us7000rpda,2026-02-05T09:18:45.040Z,"8 km NNE of Uñon, Peru",earthquake,7.45,13.381,0.371,2,reviewed,us,us
2026-01-13T09:39:43.342Z,44.539,149.3455,35,4.5,mb,117,135,4.863,0.63,us,us7000rpdb,2026-03-10T09:21:40.040Z,"138 km SE of Kuril’sk, Russia",earthquake,10.4,1.908,0.055,96,reviewed,us,us
2026-01-13T09:15:56.077Z,44.4926,149.4057,35,4.3,mb,42,142,4.904,0.76,us,us6000s5ic,2026-03-10T09:31:02.040Z,"145 km SE of Kuril’sk, Russia",earthquake,11.97,1.94,0.098,29,reviewed,us,us
2026-01-13T08:51:34.157Z,44.5171,149.3554,35,4.9,mb,70,103,4.869,1.04,us,us7000rpd2,2026-02-04T13:23:19.040Z,"140 km SE of Kuril’sk, Russia",earthquake,8.63,1.871,0.037,223,reviewed,us,us
2026-01-13T08:40:24.733Z,36.8305,71.3026,184.688,4.3,mb,48,106,1.753,0.9,us,us7000rpd1,2026-02-04T13:07:27.040Z,"26 km NW of Ashkāsham, Afghanistan",earthquake,3.52,8.29,0.103,27,reviewed,us,us
2026-01-13T08:40:03.472Z,-22.6714,-66.8435,198.617,4.2,mb,37,75,1.263,0.85,us,us7000rpcz,2026-02-04T14:27:51.040Z,"117 km W of Abra Pampa, Argentina",earthquake,9.29,7.866,0.137,16,reviewed,us,us
2026-01-13T08:29:17.557Z,44.4305,12.1227,10,4.3,mb,34,49,0.826,0.84,us,us6000s5j7,2026-02-05T14:29:40.040Z,"1 km NNW of Fornace Zarattini, Italy",earthquake,3.42,1.883,0.237,6,reviewed,us,us
2026-01-13T08:27:57.858Z,44.436,12.1283,10,4.6,mb,68,25,0.83,0.77,us,us7000rpcy,2026-02-04T13:05:28.848Z,"2 km N of Fornace Zarattini, Italy",earthquake,4.67,1.9,0.126,22,reviewed,us,us
2026-01-13T08:22:30.239Z,44.6389,149.2371,35,4.9,mb,87,135,4.791,0.78,us,us7000rpcx,2026-03-05T13:57:01.040Z,"125 km ESE of Kuril’sk, Russia",earthquake,9.75,1.916,0.05,124,reviewed,us,us
2026-01-13T07:40:20.947Z,44.7091,149.2101,60.259,4.9,mb,23,136,4.777,1.02,us,us6000s5ik,2026-03-24T12:25:18.040Z,"119 km ESE of Kuril’sk, Russia",earthquake,11.42,8.875,0.122,21,reviewed,us,us
2026-01-13T07:38:08.210Z,-18.1108,-178.1857,572.544,4.6,mb,50,95,2.844,0.49,us,us7000rpci,2026-02-05T08:41:17.040Z,"264 km E of Levuka, Fiji",earthquake,14.91,9.305,0.088,38,reviewed,us,us
2026-01-13T07:34:07.739Z,44.554,149.3153,29,6.2,mww,122,86,4.842,1.01,us,us7000rpcg,2026-03-24T11:51:07.752Z,"135 km SE of Kuril’sk, Russia",earthquake,4.66,1.875,0.053,34,reviewed,us,us
2026-01-13T07:28:22.335Z,-21.3159,-68.9419,115.07,5.3,mww,92,48,0.554,1.01,us,us7000rpce,2026-02-04T12:33:52.272Z,"72 km W of Ollagüe, Chile",earthquake,5.04,4.32,0.062,25,reviewed,us,us
2026-01-13T06:59:47.531Z,3.3115,126.5462,52.71,4.3,mb,24,104,1.768,0.63,us,us6000s5ia,2026-02-02T14:27:16.040Z,"239 km NW of Tobelo, Indonesia",earthquake,11.71,9.015,0.137,15,reviewed,us,us
2026-01-13T06:43:06.578Z,-3.891,145.0829,10,4.8,mb,41,43,2.927,1.16,us,us7000rpc8,2026-02-03T11:45:08.040Z,"114 km E of Angoram, Papua New Guinea",earthquake,7.47,1.891,0.102,30,reviewed,us,us
2026-01-13T06:33:33.726Z,-5.6393,147.77,151.334,4.5,mb,35,105,3.79,0.99,us,us7000rpc6,2026-02-03T11:47:34.040Z,"101 km N of Finschhafen, Papua New Guinea",earthquake,9.47,9.193,0.104,27,reviewed,us,us
2026-01-13T05:19:58.858Z,-29.5287,-112.423,10,4.5,mb,56,109,3.625,0.59,us,us6000s5i7,2026-03-20T11:28:08.040Z,"Easter Island region",earthquake,10.69,1.91,0.077,50,reviewed,us,us
2026-01-13T03:42:01.837Z,3.4644,127.1051,35,4.2,mb,19,113,2.054,1.21,us,us6000s5i5,2026-02-06T01:00:54.040Z,"216 km NNW of Tobelo, Indonesia",earthquake,9.45,7.011,0.159,11,reviewed,us,us
2026-01-13T03:39:27.153Z,-29.822,-111.874,10,5.6,mww,140,37,3.494,0.45,us,us7000rpbg,2026-02-06T01:00:09.584Z,"Easter Island region",earthquake,10.69,1.782,0.078,16,reviewed,us,us
2026-01-13T02:03:41.133Z,2.9517,126.8111,47.491,4.5,mb,30,111,2.213,0.5,us,us6000s5i1,2026-02-06T00:15:29.040Z,"189 km NW of Tobelo, Indonesia",earthquake,12.02,6.67,0.11,24,reviewed,us,us
2026-01-13T01:57:05.986Z,2.378,128.2744,107.448,4.3,mb,34,110,3.641,0.44,us,us6000s5i0,2026-02-06T00:04:49.040Z,"77 km NNE of Tobelo, Indonesia",earthquake,11.55,8.973,0.107,25,reviewed,us,us
2026-01-13T01:27:15.997Z,2.8493,126.5209,52.11,5.2,mb,146,65,2.141,0.73,us,us7000rpaw,2026-02-05T23:56:09.040Z,"206 km NW of Tobelo, Indonesia",earthquake,7.41,5.601,0.051,125,reviewed,us,us
2026-01-13T01:20:45.170Z,-4.7102,102.611,55.79,4.7,mb,55,160,0.489,0.56,us,us7000rpav,2026-02-05T23:23:27.040Z,"103 km SW of Pagar Alam, Indonesia",earthquake,5.24,5.648,0.082,45,reviewed,us,us
2026-01-13T00:53:28.329Z,2.628,96.1186,21.823,4.7,mb,38,139,1.962,0.53,us,us6000s5i9,2026-02-26T02:11:54.040Z,"33 km WNW of Sinabang, Indonesia",earthquake,9.39,5.485,0.102,30,reviewed,us,us
2026-01-13T00:34:15.158Z,49.0845,156.4212,10,5.2,mww,114,94,4.109,0.68,us,us7000rpaq,2026-02-05T04:40:00.040Z,"178 km S of Severo-Kuril’sk, Russia",earthquake,8.35,1.771,0.073,18,reviewed,us,us
2026-01-13T00:32:10.617Z,-7.9265,108.3828,97.557,4.4,mb,20,56,0.86,0.55,us,us6000s5i8,2026-02-02T01:28:16.040Z,"63 km SSE of Kawalu, Indonesia",earthquake,4.77,7.696,0.138,15,reviewed,us,us
2026-01-13T00:31:45.678Z,51.2604,159.607,10,4.3,mb,28,183,1.862,0.63,us,us6000s5hz,2026-02-02T01:16:27.040Z,"203 km SSE of Vilyuchinsk, Russia",earthquake,8.92,1.944,0.129,17,reviewed,us,us
2026-01-12T23:41:21.633Z,-56.3899,-25.3524,10,4.7,mb,26,87,6.694,0.5,us,us6000s5gx,2026-02-02T01:06:51.040Z,"South Sandwich Islands region",earthquake,13.16,1.925,0.11,25,reviewed,us,us
2026-01-12T23:27:43.712Z,-1.861,101.688,158.599,4.5,mb,70,88,2.787,0.59,us,us7000rpai,2026-02-02T01:01:40.040Z,"39 km ENE of Sungai Penuh, Indonesia",earthquake,8.88,7.792,0.074,54,reviewed,us,us
2026-01-12T23:05:03.648Z,14.3943,-93.3517,35,4,mb,21,192,2.212,0.83,us,us6000s5gv,2026-02-26T02:02:39.040Z,"106 km WSW of Puerto Madero, Mexico",earthquake,9.23,2.003,0.163,10,reviewed,us,us
2026-01-12T23:05:02.745Z,-20.2129,-69.1871,94.579,4,mb,26,88,0.078,0.71,us,us7000rpaa,2026-02-05T04:25:32.040Z,"50 km ENE of La Tirana, Chile",earthquake,4.13,3.48,0.163,10,reviewed,us,us
2026-01-12T22:42:35.276Z,-33.4308,77.7711,10,4.7,mb,22,70,44.871,0.33,us,us6000s5gt,2026-02-02T00:45:26.040Z,"Mid-Indian Ridge",earthquake,13.84,1.895,0.123,20,reviewed,us,us
2026-01-12T22:28:41.397Z,52.0429,-172.2743,40.531,4.2,mb,95,174,1.134,0.89,us,us7000rpb9,2026-02-26T01:53:32.040Z,"133 km E of Atka, Alaska",earthquake,8.01,9.741,0.073,52,reviewed,us,us
2026-01-12T21:59:35.513Z,-7.4335,128.904,124.232,5.1,mb,103,51,3.058,0.64,us,us7000rp9r,2026-02-05T04:14:25.040Z,"242 km ENE of Lospalos, Timor Leste",earthquake,10.38,6.037,0.057,99,reviewed,us,us
2026-01-12T21:49:43.541Z,-4.3883,128.6763,549.726,4.2,mb,14,180,1.232,0.3,us,us6000s5gy,2026-02-26T01:51:31.040Z,"94 km SE of Ambon, Indonesia",earthquake,9.95,15.767,0.187,8,reviewed,us,us
2026-01-12T21:33:13.803Z,3.6294,126.589,47.652,4.5,mb,37,144,1.558,0.7,us,us7000rp9f,2026-02-05T04:09:35.040Z,"232 km SSE of Sarangani, Philippines",earthquake,6.62,8.036,0.093,35,reviewed,us,us
2026-01-12T21:32:19.241Z,51.1748,177.4448,10,4.3,mb,54,199,1.021,0.73,us,us7000rpbc,2026-03-19T20:40:41.040Z,"Rat Islands, Aleutian Islands, Alaska",earthquake,6.79,1.847,0.111,23,reviewed,us,us
2026-01-12T21:22:42.107Z,-59.902,-61.9393,10,4.6,mb,32,125,4.988,0.62,us,us7000rp9a,2026-02-05T04:05:34.040Z,"Drake Passage",earthquake,6.33,1.918,0.108,26,reviewed,us,us
2026-01-12T21:03:25.290Z,3.376,126.7562,46.379,4.7,mb,80,84,1.855,0.8,us,us7000rp93,2026-02-05T04:03:09.040Z,"229 km NW of Tobelo, Indonesia",earthquake,7.42,7.514,0.068,67,reviewed,us,us
2026-01-12T20:09:47.966Z,37.4149,137.2779,11.169,4.4,mb,42,89,1.141,0.99,us,us6000s5gw,2026-01-31T18:09:26.040Z,"39 km ENE of Anamizu, Japan",earthquake,6.13,4.399,0.105,26,reviewed,us,us
2026-01-12T19:18:06.313Z,-2.9085,139.6644,64.271,4.5,mb,52,99,1.109,0.73,us,us7000rp8c,2026-01-31T19:51:53.040Z,"113 km WSW of Abepura, Indonesia",earthquake,6.11,4.3,0.077,49,reviewed,us,us
2026-01-12T18:50:38.085Z,4.5327,96.3277,11.633,4.2,mb,22,158,0.927,1.01,us,us7000rp8e,2026-01-31T19:52:57.040Z,"48 km NNE of Meulaboh, Indonesia",earthquake,8.19,3.995,0.167,10,reviewed,us,us
2026-01-12T16:58:53.101Z,45.1266,142.3078,10,4.7,mww,82,86,1.028,1.26,us,us7000rp6e,2026-02-26T14:47:49.040Z,"5 km W of Hamatonbetsu, Japan",earthquake,5.98,1.787,0.078,16,reviewed,us,us
2026-01-12T16:48:24.405Z,9.9764,125.8857,74.17,4.8,mb,65,79,2.904,0.71,us,us7000rp69,2026-02-02T18:06:50.797Z,"13 km W of San Benito, Philippines",earthquake,11.18,4.995,0.052,112,reviewed,us,us
2026-01-12T16:42:06.709Z,-5.5021,101.2879,10,4.5,mb,35,151,2.012,0.61,us,us7000rp66,2026-02-02T17:52:59.040Z,"217 km SSW of Bengkulu, Indonesia",earthquake,8.43,1.818,0.113,24,reviewed,us,us
2026-01-12T16:24:12.659Z,-7.0949,155.4954,109.215,4.3,mb,31,96,4.395,0.42,us,us7000rp63,2026-02-02T17:47:30.040Z,"86 km S of Panguna, Papua New Guinea",earthquake,8.06,6.129,0.119,20,reviewed,us,us
2026-01-12T16:10:13.549Z,45.0523,142.1594,10,4.2,mb,40,104,0.983,0.86,us,us7000rp65,2026-02-02T17:32:47.040Z,"13 km NW of Nakatonbetsu, Japan",earthquake,8.13,1.868,0.095,31,reviewed,us,us
2026-01-12T15:55:32.572Z,44.897,148.3444,10,4.1,mb,27,219,4.187,0.61,us,us6000s5gh,2026-02-26T14:46:10.040Z,"51 km SE of Kuril’sk, Russia",earthquake,7.41,1.963,0.12,19,reviewed,us,us
2026-01-12T15:02:43.621Z,38.3674,142.0102,49.499,4.3,mb,31,140,2.527,0.6,us,us6000s5gl,2026-02-02T16:14:31.040Z,"49 km E of Onagawa Chō, Japan",earthquake,9.84,9.075,0.137,15,reviewed,us,us
2026-01-12T13:31:49.741Z,24.6964,121.9892,73.851,4.6,mww,116,32,0.525,0.61,us,us7000rp5v,2026-02-26T14:44:00.040Z,"24 km ESE of Yilan, Taiwan",earthquake,4.29,4.261,0.089,12,reviewed,us,us
2026-01-12T12:31:25.872Z,8.8834,-84.0943,10,4.5,mb,43,145,0.857,1,us,us7000rp5t,2026-02-03T11:39:00.040Z,"60 km S of Quepos, Costa Rica",earthquake,6.18,1.896,0.098,31,reviewed,us,us
2026-01-12T12:14:28.469Z,51.4741,159.7094,10,4.4,mb,27,138,1.683,0.6,us,us6000s5gd,2026-02-02T13:11:15.040Z,"185 km SSE of Vilyuchinsk, Russia",earthquake,10.29,1.931,0.114,22,reviewed,us,us
2026-01-12T11:51:52.342Z,-0.169,124.7063,76.6,4.5,mb,30,79,4.93,0.75,us,us6000s5gi,2026-02-02T14:10:00.040Z,"74 km SSE of Modisi, Indonesia",earthquake,8.18,6.368,0.135,16,reviewed,us,us
2026-01-12T11:14:21.942Z,25.2005,141.1041,199.172,4.4,mb,64,119,7.966,1.13,us,us6000s5ga,2026-02-02T13:01:56.040Z,"Volcano Islands, Japan region",earthquake,13.04,8.434,0.051,111,reviewed,us,us
2026-01-12T11:11:10.943Z,30.9224,48.0921,10,4.2,mb,35,180,4.633,0.64,us,us6000s5g9,2026-02-02T12:12:16.040Z,"49 km NE of Al Hārithah, Iraq",earthquake,10.24,1.845,0.115,21,reviewed,us,us
2026-01-12T10:02:15.422Z,-59.3283,-25.8317,10,4.5,mb,27,187,7.726,0.5,us,us7000rp5j,2026-02-04T14:51:55.040Z,"South Sandwich Islands region",earthquake,8.18,1.973,0.113,25,reviewed,us,us
2026-01-12T08:39:55.763Z,-0.3051,123.5781,87.123,4.3,mb,30,75,3.971,0.77,us,us6000s5gb,2026-02-05T17:42:07.040Z,"109 km SSE of Gorontalo, Indonesia",earthquake,8.03,4.51,0.129,17,reviewed,us,us
2026-01-12T07:57:32.102Z,-24.9426,-70.0822,67.266,4.3,mb,26,60,0.497,0.63,us,us7000rp56,2026-03-10T08:56:52.040Z,"65 km NE of Taltal, Chile",earthquake,4.28,6.681,0.133,16,reviewed,us,us
2026-01-12T06:28:50.680Z,45.8589,6.7793,10,3.6,mwr,46,65,0.621,0.43,us,us7000rp4v,2026-03-10T09:08:55.040Z,"4 km SSW of Les Houches, France",earthquake,5.74,1.958,0.089,12,reviewed,us,us
2026-01-12T06:25:10.366Z,51.793,158.4444,66.476,4.3,mb,72,125,1.239,0.67,us,us6000s5gc,2026-02-05T15:26:42.040Z,"126 km S of Vilyuchinsk, Russia",earthquake,9,7.201,0.07,59,reviewed,us,us
2026-01-12T06:23:49.749Z,55.866,162.7326,65.099,4.5,mb,46,144,3.714,0.71,us,us6000s5g3,2026-02-05T15:48:03.040Z,"43 km SSE of Ust’-Kamchatsk Staryy, Russia",earthquake,13.74,10.127,0.089,37,reviewed,us,us
2026-01-12T06:21:45.731Z,52.8692,159.2631,73.813,4.8,mb,179,131,0.402,0.53,us,us7000rp4u,2026-02-05T12:12:59.040Z,"47 km ESE of Petropavlovsk-Kamchatsky, Russia",earthquake,9.8,6.212,0.032,298,reviewed,us,us
2026-01-12T05:41:50.469Z,3.3369,126.5792,56.65,4.4,mb,24,138,1.769,0.99,us,us6000s5fy,2026-02-05T17:57:19.040Z,"238 km NW of Tobelo, Indonesia",earthquake,13.08,9.122,0.138,15,reviewed,us,us
2026-01-12T05:35:27.564Z,55.8075,162.7257,48.171,4.2,mb,58,114,3.667,0.41,us,us6000s5g7,2026-03-10T09:12:53.040Z,"49 km SSE of Ust’-Kamchatsk Staryy, Russia",earthquake,12.51,9.94,0.067,63,reviewed,us,us
2026-01-12T05:04:14.014Z,55.8789,162.805,63.993,4.8,mb,109,95,3.75,0.65,us,us7000rp4n,2026-02-05T11:58:18.040Z,"43 km SSE of Ust’-Kamchatsk Staryy, Russia",earthquake,9.45,7.581,0.041,186,reviewed,us,us
2026-01-12T05:00:44.774Z,51.9338,158.4306,69.469,4.5,mb,110,132,1.1,0.53,us,us7000rp4m,2026-02-05T11:33:32.040Z,"110 km S of Vilyuchinsk, Russia",earthquake,9.42,6.834,0.055,99,reviewed,us,us
2026-01-12T04:43:36.958Z,-10.5592,113.3836,10,4.8,mb,57,92,2.21,0.59,us,us7000rp4i,2026-02-05T23:18:15.040Z,"251 km S of Kencong, Indonesia",earthquake,3.44,1.886,0.085,43,reviewed,us,us
2026-01-12T04:27:49.686Z,31.1632,140.951,77.959,4.6,mb,81,118,2.172,0.66,us,us7000rp4g,2026-02-05T23:11:12.040Z,"Izu Islands, Japan region",earthquake,10.59,6.806,0.067,65,reviewed,us,us
2026-01-12T03:18:16.463Z,36.512,68.2313,10,4.3,mb,35,166,2.264,0.75,us,us7000rp48,2026-02-05T22:36:26.462Z,"33 km NE of Aībak, Afghanistan",earthquake,9.32,1.957,0.109,24,reviewed,us,us
2026-01-12T03:04:31.986Z,50.604,176.1298,10,4,mb,64,193,2.012,0.58,us,us7000rp59,2026-02-05T22:27:30.040Z,"Rat Islands, Aleutian Islands, Alaska",earthquake,7.36,1.934,0.08,42,reviewed,us,us
2026-01-12T02:26:44.311Z,-58.472,-29.9981,10,5,mb,60,66,5.533,0.99,us,us7000rp44,2026-02-05T06:23:35.040Z,"South Sandwich Islands region",earthquake,11.73,1.854,0.081,48,reviewed,us,us
2026-01-12T01:52:57.649Z,47.5903,147.3686,396,5.6,mww,232,45,3.2,0.67,us,us7000rp3w,2026-02-05T06:20:38.204Z,"265 km N of Kuril’sk, Russia",earthquake,8.92,1.894,0.061,26,reviewed,us,us
2026-01-12T00:58:35.882Z,45.0378,142.0504,10,4.5,mb,32,101,0.997,0.8,us,us6000s5fr,2026-02-01T23:34:23.040Z,"15 km E of Horonobe, Japan",earthquake,7.72,1.865,0.118,21,reviewed,us,us
2026-01-12T00:57:55.211Z,-31.2965,-68.9556,100,4.4,mb,23,80,0.348,0.88,us,us7000rp3j,2026-02-01T23:18:52.040Z,"35 km NW of Villa Basilio Nievas, Argentina",earthquake,6.3,1.927,0.17,10,reviewed,us,us
2026-01-12T00:50:14.729Z,45.0443,142.3588,10,4.7,mb,51,113,0.94,0.76,us,us7000rp3m,2026-03-19T20:34:42.040Z,"9 km NE of Nakatonbetsu, Japan",earthquake,7.66,1.893,0.088,39,reviewed,us,us
2026-01-12T00:48:37.502Z,45.0313,142.1251,10,4.4,mb,29,104,0.972,0.76,us,us6000s5g1,2026-02-26T01:31:58.040Z,"14 km WNW of Nakatonbetsu, Japan",earthquake,5.01,1.813,0.134,17,reviewed,us,us
2026-01-12T00:06:14.476Z,52.9242,-167.9323,42.979,3.6,mb,44,169,0.454,0.56,us,us7000rp55,2026-02-01T21:31:41.040Z,"62 km E of Nikolski, Alaska",earthquake,7.44,16.595,0.144,12,reviewed,us,us
2026-01-11T23:54:21.451Z,31.4899,-115.7447,1.828,3.7,ml,93,204,0.475,0.62,us,us7000rp3d,2026-03-19T20:28:48.040Z,"51 km ENE of San Vicente, Mexico",earthquake,2.76,2.088,0.037,96,reviewed,us,us
2026-01-11T23:53:01.323Z,-6.6155,128.4783,262.087,4.3,mb,22,61,5.206,0.68,us,us7000rp3f,2026-02-05T03:12:36.040Z,"266 km NE of Lospalos, Timor Leste",earthquake,9.62,8.902,0.161,11,reviewed,us,us
2026-01-11T23:50:45.500Z,23.9609,123.3687,10,4.1,mwr,42,179,0.6,0.66,us,us7000rp3e,2026-02-26T00:47:22.040Z,"67 km SSE of Yonakuni, Japan",earthquake,3.29,1.886,0.069,20,reviewed,us,us
2026-01-11T23:38:01.501Z,51.0717,159.4244,10,4.4,mb,23,138,2.012,0.7,us,us6000s59v,2026-01-29T23:35:10.040Z,"209 km ESE of Ozernovskiy, Russia",earthquake,8.45,1.936,0.148,13,reviewed,us,us
2026-01-11T22:57:22.204Z,-13.7148,166.7589,35,4.4,mb,34,114,1.775,0.49,us,us6000s59s,2026-01-29T22:51:23.040Z,"87 km WNW of Sola, Vanuatu",earthquake,5.18,1.903,0.109,24,reviewed,us,us
2026-01-11T22:09:42.959Z,3.1241,126.3311,51.69,4.4,mb,17,136,1.81,0.57,us,us6000s59r,2026-01-29T22:30:45.040Z,"229 km NE of Bitung, Indonesia",earthquake,9.99,9.593,0.155,12,reviewed,us,us
2026-01-11T21:51:16.666Z,-15.8567,-71.9818,116.54,4.1,mb,21,157,2.951,1.16,us,us7000rp30,2026-02-05T02:50:24.040Z,"17 km N of Lluta, Peru",earthquake,11.03,8.672,0.105,25,reviewed,us,us
2026-01-11T20:15:40.359Z,24.8059,95.2947,128.873,4.4,mb,88,55,3.6,0.56,us,us7000rp2s,2026-01-31T19:38:09.040Z,"124 km SE of Phek, India",earthquake,8.73,6.977,0.064,71,reviewed,us,us
2026-01-11T20:09:49.144Z,2.7565,127.5683,102.001,4.2,mb,37,116,2.864,0.83,us,us7000rp2r,2026-01-31T19:19:08.040Z,"123 km NNW of Tobelo, Indonesia",earthquake,10.69,8.782,0.108,24,reviewed,us,us
2026-01-11T19:37:56.480Z,49.3211,156.102,52.957,5.1,mb,89,120,3.923,0.77,us,us7000rp2k,2026-01-31T19:08:01.040Z,"150 km S of Severo-Kuril’sk, Russia",earthquake,8.74,6.35,0.032,316,reviewed,us,us
2026-01-11T19:16:29.428Z,51.3378,159.2565,29.809,4.1,mb,23,219,1.729,0.42,us,us6000s59l,2026-01-30T19:13:45.040Z,"186 km SSE of Vilyuchinsk, Russia",earthquake,15.05,9.013,0.139,14,reviewed,us,us
2026-01-11T18:27:49.154Z,49.4257,156.1269,52.02,4.9,mb,76,178,3.817,0.63,us,us7000rp2g,2026-01-31T19:03:04.040Z,"138 km S of Severo-Kuril’sk, Russia",earthquake,11.12,8.103,0.054,107,reviewed,us,us
2026-01-11T18:19:45.215Z,-19.1366,-172.9288,10,4.4,mb,21,101,2.839,0.47,us,us7000rp2f,2026-01-31T18:59:26.040Z,"123 km ESE of Neiafu, Tonga",earthquake,9.64,1.934,0.127,18,reviewed,us,us
2026-01-11T17:35:55.567Z,43.1498,147.8911,10,4.6,mb,45,135,3.675,0.58,us,us7000rp2d,2026-01-31T18:54:20.040Z,"118 km SE of Shikotan, Russia",earthquake,7.64,1.802,0.095,33,reviewed,us,us
2026-01-11T17:28:01.229Z,7.2998,126.3008,17.47,4.7,mb,34,116,0.752,0.69,us,us7000rp2b,2026-01-31T18:46:14.535Z,"24 km W of San Pedro, Philippines",earthquake,8.07,5.143,0.104,28,reviewed,us,us
2026-01-11T17:14:42.945Z,43.4637,147.7189,33.416,4.2,mb,27,155,3.659,0.86,us,us6000s59i,2026-01-30T16:50:46.040Z,"88 km ESE of Shikotan, Russia",earthquake,12.42,7.491,0.125,18,reviewed,us,us
2026-01-11T17:06:23.298Z,43.245,147.7098,10,4.3,mb,29,180,3.577,0.45,us,us6000s59q,2026-02-26T16:33:26.040Z,"100 km SE of Shikotan, Russia",earthquake,12.52,1.959,0.122,19,reviewed,us,us
2026-01-11T17:02:39.575Z,31.0474,48.0966,10,4.8,mb,89,66,8.32,0.57,us,us7000rp29,2026-01-31T18:40:32.669Z,"54 km WSW of Jongīyeh, Iran",earthquake,8.44,1.858,0.053,107,reviewed,us,us
2026-01-11T12:41:33.882Z,51.6071,-178.7282,79.722,3.6,mb,52,143,0.076,0.41,us,us7000rp2n,2026-02-02T14:38:23.040Z,"147 km WSW of Adak, Alaska",earthquake,3.87,3.909,0.115,19,reviewed,us,us
2026-01-11T11:11:15.081Z,42.7639,141.7837,137.907,4.2,mb,41,76,1.263,0.71,us,us6000s596,2026-01-30T14:13:38.040Z,"7 km SW of Abira, Japan",earthquake,5.57,7.851,0.11,23,reviewed,us,us
2026-01-11T10:38:00.261Z,51.624,159.7418,10,4.2,mb,49,135,1.554,0.78,us,us6000s59d,2026-02-02T11:57:45.040Z,"171 km SSE of Vilyuchinsk, Russia",earthquake,8.14,1.924,0.074,51,reviewed,us,us
2026-01-11T10:07:53.350Z,-35.0064,-179.74,19.447,4.5,mb,24,121,2.999,1.19,us,us6000s595,2026-02-01T15:05:21.040Z,"east of the North Island of New Zealand",earthquake,12.84,6.347,0.124,19,reviewed,us,us
2026-01-11T09:02:47.070Z,51.6497,159.9486,10,4.4,mb,63,134,1.59,0.66,us,us6000s594,2026-02-01T14:52:42.040Z,"177 km SE of Vilyuchinsk, Russia",earthquake,9.76,1.913,0.068,62,reviewed,us,us
2026-01-11T08:45:14.151Z,3.325,126.8378,41.611,4.6,mb,42,84,1.948,0.71,us,us7000rp1b,2026-01-30T09:15:59.040Z,"219 km NW of Tobelo, Indonesia",earthquake,6.98,7.981,0.1,30,reviewed,us,us
2026-01-11T08:10:31.938Z,-21.1029,-68.8232,128.779,4.3,mb,26,82,0.793,0.44,us,us7000rp15,2026-01-30T09:07:19.040Z,"60 km WNW of Ollagüe, Chile",earthquake,4.02,6.648,0.119,20,reviewed,us,us
2026-01-11T07:51:02.759Z,-58.4965,-15.8106,10,4.4,mb,22,114,14.253,0.44,us,us6000s598,2026-01-30T08:34:09.040Z,"east of the South Sandwich Islands",earthquake,16.77,1.959,0.117,21,reviewed,us,us
2026-01-11T07:29:50.015Z,49.2068,156.1188,35.444,4.9,mb,66,135,4.031,0.7,us,us7000rp14,2026-01-30T08:28:10.040Z,"163 km S of Severo-Kuril’sk, Russia",earthquake,10.56,6.787,0.048,138,reviewed,us,us
2026-01-11T06:23:06.064Z,63.4413,-23.9135,10,4.1,mb,22,117,1.735,1.08,us,us7000rp50,2026-01-30T07:47:55.040Z,"85 km WSW of Grindavík, Iceland",earthquake,11.45,1.942,0.13,16,reviewed,us,us
2026-01-11T06:20:22.574Z,3.5287,-82.9942,10,4.4,mb,37,155,5.595,0.83,us,us7000rp0x,2026-02-01T07:16:58.040Z,"south of Panama",earthquake,10.49,1.918,0.107,25,reviewed,us,us
2026-01-11T04:36:08.232Z,30.7062,141.8479,10,4.7,mb,47,128,2.96,0.65,us,us7000rp0c,2026-01-29T22:52:05.258Z,"Izu Islands, Japan region",earthquake,11.35,1.902,0.067,70,reviewed,us,us
2026-01-11T04:15:37.808Z,39.5945,141.6518,83.369,4.9,mww,100,86,1.276,0.99,us,us7000rp08,2026-01-29T22:45:35.086Z,"25 km WSW of Miyako, Japan",earthquake,6.01,4.15,0.089,12,reviewed,us,us
2026-01-11T02:54:44.846Z,-5.4003,151.6742,67.14,4.5,mb,24,93,1.296,0.84,us,us7000rp00,2026-01-29T22:02:33.040Z,"134 km SSW of Kokopo, Papua New Guinea",earthquake,11.19,8.802,0.125,19,reviewed,us,us
2026-01-11T00:48:02.488Z,42.2686,144.2095,59.645,4.2,mb,27,165,0.823,0.78,us,us6000s58r,2026-01-30T04:48:04.040Z,"75 km E of Hiroo, Japan",earthquake,7.82,8.943,0.146,13,reviewed,us,us
2026-01-11T00:26:56.866Z,-3.1107,101.0895,46.198,4.3,mb,15,205,2.238,0.56,us,us6000s58p,2026-01-30T04:41:34.040Z,"121 km SSW of Sungai Penuh, Indonesia",earthquake,11.67,10.301,0.201,7,reviewed,us,us
2026-01-10T23:17:06.782Z,30.9799,130.1386,154.435,4.1,mb,23,109,0.592,0.85,us,us6000s52b,2026-01-30T04:36:31.040Z,"36 km SSW of Makurazaki, Japan",earthquake,4.3,7.207,0.151,12,reviewed,us,us
2026-01-10T21:50:20.543Z,34.0882,34.7957,10,4.1,mb,38,64,1.49,1.14,us,us7000rnzg,2026-03-01T02:28:18.040Z,"66 km WNW of Ra’s Bayrūt, Lebanon",earthquake,3.69,1.889,0.131,18,reviewed,us,us
2026-01-10T20:43:37.008Z,-6.8371,129.5442,168.404,4.9,mb,53,55,2.327,0.78,us,us7000rnza,2026-03-01T02:16:01.040Z,"Banda Sea",earthquake,7.48,7.52,0.07,64,reviewed,us,us
2026-01-10T20:26:52.781Z,-23.4708,-179.7766,548.652,4.3,mb,29,140,6.048,0.78,us,us6000s527,2026-02-01T06:02:58.040Z,"south of the Fiji Islands",earthquake,9.82,10.976,0.125,19,reviewed,us,us
2026-01-10T19:44:27.898Z,-17.063,-71.8854,65.395,4.3,mb,24,135,1.964,1.04,us,us7000rnyt,2026-02-02T05:19:14.040Z,"13 km WNW of Cocachacra, Peru",earthquake,7.88,11.485,0.153,12,reviewed,us,us
2026-01-10T19:40:49.243Z,3.6273,127.215,34.857,4.1,mb,23,125,2.05,0.82,us,us6000s52a,2026-02-01T05:25:14.040Z,"227 km NNW of Tobelo, Indonesia",earthquake,10.84,7.059,0.127,19,reviewed,us,us
2026-01-10T18:00:00.642Z,70.8883,-14.025,10,4.2,mb,52,57,1.815,0.59,us,us7000rny9,2026-02-26T15:48:42.040Z,"193 km W of Olonkinbyen, Svalbard and Jan Mayen",earthquake,6.35,1.834,0.089,35,reviewed,us,us
2026-01-10T16:41:35.682Z,51.3448,159.7302,10,4.3,mb,24,135,1.808,0.64,us,us6000s522,2026-01-30T20:46:00.040Z,"198 km SSE of Vilyuchinsk, Russia",earthquake,5.1,1.933,0.154,12,reviewed,us,us
2026-01-10T16:30:17.281Z,1.3206,127.003,117.588,4.3,mb,19,144,3.715,1.16,us,us6000s521,2026-01-30T20:03:32.040Z,"72 km NW of Ternate, Indonesia",earthquake,10.71,10.391,0.16,11,reviewed,us,us
2026-01-10T16:11:38.021Z,-25.9488,179.0126,531.072,4.7,mb,32,54,8.212,1.01,us,us7000rny2,2026-01-30T19:47:51.040Z,"south of the Fiji Islands",earthquake,11.72,8.729,0.093,37,reviewed,us,us
2026-01-10T15:34:10.567Z,51.6273,158.534,57.906,5,mb,180,112,1.4,0.63,us,us7000rnxj,2026-01-30T19:39:54.040Z,"141 km E of Ozernovskiy, Russia",earthquake,9.14,6.281,0.035,264,reviewed,us,us
2026-01-10T15:15:13.595Z,3.6772,127.0133,45.122,5.2,mb,108,41,1.855,0.5,us,us7000rnx4,2026-01-30T19:08:21.040Z,"242 km NNW of Tobelo, Indonesia",earthquake,6.42,6.123,0.059,98,reviewed,us,us
2026-01-10T15:14:25.904Z,52.9502,161.1686,10,4.5,mb,18,165,1.524,1.36,us,us6000s520,2026-01-30T19:03:03.040Z,"171 km E of Petropavlovsk-Kamchatsky, Russia",earthquake,6.95,1.98,0.151,16,reviewed,us,us
2026-01-10T15:13:38.501Z,36.6305,21.3826,41.574,4.1,mb,14,216,0.699,1.17,us,us6000s525,2026-01-30T17:59:12.040Z,"35 km SW of Methóni, Greece",earthquake,7.98,13.191,0.521,2,reviewed,us,us
2026-01-10T15:06:51.094Z,3.6285,126.9375,57.236,5.5,mb,60,73,1.822,0.67,us,us6000s52c,2026-02-04T18:51:51.872Z,"241 km NNW of Tobelo, Indonesia",earthquake,8.76,7.173,0.082,55,reviewed,us,us
2026-01-10T14:58:23.726Z,3.7767,126.9922,31,6.4,mww,108,43,1.783,0.68,us,us7000rnwd,2026-03-19T12:36:46.505Z,"247 km SE of Sarangani, Philippines",earthquake,5.64,1.799,0.045,48,reviewed,us,us
2026-01-10T14:38:07.513Z,52.8369,160.703,39.741,4.8,mb,72,162,1.257,0.9,us,us7000rnw9,2026-02-01T14:04:18.040Z,"141 km E of Petropavlovsk-Kamchatsky, Russia",earthquake,11.81,7.582,0.051,117,reviewed,us,us
2026-01-10T14:29:19.281Z,10.0109,125.9159,118.619,4.4,mb,31,135,2.941,0.61,us,us7000rnw7,2026-02-01T13:59:09.853Z,"11 km WNW of San Benito, Philippines",earthquake,13.7,9.826,0.117,21,reviewed,us,us
2026-01-10T13:05:12.516Z,-21.1829,-68.5605,130.462,4.4,mb,23,99,0.876,0.51,us,us7000rnvs,2026-01-31T21:55:09.040Z,"32 km W of Ollagüe, Chile",earthquake,6.59,7.07,0.143,14,reviewed,us,us
2026-01-10T11:31:07.936Z,52.7935,161.0532,10,5.2,mww,147,119,1.474,0.79,us,us7000rnvf,2026-02-26T14:27:11.040Z,"165 km ESE of Petropavlovsk-Kamchatsky, Russia",earthquake,9.11,1.86,0.098,10,reviewed,us,us
2026-01-10T09:34:05.860Z,-9.2276,114.741,88.17,4.4,mb,22,125,0.951,0.84,us,us7000rnv6,2026-01-29T13:04:20.947Z,"66 km SW of Jimbaran, Indonesia",earthquake,4.89,8.486,0.144,14,reviewed,us,us
2026-01-10T08:15:08.588Z,38.2731,20.2966,10,4.3,mb,32,132,1.691,1.15,us,us6000s51y,2026-02-04T08:04:10.040Z,"14 km WNW of Lixoúri, Greece",earthquake,6.13,1.931,0.134,16,reviewed,us,us
2026-01-10T08:05:18.321Z,50.5757,156.6431,75.086,4.9,mb,205,129,2.619,0.54,us,us7000rnuy,2026-02-04T07:56:04.040Z,"38 km ESE of Severo-Kuril’sk, Russia",earthquake,10.51,7.142,0.035,263,reviewed,us,us
2026-01-10T07:57:46.023Z,52.8128,161.08,13,5.3,mww,180,87,1.486,0.69,us,us7000rnuu,2026-02-04T07:43:54.040Z,"167 km E of Petropavlovsk-Kamchatsky, Russia",earthquake,7.48,1.838,0.071,19,reviewed,us,us
2026-01-10T06:43:10.010Z,0.7966,125.1464,79.608,4.4,mb,20,91,3.924,0.9,us,us6000s51t,2026-02-04T07:31:10.040Z,"61 km SSE of Tondano, Indonesia",earthquake,9.74,7.124,0.143,14,reviewed,us,us
2026-01-10T06:30:49.750Z,12.8442,143.4688,135.419,4.3,mb,20,77,1.551,0.72,us,us6000s51v,2026-02-04T07:26:19.040Z,"138 km WSW of Merizo Village, Guam",earthquake,5.82,9.242,0.154,12,reviewed,us,us
2026-01-10T05:56:27.544Z,-23.8252,179.966,507.385,4.1,mb,13,184,6.309,0.62,us,us6000s51m,2026-02-04T07:22:01.040Z,"south of the Fiji Islands",earthquake,23.93,22.022,0.185,9,reviewed,us,us
2026-01-10T05:30:29.524Z,-24.7221,-179.5853,502.05,4,mb,13,207,7.283,0.77,us,us6000s51p,2026-03-12T08:34:10.040Z,"south of the Fiji Islands",earthquake,26.93,26.193,0.15,12,reviewed,us,us
2026-01-10T04:53:29.194Z,39.1258,22.3161,10,4.9,mb,31,90,0.106,0.59,us,us7000rnug,2026-02-25T23:50:55.040Z,"1 km E of Domokós, Greece",earthquake,6.29,1.813,0.108,27,reviewed,us,us
2026-01-10T04:53:12.734Z,37.8907,16.2968,53.99,5.1,mww,71,72,1.598,0.92,us,us7000rnuf,2026-01-28T23:10:11.595Z,"19 km ESE of Weather Station, Italy",earthquake,6.18,6.596,0.069,20,reviewed,us,us
2026-01-10T04:33:02.275Z,49.2273,156.1841,35,4.7,mb,46,136,4.001,0.83,us,us7000rnuc,2026-01-28T23:01:47.040Z,"161 km S of Severo-Kuril’sk, Russia",earthquake,11.2,1.936,0.078,50,reviewed,us,us
2026-01-10T04:06:59.124Z,-44.5785,-81.5426,10,4.3,mb,20,208,5.737,0.98,us,us7000rnu5,2026-02-04T22:09:16.040Z,"West Chile Rise",earthquake,13.62,1.992,0.266,4,reviewed,us,us
2026-01-10T03:39:59.320Z,-7.1162,120.4717,572.11,4.3,mb,31,85,2.208,0.55,us,us7000rntz,2026-01-28T22:58:00.040Z,"165 km N of Ruteng, Indonesia",earthquake,14.94,8.909,0.201,8,reviewed,us,us
2026-01-10T03:39:06.377Z,49.0606,156.1858,35,5,mb,60,138,4.164,0.99,us,us7000rnu0,2026-02-25T23:46:41.040Z,"179 km S of Severo-Kuril’sk, Russia",earthquake,11.86,1.908,0.053,114,reviewed,us,us
2026-01-10T03:22:28.920Z,-20.0128,66.4979,10,5.5,mww,47,73,2.955,0.97,us,us7000rntv,2026-01-28T22:58:56.663Z,"Mauritius - Reunion region",earthquake,11.06,1.822,0.06,27,reviewed,us,us
2026-01-10T01:05:49.551Z,53.0197,159.7569,64.247,4.7,mb,56,133,0.669,0.71,us,us7000rntj,2026-01-28T22:43:39.040Z,"75 km E of Petropavlovsk-Kamchatsky, Russia",earthquake,6.17,5.614,0.077,52,reviewed,us,us
2026-01-10T00:44:40.383Z,-13.7555,166.7204,35,5.1,mb,28,61,1.745,1.05,us,us7000rntd,2026-02-02T05:07:34.040Z,"90 km W of Sola, Vanuatu",earthquake,10.91,1.917,0.112,28,reviewed,us,us
2026-01-10T00:24:56.220Z,19.4083,-66.4083,42,3.89,md,26,228,0.939,0.44,pr,pr2026010000,2026-02-02T04:58:20.412Z,"104 km N of Brenas, Puerto Rico",earthquake,2.33,11.1,0.15,25,reviewed,pr,pr
2026-01-10T00:06:05.721Z,-26.2086,-177.5763,158.518,5.5,mww,179,38,9.346,0.89,us,us7000rnsx,2026-03-21T03:52:15.930Z,"south of the Fiji Islands",earthquake,11.34,4.744,0.069,20,reviewed,us,us
2026-01-09T23:51:37.173Z,25.8676,141.251,130.578,4.9,mww,77,52,7.33,0.82,us,us7000rnsq,2026-02-02T04:19:23.040Z,"Volcano Islands, Japan region",earthquake,10.13,5.401,0.098,10,reviewed,us,us
2026-01-09T23:19:33.881Z,-13.7904,166.6952,22,5.6,mww,62,118,1.719,1.29,us,us7000rnsp,2026-03-01T02:02:27.690Z,"93 km W of Sola, Vanuatu",earthquake,9.78,1.856,0.065,23,reviewed,us,us
2026-01-09T22:23:18.052Z,-19.369,-67.7662,10,4.6,mww,24,83,1.515,1.22,us,us7000rnsb,2026-02-02T03:44:44.040Z,"92 km E of Colchane, Chile",earthquake,4.3,1.757,0.089,12,reviewed,us,us
2026-01-09T22:19:26.034Z,-5.8376,130.8882,131.177,4.3,mb,19,128,1.633,0.62,us,us6000s50v,2026-02-01T03:38:18.040Z,"207 km W of Tual, Indonesia",earthquake,9.95,8.173,0.188,8,reviewed,us,us
2026-01-09T22:15:19.352Z,-23.6303,-68.444,118.937,4,mb,21,110,0.718,0.76,us,us7000rns8,2026-03-21T03:20:08.040Z,"83 km SSW of San Pedro de Atacama, Chile",earthquake,5.81,4.269,0.259,4,reviewed,us,us
2026-01-09T21:36:53.676Z,-14.8533,-75.4131,54.014,4.6,mb,33,109,3.17,0.88,us,us7000rns1,2026-02-02T03:36:37.040Z,"29 km SW of Changuillo, Peru",earthquake,11.42,7.323,0.096,35,reviewed,us,us
2026-01-09T21:28:42.015Z,16.3271,-87.6106,10,4.3,mb,30,152,2.898,0.93,us,us6000s50u,2026-02-01T03:14:22.040Z,"55 km NNE of Baja Mar, Honduras",earthquake,9.21,1.94,0.087,37,reviewed,us,us
2026-01-09T20:52:54.581Z,48.381,153.4521,112.798,4.6,mb,111,92,5.446,0.68,us,us7000rnrt,2026-01-30T16:55:09.040Z,"Kuril Islands",earthquake,9.05,6.892,0.05,120,reviewed,us,us
2026-01-09T20:13:31.320Z,31.8029,138.8902,275.333,4.4,mb,125,90,1.524,0.99,us,us7000rnrj,2026-01-30T16:39:22.040Z,"Izu Islands, Japan region",earthquake,7.97,6.759,0.049,122,reviewed,us,us
2026-01-09T20:11:50.392Z,-24.5356,179.6921,541.207,4.6,mb,19,179,6.928,0.83,us,us6000s50q,2026-01-30T16:22:03.040Z,"south of the Fiji Islands",earthquake,19.25,16.848,0.158,12,reviewed,us,us
2026-01-09T20:01:08.816Z,27.2167,104.3226,10,4.7,mb,112,47,7.839,0.65,us,us7000rnrh,2026-01-29T22:42:01.040Z,"41 km NNE of Weining, China",earthquake,8.11,1.86,0.06,92,reviewed,us,us
2026-01-09T19:22:08.930Z,-23.5556,-176.693,398.706,4.1,mb,12,221,7.59,0.91,us,us6000s50n,2026-01-29T22:03:38.040Z,"south of the Fiji Islands",earthquake,24.97,22.788,0.214,7,reviewed,us,us
2026-01-09T18:38:29.357Z,36.3528,-110.169,9.25,3.7,ml,56,42,1.281,0.38,us,us7000rnr8,2026-01-29T22:09:56.377Z,"20 km SSW of Chilchinbito, Arizona",earthquake,1.65,7.112,0.028,162,reviewed,us,us
2026-01-09T17:44:23.832Z,-17.4803,-178.6152,589.158,4.5,mb,13,114,2.17,0.28,us,us6000s50z,2026-01-29T20:37:29.040Z,"228 km ENE of Levuka, Fiji",earthquake,25.08,11.692,0.191,8,reviewed,us,us
2026-01-09T17:38:17.589Z,1.6498,124.5717,244.961,4.3,mb,37,76,3.194,1.3,us,us6000s50s,2026-01-29T20:27:49.040Z,"35 km WNW of Manado, Indonesia",earthquake,9.47,7.905,0.099,29,reviewed,us,us
2026-01-09T17:25:19.957Z,1.3923,127.4695,74.346,4.5,mb,12,134,3.868,0.89,us,us6000s50m,2026-01-29T19:59:09.040Z,"67 km N of Ternate, Indonesia",earthquake,12.41,14.326,0.204,8,reviewed,us,us
2026-01-09T16:20:05.260Z,-6.9213,132.1143,10,4.1,mb,16,102,3.242,1.15,us,us6000s50t,2026-01-31T21:36:17.040Z,"159 km SSW of Tual, Indonesia",earthquake,9.64,1.917,0.37,3,reviewed,us,us
2026-01-09T16:00:18.948Z,16.0214,119.865,69.408,4.6,mb,35,120,6.857,0.56,us,us7000rnmz,2026-01-31T17:23:07.040Z,"3 km NNW of Dasol, Philippines",earthquake,12.9,5.53,0.073,57,reviewed,us,us
2026-01-09T15:40:34.824Z,-10.1309,113.4078,10,4.6,mb,35,94,1.806,1.08,us,us7000rnmw,2026-02-28T17:51:06.040Z,"204 km S of Kencong, Indonesia",earthquake,8.14,1.115,0.105,27,reviewed,us,us
2026-01-09T14:34:31.649Z,-18.8024,169.175,245.388,4.1,mb,20,107,3.832,1.01,us,us6000s50i,2026-02-01T14:38:59.040Z,"82 km N of Isangel, Vanuatu",earthquake,5.72,10.205,0.165,10,reviewed,us,us
2026-01-09T13:30:59.763Z,37.3047,74.4743,10,4.4,mb,27,232,1.87,0.74,us,us6000s50f,2026-01-31T15:05:31.040Z,"105 km SSE of Murghob, Tajikistan",earthquake,8.89,1.974,0.134,16,reviewed,us,us
2026-01-09T13:21:31.947Z,52.5679,160.5209,35,4.3,mb,19,110,1.224,1.13,us,us6000s50g,2026-02-28T15:39:33.040Z,"139 km ESE of Petropavlovsk-Kamchatsky, Russia",earthquake,9.09,1.876,0.168,10,reviewed,us,us
2026-01-09T12:22:12.319Z,49.0918,156.229,20.228,5,mb,86,124,4.127,0.61,us,us7000rnmi,2026-02-28T15:25:45.040Z,"176 km S of Severo-Kuril’sk, Russia",earthquake,11.78,5.033,0.044,165,reviewed,us,us
2026-01-09T12:13:40.222Z,-31.2384,-178.0197,36.969,5.1,mww,60,76,8.017,1.03,us,us7000rnmg,2026-02-28T15:33:29.040Z,"Kermadec Islands region",earthquake,11.97,6.731,0.086,13,reviewed,us,us
2026-01-09T11:35:09.814Z,40.3305,140.824,10,4.5,mb,39,134,0.494,0.94,us,us6000s50c,2026-02-02T14:50:38.040Z,"9 km SE of Kosaka, Japan",earthquake,5.53,1.859,0.113,23,reviewed,us,us
2026-01-09T11:24:13.818Z,40.3555,140.8071,10,4.4,mb,41,127,0.476,1.24,us,us7000rnmb,2026-01-30T12:57:00.040Z,"6 km ESE of Kosaka, Japan",earthquake,4.86,1.817,0.105,26,reviewed,us,us
2026-01-09T11:07:58.951Z,35.2956,140.4831,28.352,4.4,mwr,129,81,0.139,0.67,us,us7000rnm9,2026-02-02T15:01:54.145Z,"9 km ENE of Ōhara, Japan",earthquake,5.84,4.845,0.073,18,reviewed,us,us
2026-01-09T10:35:39.992Z,35.0096,70.7506,88.081,4.3,mb,58,159,3.579,0.48,us,us7000rnm8,2026-02-05T10:45:54.040Z,"39 km WNW of Asadābād, Afghanistan",earthquake,10.63,8.114,0.094,32,reviewed,us,us
2026-01-09T09:56:53.768Z,40.2634,140.8942,10,4.6,mb,84,133,0.541,0.5,us,us7000rnm5,2026-02-04T12:28:18.040Z,"12 km NE of Hanawa, Japan",earthquake,5.45,1.855,0.072,58,reviewed,us,us
2026-01-09T08:46:07.763Z,51.6646,-176.0665,56.852,4,mb,45,182,0.289,0.56,us,us7000rnm4,2026-01-29T12:28:09.040Z,"45 km ESE of Adak, Alaska",earthquake,5.47,7.158,0.086,36,reviewed,us,us
2026-01-09T08:45:45.655Z,1.7026,128.9179,10,4.3,mb,30,112,3.46,1.11,us,us6000s506,2026-01-29T12:25:37.040Z,"101 km E of Tobelo, Indonesia",earthquake,11.87,1.919,0.116,21,reviewed,us,us
2026-01-09T08:17:43.874Z,37.9262,36.6857,10,4.2,mb,28,80,0.439,1.26,us,us6000s50h,2026-01-29T12:48:20.040Z,"19 km ESE of Göksun, Turkey",earthquake,4.39,1.484,0.166,10,reviewed,us,us
2026-01-09T08:05:02.579Z,-15.5725,-173.0594,10,4.4,mb,16,137,2.065,0.91,us,us6000s505,2026-01-29T09:55:10.040Z,"89 km ENE of Hihifo, Tonga",earthquake,4.62,1.898,0.19,8,reviewed,us,us
2026-01-09T07:12:23.187Z,-23.4354,-66.8235,210.174,4.5,mb,63,43,1.337,1.17,us,us7000rnlu,2026-01-29T09:32:52.040Z,"100 km NNW of San Antonio de los Cobres, Argentina",earthquake,8.04,5.63,0.065,68,reviewed,us,us
2026-01-09T06:39:20.333Z,6.3198,-73.5376,129.29,4,mb,25,128,1.66,0.69,us,us6000s502,2026-01-29T09:28:17.040Z,"7 km WNW of Contratación, Colombia",earthquake,11.98,10.393,0.119,19,reviewed,us,us
2026-01-09T05:59:25.546Z,40.5179,142.0422,58.87,4,mb,23,141,0.792,0.53,us,us6000s50a,2026-01-29T08:59:26.040Z,"43 km NNE of Kuji, Japan",earthquake,5.24,7.842,0.15,12,reviewed,us,us
2026-01-09T04:49:59.750Z,-24.2168,-67.078,198.288,4.2,mb,28,65,1.614,1.22,us,us7000rnld,2026-01-28T22:40:27.040Z,"77 km W of San Antonio de los Cobres, Argentina",earthquake,8.35,10.335,0.199,8,reviewed,us,us
2026-01-09T04:05:31.798Z,-63.9019,172.8384,10,4.5,mb,12,130,14.106,0.76,us,us6000s4zz,2026-03-19T20:55:02.040Z,"Balleny Islands region",earthquake,11.38,1.931,0.205,7,reviewed,us,us
2026-01-09T02:35:27.179Z,-20.9463,-68.8996,105.634,3.9,mwr,41,54,0.557,0.81,us,us7000rnl4,2026-02-25T23:42:37.040Z,"73 km WNW of Ollagüe, Chile",earthquake,5.95,4.117,0.073,18,reviewed,us,us
2026-01-09T02:04:43.894Z,-6.1837,143.221,10,4.4,mb,19,104,3.743,1.18,us,us6000s4zw,2026-02-25T23:41:22.040Z,"48 km SE of Tari, Papua New Guinea",earthquake,9.12,1.93,0.161,12,reviewed,us,us
2026-01-09T01:35:24.300Z,-5.5782,103.6763,56.28,4.4,mb,21,197,0.792,0.64,us,us6000s4zu,2026-01-28T22:17:51.040Z,"157 km WSW of Kotabumi, Indonesia",earthquake,6.64,9.405,0.162,11,reviewed,us,us
2026-01-09T01:33:59.599Z,36.7011,21.5331,51.698,4.1,mb,26,182,0.571,0.54,us,us6000s4zv,2026-03-19T20:53:31.040Z,"20 km SW of Methóni, Greece",earthquake,8.3,8.059,0.184,8,reviewed,us,us
2026-01-09T00:54:03.225Z,3.706,95.8962,60.041,4.6,mb,46,167,1.84,1,us,us7000rnku,2026-02-02T03:27:43.040Z,"54 km SSW of Meulaboh, Indonesia",earthquake,8.26,7.957,0.098,31,reviewed,us,us
2026-01-08T23:00:58.244Z,-6.9276,129.7479,146.493,4.5,mb,30,96,2.394,0.74,us,us7000rnkh,2026-02-02T03:15:45.040Z,"Banda Sea",earthquake,9.05,2.957,0.116,22,reviewed,us,us
2026-01-08T22:04:57.747Z,-45.8375,-75.8311,10,4.1,mwr,23,144,1.77,0.93,us,us7000rnk3,2026-02-28T05:50:24.040Z,"238 km W of Puerto Chacabuco, Chile",earthquake,6.73,1.892,0.078,16,reviewed,us,us
2026-01-08T21:47:49.772Z,6.7867,126.6301,175.219,4.1,mb,20,154,1.081,0.65,us,us6000s4tp,2026-02-01T02:20:28.040Z,"33 km SE of Lukatan, Philippines",earthquake,12.66,7.661,0.175,11,reviewed,us,us
2026-01-08T21:14:18.879Z,38.3535,73.3517,133.557,5.4,mww,95,43,0.683,0.72,us,us7000rnjd,2026-02-03T21:24:00.148Z,"57 km WNW of Murghob, Tajikistan",earthquake,6.6,4.28,0.063,24,reviewed,us,us
2026-01-08T20:06:33.342Z,8.7657,126.2985,61.328,4.5,mb,60,116,1.83,0.63,us,us6000s4tl,2026-01-30T16:29:50.040Z,"4 km S of Marihatag, Philippines",earthquake,9.13,6.378,0.078,48,reviewed,us,us
2026-01-08T19:29:37.521Z,-39.872,174.6079,122.633,5,mww,75,31,0.756,1.06,us,us7000rnii,2026-01-31T18:48:14.450Z,"16 km SE of Patea, New Zealand",earthquake,1.58,4.955,0.063,24,reviewed,us,us
2026-01-08T19:16:12.313Z,-10.3872,113.6607,10,4.4,mb,31,91,1.966,0.99,us,us6000s4tk,2026-01-30T15:08:35.040Z,"226 km SSW of Gambiran Satu, Indonesia",earthquake,7.61,1.889,0.123,20,reviewed,us,us
2026-01-08T19:08:37.122Z,38.39,73.8357,132.621,4.3,mb,62,138,1.065,0.69,us,us7000rnid,2026-01-31T18:29:36.040Z,"26 km NNW of Murghob, Tajikistan",earthquake,7.08,6.34,0.08,44,reviewed,us,us
2026-01-08T17:32:06.922Z,35.7242,-4.5861,94.709,4.4,mb,28,109,2.853,0.47,us,us7000rnhe,2026-01-31T18:23:25.415Z,"63 km E of Martil, Morocco",earthquake,8.64,6.85,0.124,19,reviewed,us,us
2026-01-08T17:00:00.771Z,37.3514,74.5557,49.612,5.1,mww,104,78,1.9,0.72,us,us7000rng1,2026-02-28T18:00:18.040Z,"104 km SSE of Murghob, Tajikistan",earthquake,7.62,5.242,0.103,9,reviewed,us,us
2026-01-08T16:01:52.350Z,34.9525,104.6597,10,4.5,mb,22,89,1.274,0.6,us,us6000s4te,2026-01-31T16:39:01.040Z,"16 km NNW of Hualin, China",earthquake,8.75,1.923,0.14,15,reviewed,us,us
2026-01-08T14:57:14.591Z,-0.6685,127.6329,10,4.8,mb,40,45,3.631,1.08,us,us7000rnfp,2026-02-28T17:47:09.040Z,"17 km ESE of Labuha, Indonesia",earthquake,7.54,1.895,0.095,34,reviewed,us,us
2026-01-08T14:30:39.092Z,-6.9405,125.9368,495.928,4.6,mb,37,65,3.248,0.89,us,us7000rnfl,2026-01-31T15:51:20.040Z,"173 km N of Manatutu, Timor Leste",earthquake,8.38,10.769,0.112,24,reviewed,us,us
2026-01-08T14:14:55.134Z,-31.2453,-67.5723,10,4.6,mwr,63,68,0.986,0.79,us,us7000rnfk,2026-02-28T17:46:01.040Z,"68 km S of San Agustín de Valle Fértil, Argentina",earthquake,7.1,1.776,0.048,42,reviewed,us,us
2026-01-08T12:33:25.930Z,-22.3579,171.5392,78.736,4.9,mb,41,98,3.793,1.08,us,us7000rnfc,2026-03-05T14:03:32.040Z,"southeast of the Loyalty Islands",earthquake,9.46,5.296,0.065,75,reviewed,us,us
2026-01-08T10:26:54.406Z,24.0267,122.3204,38.105,4.3,mb,41,71,0.679,0.83,us,us7000rnf7,2026-02-04T14:42:15.040Z,"73 km E of Hualien City, Taiwan",earthquake,2.46,8.519,0.126,20,reviewed,us,us
2026-01-08T10:20:15.778Z,-37.7209,176.2597,208.386,4.2,mb,37,76,0.601,1.33,us,us7000rnf6,2026-03-05T14:05:48.040Z,"9 km ESE of Tauranga, New Zealand",earthquake,7.57,6.973,0.137,15,reviewed,us,us
2026-01-08T08:50:12.926Z,-18.752,-69.1983,122.634,4.4,mb,23,94,0.508,0.84,us,us7000rnev,2026-02-04T07:15:18.040Z,"66 km NNE of Camiña, Chile",earthquake,5.37,4.173,0.155,12,reviewed,us,us
2026-01-08T08:28:00.375Z,41.4524,142.5166,43.883,4.3,mb,25,148,0.739,0.87,us,us6000s4t7,2026-02-04T07:12:39.040Z,"81 km SSW of Urakawa, Japan",earthquake,7.91,9.159,0.142,14,reviewed,us,us
2026-01-08T08:21:59.132Z,-17.4086,-178.996,586.432,4,mb,13,299,1.817,0.47,us,us6000s4t2,2026-02-04T07:09:11.040Z,"193 km ENE of Levuka, Fiji",earthquake,36.13,24.847,0.164,10,reviewed,us,us
2026-01-08T08:00:21.950Z,38.832666666667,-122.8795,2.86,4.17,mw,118,22,0.006349,0.11,nc,nc75292441,2026-04-02T08:10:30.105Z,"12 km ENE of Cloverdale, CA",earthquake,0.1,0.17,,29,reviewed,nc,nc
2026-01-08T06:41:45.473Z,-14.8229,170.0676,621.448,4.5,mb,39,83,2.835,0.76,us,us7000rnea,2026-02-04T06:30:15.040Z,"290 km ESE of Sola, Vanuatu",earthquake,13.93,8.478,0.095,32,reviewed,us,us
2026-01-08T05:59:59.540Z,34.8752,43.7372,10,4,mb,31,167,1.313,1.08,us,us6000s4sz,2026-02-04T06:23:57.040Z,"23 km ESE of Bayjī, Iraq",earthquake,7.06,1.907,0.156,11,reviewed,us,us
2026-01-08T05:17:50.354Z,-4.0453,-77.8303,109.868,5.5,mww,197,91,2.119,0.79,us,us7000rndf,2026-04-01T12:51:06.742Z,"105 km ESE of Yantzaza, Ecuador",earthquake,8.66,5.721,0.052,35,reviewed,us,us
2026-01-08T05:06:59.390Z,9.0699,-59.9733,10,4.5,mb,48,111,4.068,0.63,us,us7000rndc,2026-02-04T05:56:49.040Z,"98 km NNW of Mabaruma, Guyana",earthquake,10.64,1.87,0.087,39,reviewed,us,us
2026-01-08T04:01:48.128Z,42.8702,143.0886,106.636,4.4,mb,38,121,0.857,1.12,us,us6000s4rs,2026-01-30T04:20:05.040Z,"10 km WSW of Obihiro, Japan",earthquake,7.54,7.113,0.107,25,reviewed,us,us
2026-01-08T03:21:25.853Z,-4.0993,142.0745,125.635,4.8,mb,47,73,2.086,0.85,us,us7000rnd0,2026-01-31T02:27:57.040Z,"83 km W of Ambunti, Papua New Guinea",earthquake,8.01,5.468,0.086,42,reviewed,us,us
2026-01-08T01:50:04.246Z,35.476,22.5325,10,4.7,mb,79,72,1.769,0.97,us,us7000rncp,2026-01-31T02:12:54.040Z,"85 km SSW of Kýthira, Greece",earthquake,6.97,1.877,0.067,67,reviewed,us,us
2026-01-08T00:31:39.862Z,-30.9405,-71.652,35,4,mb,23,190,0.618,1.14,us,us7000rnci,2026-02-05T05:26:30.040Z,"57 km SW of Ovalle, Chile",earthquake,4.33,1.99,0.366,2,reviewed,us,us
2026-01-08T00:22:50.988Z,51.3938,158.9461,25.195,4.5,mb,71,124,1.642,0.52,us,us7000rncj,2026-02-05T05:24:52.040Z,"170 km E of Ozernovskiy, Russia",earthquake,8.48,6.028,0.073,55,reviewed,us,us
2026-01-07T23:51:16.266Z,51.3475,100.3314,11.423,4,mb,9,130,2.096,0.38,us,us6000s4su,2026-02-04T00:07:09.040Z,"29 km SW of Turt, Mongolia",earthquake,12.03,4.179,0.26,4,reviewed,us,us
2026-01-07T23:04:54.601Z,12.3657,144.2625,52.143,4.2,mb,26,149,3.215,0.54,us,us6000s4ss,2026-02-03T23:55:11.040Z,"108 km SSW of Merizo Village, Guam",earthquake,14.5,7.251,0.136,15,reviewed,us,us
2026-01-07T22:22:22.587Z,25.0673,143.2069,10,4.6,mb,65,100,11.65,0.67,us,us6000s4sr,2026-02-03T06:16:32.040Z,"Volcano Islands, Japan region",earthquake,11.17,1.868,0.079,47,reviewed,us,us
2026-01-07T22:19:45.631Z,17.3791,-102.4444,10,4.3,mb,33,223,2.534,1.05,us,us7000rnbu,2026-02-27T06:09:34.040Z,"67 km S of Playa Azul, Mexico",earthquake,5.34,1.891,0.085,39,reviewed,us,us
2026-01-07T22:00:12.599Z,-23.4215,-179.921,538.866,5.5,mww,175,39,5.958,0.64,us,us7000rnbi,2026-02-03T05:47:00.267Z,"south of the Fiji Islands",earthquake,10.09,5.587,0.086,13,reviewed,us,us
2026-01-07T21:47:41.487Z,51.1345,159.3032,10,4.2,mb,16,249,1.934,0.92,us,us6000s4sq,2026-02-03T04:57:26.040Z,"199 km ESE of Ozernovskiy, Russia",earthquake,12.4,1.994,0.168,10,reviewed,us,us
2026-01-07T21:08:46.035Z,-10.6837,165.9006,136.034,4.5,mb,37,108,4.901,0.36,us,us7000rnay,2026-02-03T04:26:24.040Z,"12 km ENE of Lata, Solomon Islands",earthquake,5.63,7.888,0.093,34,reviewed,us,us
2026-01-07T19:50:08.635Z,51.2551,-177.063,35,3.9,ml,26,213,0.518,0.39,us,us7000rnb2,2026-01-28T17:50:00.040Z,"75 km SSW of Adak, Alaska",earthquake,2.84,2.011,0.085,18,reviewed,us,us
2026-01-07T19:32:42.420Z,18.0868,-68.5736,134,3.64,md,8,219,1.4662,0.16,pr,pr2026007002,2026-01-07T20:44:22.040Z,"32 km S of Boca de Yuma, Dominican Republic",earthquake,3.03,1.28,0.11,8,reviewed,pr,pr
2026-01-07T19:22:22.674Z,43.0992,148.5662,10,4.2,mb,24,207,4.14,0.84,us,us6000s4sv,2026-01-28T17:46:24.040Z,"168 km ESE of Shikotan, Russia",earthquake,14.04,1.981,0.141,14,reviewed,us,us
2026-01-07T18:57:09.894Z,-6.7769,129.5581,162.307,4.9,mb,80,38,2.266,0.76,us,us7000rn9y,2026-02-24T15:35:33.040Z,"Banda Sea",earthquake,7.15,9.192,0.072,60,reviewed,us,us
2026-01-07T18:02:00.139Z,14.0026,145.2413,122.814,4.9,mb,84,69,1.335,0.65,us,us7000rn9a,2026-01-28T17:15:45.628Z,"64 km NE of Yigo Village, Guam",earthquake,8.73,4.63,0.061,83,reviewed,us,us
2026-01-07T17:35:57.056Z,7.5417,126.7813,66.222,4.7,mb,96,40,1.281,0.78,us,us7000rn8s,2026-01-28T17:11:15.040Z,"23 km ENE of Baculin, Philippines",earthquake,7.15,5.744,0.056,96,reviewed,us,us
2026-01-07T16:16:22.960Z,52.4404,160.257,49.343,4.1,mb,19,227,1.138,1.1,us,us6000s4sl,2026-01-29T23:55:47.040Z,"130 km ESE of Petropavlovsk-Kamchatsky, Russia",earthquake,14.62,8.497,0.158,11,reviewed,us,us
2026-01-07T15:44:00.790Z,37.3315,-117.92,11.51,3.58,ml,59,131,0.3065,0.13,nc,nc75292061,2026-01-29T23:37:57.040Z,"7 km SE of Deep Springs, CA",earthquake,0.36,0.7,0.158,111,reviewed,nc,nc
2026-01-07T15:15:59.068Z,52.101,159.7969,59.259,4.2,mb,22,166,1.159,0.42,us,us6000s4sj,2026-01-29T23:14:00.040Z,"132 km SE of Vilyuchinsk, Russia",earthquake,11.03,7.715,0.146,13,reviewed,us,us
2026-01-07T14:54:47.141Z,-8.7612,148.9386,10,4.6,mb,45,85,1.87,0.56,us,us7000rn6q,2026-01-28T18:20:49.040Z,"77 km E of Popondetta, Papua New Guinea",earthquake,7.45,1.891,0.105,29,reviewed,us,us
2026-01-07T14:16:43.332Z,51.7164,159.7204,51.253,4.4,mb,50,143,1.464,0.47,us,us7000rn6e,2026-03-04T07:47:17.040Z,"162 km SSE of Vilyuchinsk, Russia",earthquake,11.2,7.545,0.081,45,reviewed,us,us
2026-01-07T13:47:59.565Z,7.3431,127.0702,35.533,4.9,mb,173,27,1.504,0.63,us,us7000rn68,2026-02-02T16:03:54.296Z,"55 km ESE of Baculin, Philippines",earthquake,6.35,5.122,0.043,180,reviewed,us,us
2026-01-07T13:22:34.618Z,60.053,-150.106,12.4,3.6,ml,92,129,0.3,0.7,ak,ak2026amayws,2026-01-29T16:09:16.455Z,"37 km W of Lowell Point, Alaska",earthquake,0,2.8174,0.3,60,reviewed,ak,ak
2026-01-07T13:20:33.608Z,54.0867,160.9049,62.975,4.4,mb,39,110,1.716,0.59,us,us6000s4si,2026-02-03T11:53:34.040Z,"163 km ESE of Mil’kovo, Russia",earthquake,6.1,7.589,0.112,23,reviewed,us,us
2026-01-07T13:20:26.270Z,17.994,-68.4978,87,3.77,md,14,244,0.5328,0.52,pr,pr2026007001,2026-01-28T16:03:02.040Z,"44 km SSE of Boca de Yuma, Dominican Republic",earthquake,4.059,3.53,0.03,9,reviewed,pr,pr
2026-01-07T10:49:17.940Z,5.762,125.4567,151.699,4.1,mb,26,132,1.022,0.67,us,us6000s4sc,2026-01-28T07:47:11.040Z,"6 km NW of Kalbay, Philippines",earthquake,11.77,7.482,0.123,18,reviewed,us,us
2026-01-07T10:39:06.729Z,27.7743,59.5566,46.979,4.2,mb,26,182,4.121,0.75,us,us6000s4sd,2026-03-12T08:57:17.040Z,"128 km WNW of Iranshahr, Iran",earthquake,11.47,13.064,0.115,21,reviewed,us,us
2026-01-07T09:26:16.260Z,19.2583,-65.7201,63,3.67,md,16,250,1.0165,0.5,pr,pr2026007000,2026-03-12T08:56:02.040Z,"92 km N of Suárez, Puerto Rico",earthquake,4.37,10.89,0.08,6,reviewed,pr,pr
2026-01-07T08:17:02.897Z,-19.1167,-175.5022,265.478,4.2,mb,26,106,5.272,0.61,us,us6000s4s7,2026-03-20T13:56:21.040Z,"142 km WNW of Fangale’ounga, Tonga",earthquake,12.65,11.438,0.128,17,reviewed,us,us
2026-01-07T08:11:58.769Z,7.2849,127.2366,10,4.3,mb,29,128,1.658,1.01,us,us6000s4s8,2026-02-03T10:01:26.040Z,"73 km E of Santiago, Philippines",earthquake,9.03,1.92,0.133,21,reviewed,us,us
2026-01-07T08:09:52.719Z,7.706,39.9009,10,4.5,mb,34,156,1.69,0.84,us,us7000rn5i,2026-04-03T17:36:18.040Z,"76 km N of Goba, Ethiopia",earthquake,9.89,2.355,0.116,25,reviewed,us,us
2026-01-07T07:28:41.138Z,-4.589,139.5044,10,4.4,mb,25,128,2.383,0.99,us,us6000s4s5,2026-02-27T15:05:42.040Z,"185 km NE of Agats, Indonesia",earthquake,7.83,1.928,0.155,15,reviewed,us,us
2026-01-07T06:16:19.920Z,7.3384,127.0512,35,4.6,mb,46,58,1.485,0.89,us,us7000rn4x,2026-01-29T05:44:02.040Z,"53 km E of Santiago, Philippines",earthquake,7.53,1.925,0.083,43,reviewed,us,us
2026-01-07T05:41:06.387Z,-21.5864,-176.9554,256.221,4.4,mb,41,107,6.06,0.82,us,us7000rn4r,2026-02-27T14:30:33.040Z,"177 km WSW of Houma, Tonga",earthquake,9.99,8.425,0.089,41,reviewed,us,us
2026-01-07T05:15:42.609Z,53.2604,159.7074,64.373,4.1,mb,37,134,0.68,0.55,us,us6000s4s1,2026-01-29T15:04:18.040Z,"75 km ENE of Petropavlovsk-Kamchatsky, Russia",earthquake,8.21,8.81,0.097,32,reviewed,us,us
2026-01-07T05:13:13.621Z,31.8911,49.5631,10,4.2,mb,28,153,4.544,1.09,us,us6000s4s0,2026-02-27T15:05:22.040Z,"25 km ESE of Masjed Soleymān, Iran",earthquake,14.19,1.95,0.146,15,reviewed,us,us
2026-01-07T04:47:00.165Z,7.2524,126.6432,85.929,4.9,mb,75,111,1.071,0.89,us,us7000rn4h,2026-01-29T23:01:40.040Z,"8 km ESE of Santiago, Philippines",earthquake,8.76,7.183,0.069,65,reviewed,us,us
2026-01-07T04:36:44.744Z,7.3548,127.1396,10,4.9,mb,62,129,1.574,1.37,us,us7000rn4g,2026-01-29T06:23:41.040Z,"62 km E of Baculin, Philippines",earthquake,3.06,1.878,0.076,54,reviewed,us,us
2026-01-07T04:35:03.983Z,42.285,142.9805,69.912,4.2,mb,20,116,0.3,0.54,us,us6000s4rz,2026-01-29T06:06:22.040Z,"18 km NNE of Honchō, Japan",earthquake,9.03,7.692,0.159,11,reviewed,us,us
2026-01-07T04:12:58.780Z,7.2517,127.0208,24.869,5.4,mww,87,53,1.442,1.21,us,us7000rn4a,2026-02-25T17:37:52.957Z,"49 km E of Santiago, Philippines",earthquake,6.33,3.945,0.068,21,reviewed,us,us
2026-01-07T04:04:54.184Z,-22.0344,-176.6695,133.325,4.4,mb,23,89,6.969,0.69,us,us6000s4s6,2026-01-29T05:46:38.040Z,"170 km SW of Houma, Tonga",earthquake,14.43,7.65,0.114,22,reviewed,us,us
2026-01-07T03:58:27.880Z,7.1784,126.8117,91.198,4.4,mb,23,76,1.228,1.07,us,us6000s4ry,2026-01-29T05:18:03.040Z,"29 km ESE of Santiago, Philippines",earthquake,9.2,8.645,0.126,18,reviewed,us,us
2026-01-07T03:21:56.867Z,7.4785,127.3996,10,4.5,mb,23,135,1.851,0.55,us,us6000s4s3,2026-01-29T04:58:49.040Z,"90 km E of Baculin, Philippines",earthquake,8.39,1.893,0.136,16,reviewed,us,us
2026-01-07T03:02:53.890Z,7.2449,126.8953,22,6.4,mww,160,28,1.318,1.08,us,us7000rn2z,2026-02-25T17:38:12.861Z,"35 km E of Santiago, Philippines",earthquake,7.94,1.873,0.047,44,reviewed,us,us
2026-01-07T02:55:51.295Z,-17.6448,-178.9176,583.721,4.3,mb,24,131,2.007,0.67,us,us6000s4rw,2026-01-29T03:58:49.040Z,"192 km ENE of Levuka, Fiji",earthquake,18.07,7.106,0.134,16,reviewed,us,us
2026-01-07T02:37:51.457Z,63.079,-150.989,127.1,4.5,ml,95,44,0.6,0.5,ak,ak2026alfphj,2026-01-29T03:51:32.040Z,"63 km SE of Denali National Park, Alaska",earthquake,0,2.1785,0.4,68,reviewed,ak,ak
2026-01-07T02:36:59.103Z,60.659,-150.78,43,3.5,ml,13,80,0.2,0.4,ak,ak2026alfooj,2026-01-08T06:16:12.482Z,"13 km N of Sterling, Alaska",earthquake,0,6.0444,0.4,10,reviewed,ak,ak
2026-01-07T00:43:24.719Z,12.0368,-86.3601,158.817,4.2,mb,14,152,1.543,0.45,us,us6000s4rx,2026-01-28T23:21:04.040Z,"7 km NW of El Crucero, Nicaragua",earthquake,12.25,12.305,0.199,7,reviewed,us,us
2026-01-07T00:30:33.570Z,52.7012,159.0478,89.22,4.6,mb,55,134,0.403,0.53,us,us7000rn2e,2026-01-28T23:17:00.040Z,"49 km SE of Petropavlovsk-Kamchatsky, Russia",earthquake,10.15,5.429,0.05,121,reviewed,us,us
2026-01-07T00:27:51.663Z,-17.1349,168.6795,252.393,4.8,mb,56,63,2.197,0.55,us,us7000rn2d,2026-01-28T23:12:41.040Z,"77 km NNE of Port-Vila, Vanuatu",earthquake,5.31,8.379,0.079,50,reviewed,us,us
2026-01-06T23:49:59.661Z,37.5127,20.3401,35,4.1,mb,29,166,1.306,0.9,us,us6000s4js,2026-01-28T23:08:52.040Z,"48 km WSW of Lithakiá, Greece",earthquake,6.89,1.969,0.127,17,reviewed,us,us
2026-01-06T23:10:38.551Z,-17.6299,168.2471,64.032,5,mww,53,79,2.39,0.63,us,us7000rn1j,2026-01-26T22:59:28.055Z,"13 km NNW of Port-Vila, Vanuatu",earthquake,9.19,6.137,0.103,9,reviewed,us,us
2026-01-06T22:22:08.417Z,-59.3562,-29.1221,10,4.4,mb,16,83,6.494,0.95,us,us6000s4jr,2026-01-26T22:56:17.040Z,"South Sandwich Islands region",earthquake,10.23,1.888,0.139,15,reviewed,us,us
2026-01-06T21:47:11.846Z,26.9641,91.6187,10,4,mb,17,179,2.763,0.84,us,us6000s4jq,2026-01-28T22:57:43.040Z,"21 km NNE of Samdrup Jongkhar, Bhutan",earthquake,11.33,1.928,0.164,10,reviewed,us,us
2026-01-06T21:25:09.550Z,51.4147,-176.7047,35,3.7,ml,29,208,0.48,0.49,us,us7000rn28,2026-01-07T01:15:38.040Z,"51 km S of Adak, Alaska",earthquake,2.71,1.968,0.097,14,reviewed,us,us
2026-01-06T19:17:09.625Z,37.2224,74.5969,10,5,mww,127,78,1.996,0.82,us,us7000rmzt,2026-03-16T14:27:32.040Z,"100 km N of Barishal, Pakistan",earthquake,6.57,1.799,0.078,16,reviewed,us,us
2026-01-06T18:56:42.230Z,38.9612,141.9654,65.149,4.4,mb,24,146,1.953,0.35,us,us6000s4jn,2026-01-28T16:22:33.040Z,"24 km ESE of Ōfunato, Japan",earthquake,9.97,9.095,0.154,12,reviewed,us,us
2026-01-06T18:33:34.405Z,-12.3356,41.6544,10,4.6,mb,23,61,3.526,0.71,us,us6000s4jw,2026-01-28T14:57:17.040Z,"142 km ENE of Pemba, Mozambique",earthquake,10.2,1.917,0.151,13,reviewed,us,us
2026-01-06T18:25:42.934Z,52.4528,158.7552,86.931,4.2,mb,24,161,0.575,0.63,us,us6000s4jl,2026-01-27T22:53:32.040Z,"58 km SSE of Vilyuchinsk, Russia",earthquake,11.52,7.682,0.153,12,reviewed,us,us
2026-01-06T18:18:43.262Z,51.8289,159.8795,10,5.2,mww,90,83,1.414,0.83,us,us7000rmzf,2026-01-27T17:15:10.040Z,"158 km SE of Vilyuchinsk, Russia",earthquake,8.52,1.802,0.073,18,reviewed,us,us
2026-01-06T18:04:44.197Z,41.4212,142.1024,54.374,4.9,mww,83,122,0.988,0.81,us,us7000rmza,2026-02-24T15:26:36.040Z,"75 km E of Mutsu, Japan",earthquake,2.85,5.538,0.073,18,reviewed,us,us
2026-01-06T17:57:28.784Z,7.4157,126.7474,60.737,4.4,mb,53,81,1.209,0.67,us,us6000s4jk,2026-01-27T16:42:52.040Z,"18 km ESE of Baculin, Philippines",earthquake,8.91,6.889,0.086,39,reviewed,us,us
2026-01-06T17:07:36.976Z,13.0841,-88.3856,83.742,4,mb,34,85,0.387,0.98,us,us6000s4jj,2026-01-27T16:14:26.040Z,"24 km SW of Jucuarán, El Salvador",earthquake,5.07,3.689,0.139,14,reviewed,us,us
2026-01-06T15:07:49.309Z,30.7706,49.9497,10,4.6,mb,112,69,5.487,0.45,us,us7000rmwv,2026-01-29T17:06:44.040Z,"13 km NE of Aghajari, Iran",earthquake,9.66,1.867,0.058,94,reviewed,us,us
2026-01-06T15:07:34.944Z,30.8827,50.0227,10,4,mb,39,156,5.453,0.41,us,us6000s5ai,2026-01-29T17:08:38.040Z,"27 km NE of Aghajari, Iran",earthquake,9.76,1.936,0.118,21,reviewed,us,us
2026-01-06T15:02:56.779Z,-18.5763,-175.6029,245.12,4.4,mb,53,51,5.398,0.76,us,us7000rmwz,2026-01-29T17:37:00.040Z,"171 km W of Neiafu, Tonga",earthquake,10.68,7.739,0.069,62,reviewed,us,us
2026-01-06T14:17:41.582Z,-30.4874,-177.7174,35,4.5,mb,23,252,7.789,1,us,us6000s4ji,2026-02-25T17:29:26.040Z,"Kermadec Islands, New Zealand",earthquake,15.46,1.994,0.121,21,reviewed,us,us
2026-01-06T13:35:19.364Z,34.8003,70.7847,77.686,4.4,mb,92,91,3.763,0.54,us,us7000rmwb,2026-01-29T17:11:15.040Z,"34 km WSW of Asadābād, Afghanistan",earthquake,9.59,7.372,0.061,77,reviewed,us,us
2026-01-06T13:30:04.484Z,10.4383,92.1484,10,4.3,mb,21,179,7.027,1.04,us,us6000s4jg,2026-01-29T16:31:31.040Z,"150 km SSW of Port Blair, India",earthquake,8.95,1.918,0.154,15,reviewed,us,us
2026-01-06T12:46:01.397Z,56.0098,-149.2434,10,3.7,ml,100,200,2.544,0.58,us,us7000rmw1,2026-01-29T15:47:54.040Z,"257 km SE of Chiniak, Alaska",earthquake,8.49,2.009,0.052,48,reviewed,us,us
2026-01-06T12:18:42.554Z,52.909,-167.6458,41.725,4,mb,55,172,0.528,0.66,us,us7000rn02,2026-01-29T15:40:03.040Z,"81 km E of Nikolski, Alaska",earthquake,4.4,8.298,0.103,25,reviewed,us,us
2026-01-06T11:14:02.120Z,51.2589,176.6676,8.382,4.4,mb,133,181,1.341,0.57,us,us7000rmzu,2026-01-30T15:58:04.040Z,"296 km SE of Attu Station, Alaska",earthquake,7.37,6.421,0.053,101,reviewed,us,us
2026-01-06T10:57:13.569Z,51.1905,176.6715,11.605,4.8,mww,139,121,1.376,0.52,us,us7000rmut,2026-02-03T09:00:30.040Z,"Rat Islands, Aleutian Islands, Alaska",earthquake,6.04,4.478,0.086,13,reviewed,us,us
2026-01-06T10:09:26.063Z,-19.1839,64,10,5.1,mww,150,30,0.823,0.7,us,us7000rmuk,2026-03-04T07:45:17.040Z,"82 km NE of Port Mathurin, Mauritius",earthquake,7.37,1.758,0.089,12,reviewed,us,us
2026-01-06T10:09:00.644Z,60.4765,-139.6706,5,3.7,ml,15,99,0.479,0.52,us,us7000rmuj,2026-01-28T16:50:30.281Z,"103 km N of Yakutat, Alaska",earthquake,1.91,1.977,0.056,42,reviewed,us,us
2026-01-06T09:53:23.183Z,-27.1647,-63.4202,554.172,4.3,mb,99,45,5.22,0.91,us,us7000rmug,2026-02-02T11:29:13.040Z,"23 km SW of El Hoyo, Argentina",earthquake,9.44,9.111,0.045,139,reviewed,us,us
2026-01-06T09:47:16.539Z,-24.5889,179.849,516.261,4.2,mb,40,121,7.013,0.66,us,us7000rmuf,2026-01-28T18:22:43.040Z,"south of the Fiji Islands",earthquake,14.44,9.117,0.09,34,reviewed,us,us
2026-01-06T08:44:01.604Z,-6.3414,130.2666,134.746,4.1,mb,20,71,1.843,1.36,us,us6000s4jh,2026-02-03T12:30:22.040Z,"286 km WSW of Tual, Indonesia",earthquake,9.23,10.838,0.233,5,reviewed,us,us
2026-01-06T08:08:49.534Z,60.293,-153.728,188.8,4.5,ml,182,22,0.3,0.9,ak,ak2026ajuvvj,2026-01-28T10:48:14.040Z,"34 km ENE of Port Alsworth, Alaska",earthquake,0,1.3453,0.4,117,reviewed,ak,ak
2026-01-06T07:25:26.768Z,0.2667,122.8147,235.595,4.2,mb,38,83,3.763,1,us,us6000s4ja,2026-01-29T06:01:10.040Z,"40 km SW of Gorontalo, Indonesia",earthquake,10.16,9.184,0.11,23,reviewed,us,us
2026-01-06T07:16:35.955Z,52.6393,158.9807,71.986,4.8,mb,99,126,0.434,0.59,us,us7000rmsc,2026-01-28T14:27:14.040Z,"50 km SE of Vilyuchinsk, Russia",earthquake,9.34,6.278,0.033,278,reviewed,us,us
2026-01-06T07:10:04.513Z,44.3962,-129.8238,10,3.5,ml,45,290,4.211,0.59,us,us7000rmsd,2026-02-02T14:17:22.040Z,"off the coast of Oregon",earthquake,14.25,2.027,0.057,40,reviewed,us,us
2026-01-06T07:01:19.551Z,11.8652,143.7981,10,5.2,mb,68,55,3.869,0.61,us,us7000rms9,2026-04-07T07:11:23.092Z,"181 km SSW of Merizo Village, Guam",earthquake,8.16,1.832,0.042,186,reviewed,us,us
2026-01-06T06:53:06.862Z,-32.4675,-178.5246,35,4.9,mb,25,219,5.709,1.14,us,us7000rms5,2026-02-27T14:51:51.040Z,"south of the Kermadec Islands",earthquake,14.95,1.999,0.114,25,reviewed,us,us
2026-01-06T06:18:29.252Z,-6.1262,130.2511,127.614,4.2,mb,22,109,1.63,1.26,us,us6000s4j9,2026-01-27T12:44:14.040Z,"282 km W of Tual, Indonesia",earthquake,9.52,12.87,0.186,8,reviewed,us,us
2026-01-06T05:35:29.244Z,13.7613,145.3171,57.621,4.4,mb,24,161,0.468,0.32,us,us6000s4j8,2026-01-27T12:18:52.040Z,"52 km ENE of Yigo Village, Guam",earthquake,9.12,9.361,0.124,19,reviewed,us,us
2026-01-06T05:25:50.266Z,36.168,69.2373,121.096,4.3,mb,26,197,2.485,0.75,us,us7000rmrq,2026-01-27T15:51:17.040Z,"14 km NE of Nahrīn, Afghanistan",earthquake,9.89,9.766,0.168,10,reviewed,us,us
2026-01-06T05:14:00.993Z,55.9138,110.4159,10,4.3,mb,28,96,5.837,0.82,us,us6000s4j7,2026-01-27T11:53:56.040Z,"19 km E of Kichera, Russia",earthquake,11.55,1.925,0.129,17,reviewed,us,us
2026-01-06T04:31:20.961Z,27.6151,141.5946,76.425,4.9,mb,87,100,5.693,0.56,us,us7000rmrl,2026-02-03T04:12:34.040Z,"Bonin Islands, Japan region",earthquake,11.46,6.905,0.065,75,reviewed,us,us
2026-01-06T03:53:34.707Z,52.0101,160.3352,10,4.3,mb,16,205,1.446,0.66,us,us6000s4je,2026-02-03T03:33:36.040Z,"164 km SE of Petropavlovsk-Kamchatsky, Russia",earthquake,10.26,1.99,0.202,7,reviewed,us,us
2026-01-06T03:34:04.649Z,40.4476,142.1388,49.448,4.4,mb,50,135,0.886,0.56,us,us7000rmrh,2026-02-03T01:51:12.040Z,"42 km NE of Kuji, Japan",earthquake,6.8,7.226,0.096,31,reviewed,us,us
2026-01-06T03:14:35.504Z,17.615,145.6933,226.902,4.9,mb,154,99,2.363,0.76,us,us7000rmre,2026-02-03T03:24:48.099Z,"265 km N of Saipan, Northern Mariana Islands",earthquake,10.61,6.553,0.048,136,reviewed,us,us
2026-01-06T02:58:00.827Z,-17.7251,-178.7097,571.187,4.9,mb,153,44,2.216,0.55,us,us7000rmrb,2026-02-03T01:05:53.040Z,"212 km E of Levuka, Fiji",earthquake,11.75,6.749,0.049,129,reviewed,us,us
2026-01-06T02:57:52.904Z,37.6824,20.9266,10,4.1,mb,21,147,0.941,0.73,us,us6000s4jx,2026-02-02T23:09:26.040Z,"9 km ESE of Lithakiá, Greece",earthquake,5.13,1.949,0.197,7,reviewed,us,us
2026-01-06T02:35:21.384Z,49.8733,155.9543,62.853,4.3,mb,34,138,3.418,0.52,us,us6000s4jb,2026-02-02T22:56:41.040Z,"90 km S of Severo-Kuril’sk, Russia",earthquake,11.93,8.195,0.125,18,reviewed,us,us
2026-01-06T01:37:48.746Z,35.3273,133.0704,28.19,5,mww,154,37,1.725,0.65,us,us7000rmr1,2026-02-27T06:11:05.040Z,"17 km S of Matsue, Japan",earthquake,6.17,1.862,0.061,26,reviewed,us,us
2026-01-06T01:34:00.608Z,16.6981,-46.5568,10,4.6,mb,38,100,12.97,0.47,us,us6000s4j6,2026-02-02T05:38:48.040Z,"northern Mid-Atlantic Ridge",earthquake,8.23,1.86,0.1,30,reviewed,us,us
2026-01-06T01:28:48.678Z,35.3787,133.2441,10.608,4.8,mww,126,51,1.724,0.98,us,us7000rmqz,2026-02-02T05:25:54.192Z,"4 km S of Yasugichō, Japan",earthquake,5.7,4.316,0.078,16,reviewed,us,us
2026-01-06T01:18:48.586Z,35.3627,133.1106,10,5.7,mww,256,21,1.746,0.65,us,us7000rmqv,2026-03-15T21:52:41.807Z,"13 km WSW of Yasugichō, Japan",earthquake,4.81,1.561,0.046,46,reviewed,us,us
2026-01-05T23:47:17.276Z,-2.6605,129.6094,10,4.1,mb,14,74,1.873,1.08,us,us7000rrnn,2026-01-28T22:40:26.040Z,"100 km NE of Masohi, Indonesia",earthquake,7.72,1.878,0.151,12,reviewed,us,us
2026-01-05T22:48:48.531Z,-4.8453,134.0812,10,4.3,mb,20,111,2.118,0.79,us,us7000rrnl,2026-01-28T22:35:50.040Z,"170 km ENE of Tual, Indonesia",earthquake,8.26,1.907,0.178,9,reviewed,us,us
2026-01-05T22:48:36.392Z,2.2085,126.886,44.609,4.4,mb,26,124,2.874,0.85,us,us7000rrnu,2026-01-26T00:33:47.040Z,"135 km WNW of Tobelo, Indonesia",earthquake,11.18,8.267,0.13,18,reviewed,us,us
2026-01-05T22:32:22.244Z,48.0532,148.1499,427.793,5.1,mww,121,45,3.814,0.59,us,us7000rmpe,2026-02-23T18:51:21.040Z,"northwest of the Kuril Islands",earthquake,10.44,6.151,0.089,12,reviewed,us,us
2026-01-05T21:41:25.652Z,16.0168,-104.7192,10,4.1,mb,92,200,4.908,0.83,us,us7000rnjn,2026-01-28T22:05:11.040Z,"off the coast of Michoacan, Mexico",earthquake,12.93,1.983,0.059,79,reviewed,us,us
2026-01-05T19:31:23.012Z,9.808,126.2471,34.865,4.4,mb,32,102,5.099,0.74,us,us7000rrnh,2026-01-24T17:23:25.040Z,"16 km ENE of Union, Philippines",earthquake,9.51,5.236,0.112,23,reviewed,us,us
2026-01-05T18:57:05.240Z,43.5846,148.172,10,4.8,mb,62,133,4.01,0.72,us,us7000rmmm,2026-01-24T18:43:37.040Z,"119 km ESE of Shikotan, Russia",earthquake,7.69,1.878,0.068,67,reviewed,us,us
2026-01-05T18:07:36.570Z,-22.2476,-177.3015,248.651,4.5,mb,25,137,6.256,0.4,us,us7000rmkw,2026-01-24T18:40:55.040Z,"238 km WSW of Houma, Tonga",earthquake,15.82,9.308,0.115,22,reviewed,us,us
2026-01-05T17:07:21.241Z,-15.2978,-75.9667,10,4.5,mb,23,129,3.399,0.79,us,us7000rmjv,2026-02-23T16:44:37.040Z,"86 km W of San Juan, Peru",earthquake,10.48,1.87,0.135,16,reviewed,us,us
2026-01-05T15:35:18.616Z,31.0117,141.5785,10,4.9,mb,59,119,2.577,0.8,us,us7000rmjk,2026-01-25T17:11:56.040Z,"Izu Islands, Japan region",earthquake,8.24,1.883,0.086,42,reviewed,us,us
2026-01-05T15:09:35.009Z,50.1551,156.4484,35,4.3,mb,27,137,3.058,1.38,us,us7000rrnf,2026-02-24T15:15:12.040Z,"62 km SSE of Severo-Kuril’sk, Russia",earthquake,11.66,1.938,0.137,15,reviewed,us,us
2026-01-05T14:36:48.798Z,14.0896,145.4377,101.985,4.4,mb,27,88,0.744,0.77,us,us7000rrnd,2026-01-25T16:30:50.040Z,"85 km NE of Yigo Village, Guam",earthquake,8.63,7.454,0.139,15,reviewed,us,us
2026-01-05T13:24:48.013Z,36.4933,9.2573,10,4.4,mb,37,89,0.689,0.79,us,us7000rrnb,2026-01-25T16:22:20.040Z,"4 km NNE of Tabursuq, Tunisia",earthquake,7.24,1.907,0.134,16,reviewed,us,us
2026-01-05T11:48:29.598Z,60.3731,-139.5036,5,3.8,mb,57,47,0.466,0.68,us,us7000rmj1,2026-01-27T15:50:53.585Z,"92 km N of Yakutat, Alaska",earthquake,1.9,1.89,0.136,14,reviewed,us,us
2026-01-05T11:32:18.064Z,10.7686,-70.0154,10,4.3,mb,65,80,1.965,0.75,us,us7000rrn9,2026-01-27T14:12:51.040Z,"66 km N of Carora, Venezuela",earthquake,7.32,1.907,0.078,46,reviewed,us,us
2026-01-05T09:38:45.334Z,-7.0307,129.1433,158.174,4.4,mb,11,130,5.123,0.59,us,us7000rrnc,2026-04-03T17:21:13.040Z,"288 km NE of Lospalos, Timor Leste",earthquake,12.57,14.862,0.269,4,reviewed,us,us
2026-01-05T09:07:37.983Z,51.3971,159.1525,35,4.4,mb,29,137,1.658,0.62,us,us7000rmis,2026-02-27T14:51:47.040Z,"178 km SSE of Vilyuchinsk, Russia",earthquake,11.11,1.937,0.126,21,reviewed,us,us
2026-01-05T09:07:30.530Z,-5.7056,110.4965,534.883,4.4,mb,58,47,0.839,0.74,us,us7000rmir,2026-01-28T10:43:05.040Z,"89 km NNW of Batang, Indonesia",earthquake,11.85,7.133,0.092,34,reviewed,us,us
2026-01-05T08:38:29.148Z,16.3075,-98.7515,14.349,4.4,mb,92,159,0.561,0.55,us,us7000rmiq,2026-03-04T07:37:26.040Z,"22 km S of Barra de Tecoanapa, Mexico",earthquake,4.96,4.774,0.046,135,reviewed,us,us
2026-01-05T08:25:32.441Z,-20.8565,-69.1288,109.356,4.3,mb,48,84,0.712,1.03,us,us7000rmil,2026-01-30T17:59:51.040Z,"79 km SE of La Tirana, Chile",earthquake,5.49,5.464,0.095,31,reviewed,us,us
2026-01-05T07:50:13.015Z,38.1003,72.9281,137.043,4.4,mb,38,224,0.408,0.51,us,us7000rmij,2026-01-30T17:48:38.040Z,"91 km W of Murghob, Tajikistan",earthquake,8.9,5.395,0.107,25,reviewed,us,us
2026-01-05T07:22:57.642Z,-55.4989,-26.3296,10,4.5,mb,31,123,5.988,0.64,us,us7000rrn6,2026-02-03T12:32:48.040Z,"South Sandwich Islands region",earthquake,15.96,1.882,0.139,15,reviewed,us,us
2026-01-05T07:10:23.384Z,-16.7779,-175.1371,261.654,4.5,mb,25,125,4.314,0.52,us,us7000rmif,2026-01-30T17:54:51.083Z,"169 km WSW of Hihifo, Tonga",earthquake,14.39,10.563,0.108,25,reviewed,us,us
2026-01-05T05:35:41.316Z,6.7122,-73.0079,172.439,4.7,mww,115,48,2.269,0.66,us,us7000rmi6,2026-02-02T14:14:36.040Z,"2 km NNE of Aratoca, Colombia",earthquake,8.25,6.216,0.11,8,reviewed,us,us
2026-01-05T03:31:11.163Z,-55.2764,-30.225,10,4.4,mb,20,127,3.76,0.67,us,us7000rrn2,2026-02-02T03:33:06.040Z,"South Sandwich Islands region",earthquake,12.25,1.903,0.149,13,reviewed,us,us
2026-01-05T03:22:02.860Z,19.4015,-64.6586,27,3.58,md,13,281,0.9463,0.32,pr,pr2026005001,2026-02-02T03:19:24.040Z,"119 km N of Cruz Bay, U.S. Virgin Islands",earthquake,2.29,24.87,0.2,6,reviewed,pr,pr
2026-01-05T02:56:55.170Z,19.3803,-64.6751,33,3.74,md,15,279,0.9306,0.38,pr,pr2026005000,2026-02-02T03:07:32.040Z,"116 km N of Cruz Bay, U.S. Virgin Islands",earthquake,3.73,24.91,0.12,5,reviewed,pr,pr
2026-01-05T02:21:34.420Z,51.2573,159.6879,35,4.2,mb,12,245,1.881,0.47,us,us7000rrmz,2026-02-02T02:49:24.040Z,"205 km SSE of Vilyuchinsk, Russia",earthquake,12.48,2,0.199,7,reviewed,us,us
2026-01-05T02:11:41.441Z,51.523,159.7724,35,4.2,mb,36,138,1.653,1.04,us,us7000rrn0,2026-02-02T02:41:12.040Z,"182 km SSE of Vilyuchinsk, Russia",earthquake,9.09,1.947,0.103,26,reviewed,us,us
2026-01-05T01:59:29.315Z,-17.9641,-178.4907,576.959,4.4,mb,27,100,2.523,0.8,us,us7000rrmy,2026-01-30T06:11:38.040Z,"232 km E of Levuka, Fiji",earthquake,17.24,11.064,0.13,17,reviewed,us,us
2026-01-05T00:42:03.704Z,-5.633,147.6775,174.403,5.2,mb,120,15,3.579,0.71,us,us7000rmhl,2026-02-23T18:41:30.040Z,"103 km N of Finschhafen, Papua New Guinea",earthquake,6.96,4.839,0.041,201,reviewed,us,us
2026-01-05T00:09:24.489Z,0.6062,120.3385,63.944,4.3,mb,26,116,2.696,0.7,us,us7000rrmx,2026-01-28T21:57:05.040Z,"175 km NNE of Palu, Indonesia",earthquake,9.98,5.614,0.137,15,reviewed,us,us
2026-01-04T23:33:04.664Z,29.5094,103.7775,10,4.5,mb,41,61,6.429,0.54,us,us7000rrmn,2026-02-23T18:36:25.040Z,"6 km SSE of Leshan, China",earthquake,7.93,1.52,0.099,30,reviewed,us,us
2026-01-04T22:47:52.226Z,26.326,92.3084,35,4.9,mww,75,96,3.523,0.56,us,us7000rmhe,2026-01-25T21:42:25.040Z,"9 km NNW of Morigaon, India",earthquake,9.22,1.844,0.11,8,reviewed,us,us
2026-01-04T22:47:39.427Z,26.3621,92.3991,41.098,5.2,mb,114,27,3.513,0.41,us,us7000rmhd,2026-02-23T18:34:02.040Z,"13 km NNE of Morigaon, India",earthquake,9.02,4.951,0.04,207,reviewed,us,us
2026-01-04T22:34:36.147Z,-51.4791,138.3134,10,4.5,mb,20,95,14.805,0.54,us,us7000rrmk,2026-01-28T21:45:15.040Z,"western Indian-Antarctic Ridge",earthquake,13.14,1.938,0.131,17,reviewed,us,us
2026-01-04T22:29:39.778Z,-28.9012,-67.4819,117.65,4.2,mb,18,103,2.518,0.33,us,us7000rmha,2026-01-28T21:40:02.040Z,"28 km N of Chilecito, Argentina",earthquake,5.23,9.328,0.16,11,reviewed,us,us
2026-01-04T20:12:06.150Z,49.9381,156.3294,64.276,4.2,mb,33,137,3.288,0.67,us,us7000rrmm,2026-01-23T21:22:54.040Z,"83 km S of Severo-Kuril’sk, Russia",earthquake,12.04,7.866,0.11,23,reviewed,us,us
2026-01-04T20:05:37.024Z,13.8575,39.985,10,4.5,mb,42,108,3.626,0.83,us,us7000rmgt,2026-01-24T18:36:46.383Z,"68 km NE of Mek'ele, Ethiopia",earthquake,10.58,1.932,0.095,33,reviewed,us,us
2026-01-04T18:07:20.265Z,53.1633,160.5388,46.141,4.5,mb,69,136,1.148,0.89,us,us7000rmge,2026-01-24T18:33:56.040Z,"128 km E of Petropavlovsk-Kamchatsky, Russia",earthquake,11.06,6.891,0.069,62,reviewed,us,us
2026-01-04T17:55:24.598Z,51.735,159.6407,49.919,4.1,mb,30,137,1.426,0.81,us,us7000rrmh,2026-02-23T16:48:24.040Z,"157 km SSE of Vilyuchinsk, Russia",earthquake,11.75,7.948,0.124,18,reviewed,us,us
2026-01-04T14:50:05.965Z,-19.135,-69.7427,115.794,4.5,mb,27,125,0.741,0.91,us,us7000rmfs,2026-02-28T15:39:20.040Z,"38 km WNW of Camiña, Chile",earthquake,3.45,6.668,0.127,18,reviewed,us,us
2026-01-04T14:20:29.295Z,12.6078,-87.8135,81.165,4.8,mb,54,142,0.99,0.95,us,us7000rmfn,2026-01-30T17:44:17.040Z,"42 km WSW of Jiquilillo, Nicaragua",earthquake,9.55,8.248,0.03,339,reviewed,us,us
2026-01-04T13:54:20.041Z,16.8188,-99.5313,10,4.2,mb,19,187,0.291,0.96,us,us6000s6pu,2026-02-28T15:51:20.040Z,"4 km ESE of Campanario, Mexico",earthquake,2.54,1.726,0.167,10,reviewed,us,us
2026-01-04T13:07:05.756Z,-43.5412,39.1615,10,5.7,mww,132,21,9.447,0.88,us,us7000rmfe,2026-04-03T17:03:14.876Z,"Prince Edward Islands region",earthquake,6.98,2.705,0.066,22,reviewed,us,us
2026-01-04T12:55:36.759Z,0.0132,97.6282,10,4.5,mb,26,157,1.283,0.44,us,us7000rrmi,2026-01-27T13:56:30.040Z,"64 km SSW of Teluk Dalam, Indonesia",earthquake,10.78,1.928,0.135,16,reviewed,us,us
2026-01-04T12:43:06.483Z,41.0158,142.7975,57.529,4.4,mb,59,119,1.034,0.75,us,us7000rrmj,2026-01-27T14:04:05.040Z,"123 km ENE of Hachinohe, Japan",earthquake,6.39,5.737,0.083,42,reviewed,us,us
2026-01-04T11:36:01.150Z,51.2763,159.5701,10,4.5,mb,32,135,1.839,0.7,us,us7000rmex,2026-01-27T15:35:32.040Z,"200 km SSE of Vilyuchinsk, Russia",earthquake,9.38,1.874,0.131,17,reviewed,us,us
2026-01-04T11:07:59.690Z,19.1816,-64.8293,26,3.51,md,15,262,0.8123,0.46,pr,pr2026004001,2026-01-04T12:13:35.640Z,"93 km N of Charlotte Amalie, U.S. Virgin Islands",earthquake,2.87,29.97,0.21,11,reviewed,pr,pr
2026-01-04T11:06:21.411Z,51.5448,159.4316,35,4.6,mb,40,172,1.557,0.63,us,us7000rrmb,2026-01-27T13:04:36.040Z,"169 km SSE of Vilyuchinsk, Russia",earthquake,8.95,1.949,0.092,35,reviewed,us,us
2026-01-04T11:04:13.850Z,51.2948,159.6654,10,4.5,mb,33,129,1.841,0.66,us,us7000rrm8,2026-01-27T15:06:39.040Z,"201 km SSE of Vilyuchinsk, Russia",earthquake,10,1.921,0.107,26,reviewed,us,us
2026-01-04T11:01:05.128Z,51.504,159.6394,19.963,5.1,mb,83,121,1.639,1.22,us,us7000rmep,2026-02-27T14:38:34.040Z,"179 km SSE of Vilyuchinsk, Russia",earthquake,11.11,4.852,0.049,137,reviewed,us,us
2026-01-04T10:45:46.856Z,-55.4591,-29.4847,10,4.7,mb,41,105,4.214,0.61,us,us7000rmgg,2026-01-27T15:41:20.040Z,"South Sandwich Islands region",earthquake,13.14,1.935,0.085,42,reviewed,us,us
2026-01-04T10:36:21.382Z,-23.9875,-179.4644,491.909,4.1,mb,28,127,6.63,1,us,us7000rrmd,2026-01-27T13:26:51.040Z,"south of the Fiji Islands",earthquake,15.49,11.97,0.117,20,reviewed,us,us
2026-01-04T10:35:54.685Z,-58.692,-25.3448,35,5,mb,76,30,15.918,0.69,us,us7000rmeh,2026-01-27T15:19:22.040Z,"South Sandwich Islands region",earthquake,8.87,1.784,0.065,77,reviewed,us,us
2026-01-04T08:30:06.436Z,42.3397,84.9827,10,5,mb,70,74,4.162,0.67,us,us7000rme5,2026-01-25T09:00:26.040Z,"116 km WSW of Baluntaicun, China",earthquake,6.19,1.763,0.05,128,reviewed,us,us
2026-01-04T08:01:07.601Z,2.6687,128.5003,232.619,4.5,mb,48,106,3.646,0.67,us,us7000rmdy,2026-01-25T08:53:25.040Z,"117 km NNE of Tobelo, Indonesia",earthquake,10.54,8.192,0.081,44,reviewed,us,us
2026-01-04T07:49:17.362Z,-28.3118,-176.1173,10,4.6,mb,14,174,10.798,0.64,us,us7000rrm5,2026-03-18T05:47:14.040Z,"Kermadec Islands region",earthquake,10.84,1.961,0.164,12,reviewed,us,us
2026-01-04T05:43:17.486Z,-19.3948,-177.5545,558.708,4.4,mb,22,91,4.121,0.74,us,us7000rrm2,2026-01-25T08:08:06.040Z,"Fiji region",earthquake,12.78,17.051,0.138,15,reviewed,us,us
2026-01-04T04:58:40.738Z,-37.3637,-73.9142,34.502,4.4,mb,29,203,2.541,0.84,us,us7000rmd5,2026-02-25T00:47:04.040Z,"35 km NW of Lebu, Chile",earthquake,7.58,9.085,0.19,8,reviewed,us,us
2026-01-04T02:22:17.175Z,16.6496,-99.5794,10,4,mb,32,147,0.349,1.24,us,us6000s6pt,2026-02-25T00:42:14.040Z,"7 km SE of San Andrés Playa Encantada (El Podrido), Mexico",earthquake,3.63,1.95,0.143,13,reviewed,us,us
2026-01-04T02:12:57.404Z,-20.2957,-177.8532,525.726,4.3,mb,13,166,4.623,0.58,us,us7000rrm4,2026-03-14T21:05:35.040Z,"282 km WNW of Houma, Tonga",earthquake,7.44,10.154,0.217,6,reviewed,us,us
2026-01-04T01:40:57.225Z,51.5391,159.5058,28.968,5,mb,62,137,1.577,0.93,us,us7000rmcc,2026-01-24T01:58:46.040Z,"172 km SSE of Vilyuchinsk, Russia",earthquake,12.13,6.054,0.068,68,reviewed,us,us
2026-01-04T01:31:05.560Z,18.1291,-64.3621,108,3.62,md,18,271,0.3636,0.29,pr,pr2026004000,2026-01-24T01:30:00.040Z,"50 km ESE of Cruz Bay, U.S. Virgin Islands",earthquake,9.92,3.7,0.1,6,reviewed,pr,pr
2026-01-04T01:23:34.086Z,-5.4657,152.1212,26.616,5.2,mb,51,94,1.155,0.55,us,us7000rmc9,2026-01-24T01:26:42.040Z,"125 km S of Kokopo, Papua New Guinea",earthquake,11.61,5.486,0.055,108,reviewed,us,us
2026-01-04T01:17:28.396Z,11.0635,-87.8279,10,4.3,mb,23,172,1.805,1.08,us,us7000rrm1,2026-01-24T01:21:51.040Z,"164 km WSW of Masachapa, Nicaragua",earthquake,6.58,1.956,0.142,14,reviewed,us,us
2026-01-04T00:53:49.675Z,-4.5781,152.2622,161.785,4.1,mb,20,161,0.397,0.65,us,us7000rrm0,2026-01-24T05:07:13.040Z,"25 km S of Kokopo, Papua New Guinea",earthquake,13.41,5.294,0.14,14,reviewed,us,us
2026-01-04T00:04:21.343Z,2.8161,128.5779,241.499,4.6,mb,90,87,3.631,0.89,us,us7000rmbt,2026-01-24T04:52:10.040Z,"135 km NNE of Tobelo, Indonesia",earthquake,8.53,5.854,0.062,78,reviewed,us,us
2026-01-04T00:00:50.858Z,-44.3551,-78.0803,10,4.9,mww,26,171,4.428,0.71,us,us7000rmbs,2026-01-24T04:42:00.040Z,"Off the coast of Aisen, Chile",earthquake,11.92,1.944,0.078,16,reviewed,us,us
2026-01-03T23:13:48.023Z,5.8225,127.148,35,4.8,mb,64,63,1.983,1.26,us,us7000rmbk,2026-02-25T02:54:49.040Z,"122 km ESE of Pondaguitan, Philippines",earthquake,6.6,1.902,0.072,59,reviewed,us,us
2026-01-03T22:58:24.312Z,46.2545,150.3454,88.026,4.3,mb,22,129,5.88,0.97,us,us7000rrl9,2026-01-27T05:51:46.040Z,"223 km ENE of Kuril’sk, Russia",earthquake,9.72,7.208,0.142,14,reviewed,us,us
2026-01-03T22:47:31.533Z,-6.7437,115.5485,10,4.2,mb,30,56,2.204,0.87,us,us7000rmbi,2026-01-31T04:33:53.040Z,"159 km NNE of Singaraja, Indonesia",earthquake,5.73,1.918,0.153,13,reviewed,us,us
2026-01-03T22:26:35.766Z,34.2461,24.2503,10,4.2,mb,15,260,2.722,0.74,us,us7000rrl7,2026-02-23T22:42:40.040Z,"67 km SSE of Kastrí, Greece",earthquake,9.65,2.007,0.215,7,reviewed,us,us
2026-01-03T22:25:36.829Z,-6.2802,152.3352,10,5,mb,29,152,2.082,0.88,us,us7000rmbh,2026-01-31T04:31:08.040Z,"214 km S of Kokopo, Papua New Guinea",earthquake,9.98,1.908,0.074,58,reviewed,us,us
2026-01-03T22:03:42.777Z,-23.5661,69.5745,10,5,mb,50,53,39.778,0.69,us,us7000rmbe,2026-01-31T04:26:30.040Z,"Mid-Indian Ridge",earthquake,12.26,1.822,0.083,46,reviewed,us,us
2026-01-03T20:46:55.830Z,4.9406,127.5406,109.278,4.7,mb,59,69,2.065,0.73,us,us7000rmb5,2026-01-31T04:18:55.040Z,"217 km SE of Pondaguitan, Philippines",earthquake,8.1,5.933,0.048,132,reviewed,us,us
2026-01-03T20:17:52.686Z,-14.7071,-76.4446,10,4.4,mb,18,153,2.731,0.86,us,us7000rmb1,2026-02-23T22:46:58.040Z,"94 km SSW of Paracas, Peru",earthquake,10.65,1.924,0.18,9,reviewed,us,us
2026-01-03T19:52:50.681Z,24.6862,121.7777,10,4.2,mb,25,50,0.366,1.04,us,us7000rmaz,2026-01-31T04:04:22.013Z,"8 km SSE of Yilan, Taiwan",earthquake,2.43,1.916,0.176,9,reviewed,us,us
2026-01-03T19:26:50.829Z,-17.9496,-178.5475,603.402,4.5,mb,63,76,2.47,0.83,us,us7000rmav,2026-01-31T03:39:08.040Z,"226 km E of Levuka, Fiji",earthquake,12.63,7.095,0.046,137,reviewed,us,us
2026-01-03T19:10:43.772Z,12.9804,49.7398,10,4.5,mb,44,164,5.433,0.53,us,us7000rmaw,2026-01-31T03:25:50.040Z,"157 km NW of Caluula, Somalia",earthquake,13.94,1.948,0.091,36,reviewed,us,us
2026-01-03T18:42:36.043Z,-18.5586,-69.8408,91.596,4.1,mb,33,102,0.387,0.88,us,us7000rmap,2026-01-29T15:11:48.040Z,"49 km E of Arica, Chile",earthquake,6.01,5.075,0.135,16,reviewed,us,us
2026-01-03T18:21:52.297Z,52.1425,-176.8851,217.594,3.6,ml,13,131,0.333,0.74,us,us7000rrl4,2026-01-29T15:05:39.040Z,"34 km NNW of Adak, Alaska",earthquake,11.95,6.671,0.081,20,reviewed,us,us
2026-01-03T17:27:27.317Z,38.2809,38.9482,10,4.5,mwr,109,112,0.297,0.78,us,us7000rmaa,2026-02-25T17:39:03.040Z,"8 km WSW of Doğanyol, Turkey",earthquake,4.16,1.734,0.052,35,reviewed,us,us
2026-01-03T16:13:36.528Z,46.386,150.4546,32.815,4.5,mb,83,124,5.327,0.69,us,us7000rrl6,2026-01-28T20:33:50.040Z,"238 km ENE of Kuril’sk, Russia",earthquake,10.42,4.92,0.062,77,reviewed,us,us
2026-01-03T15:18:51.575Z,-17.4128,167.7423,38.972,4.6,mb,44,147,2.022,0.76,us,us7000rrl5,2026-01-28T20:10:07.040Z,"70 km WNW of Port-Vila, Vanuatu",earthquake,8.87,8.281,0.094,37,reviewed,us,us
2026-01-03T15:18:44.236Z,50.8912,160.2562,10,4.3,mb,49,115,2.355,0.74,us,us7000rrl1,2026-01-23T23:11:47.040Z,"260 km SSE of Vilyuchinsk, Russia",earthquake,9,1.9,0.091,34,reviewed,us,us
2026-01-03T15:10:44.115Z,19.2158,145.4832,121.582,4.3,mb,31,142,3.964,0.62,us,us7000rrl0,2026-01-23T22:03:34.040Z,"Maug Islands region, Northern Mariana Islands",earthquake,14.43,9.94,0.113,22,reviewed,us,us
2026-01-03T14:12:43.213Z,33.4094,138.1968,288.403,4,mb,36,70,1.386,0.74,us,us7000rm9u,2026-01-30T21:13:01.040Z,"132 km S of Ōyama, Japan",earthquake,9.22,7.843,0.122,18,reviewed,us,us
2026-01-03T13:53:21.853Z,-21.8433,-178.0099,396.032,4.4,mb,38,108,5.51,0.64,us,us7000rm9r,2026-01-30T21:09:21.040Z,"290 km WSW of Houma, Tonga",earthquake,13.9,8.858,0.092,34,reviewed,us,us
2026-01-03T13:21:54.564Z,34.8378,104.4259,10,4.7,mb,41,113,1.265,1,us,us7000rm9x,2026-01-30T21:07:20.040Z,"24 km WNW of Gaolou, China",earthquake,10.51,1.644,0.088,39,reviewed,us,us
2026-01-03T13:03:15.866Z,36.8998,71.3266,181.109,4.3,mb,26,198,1.684,0.59,us,us7000rm9h,2026-01-30T21:04:14.040Z,"30 km NW of Ashkāsham, Afghanistan",earthquake,9.92,9.941,0.143,14,reviewed,us,us
2026-01-03T12:50:36.514Z,6.6345,-72.8528,166.279,4.4,mb,51,175,2.301,0.68,us,us7000rm9f,2026-01-25T07:48:55.040Z,"6 km SW of Molagavita, Colombia",earthquake,15.06,16.32,0.054,100,reviewed,us,us
2026-01-03T10:32:20.101Z,37.2437,71.8756,175.801,4.1,mb,23,200,1.171,0.83,us,us7000rm8y,2026-01-25T07:42:18.040Z,"39 km SE of Khorugh, Tajikistan",earthquake,10.02,9.567,0.151,12,reviewed,us,us
2026-01-03T10:21:45.730Z,18.441,-68.567,85,3.56,md,14,228,0.1994,0.31,pr,pr2026003000,2026-01-25T07:40:47.040Z,"8 km NNE of Boca de Yuma, Dominican Republic",earthquake,5.88,2.37,0.26,10,reviewed,pr,pr
2026-01-03T10:12:54.323Z,-3.0156,102.9371,212.772,4.4,mb,33,88,1.336,0.87,us,us7000rm8v,2026-01-24T12:02:19.040Z,"31 km NNE of Lubuklinggau, Indonesia",earthquake,9.07,7.487,0.1,29,reviewed,us,us
2026-01-03T10:07:55.504Z,-45.4688,96.4414,10,5.9,mww,91,46,20.34,0.72,us,us7000rm8t,2026-01-24T12:02:24.577Z,"southeast Indian Ridge",earthquake,7.91,1.762,0.071,19,reviewed,us,us
2026-01-03T08:46:48.944Z,-1.9381,-78.8688,8.151,4.6,mb,80,101,0.652,0.6,us,us7000rm8f,2026-01-25T13:19:08.040Z,"29 km N of Alausí, Ecuador",earthquake,5.13,4.899,0.064,72,reviewed,us,us
2026-01-03T07:06:10.250Z,-4.4907,154.0955,371.809,4.7,mb,81,70,1.949,0.56,us,us7000rm84,2026-01-25T10:56:50.040Z,"203 km E of Kokopo, Papua New Guinea",earthquake,12.16,6.223,0.062,80,reviewed,us,us
2026-01-03T06:53:49.037Z,9.6401,125.9969,78.578,4.3,mb,21,133,2.587,0.55,us,us7000rrkx,2026-01-25T10:46:38.040Z,"3 km ENE of Socorro, Philippines",earthquake,16.28,6.874,0.137,15,reviewed,us,us
2026-01-03T06:42:47.524Z,51.3703,-171.016,10,3.7,mb,22,191,2.084,1.14,us,us7000rrkz,2026-01-25T10:41:15.040Z,"228 km SW of Nikolski, Alaska",earthquake,9.37,1.975,0.178,8,reviewed,us,us
2026-01-03T06:16:36.231Z,-20.1338,-175.8472,186.242,4.7,mb,100,99,5.679,0.52,us,us7000rm7z,2026-01-25T10:37:18.040Z,"128 km NNW of Houma, Tonga",earthquake,11.61,7.714,0.055,100,reviewed,us,us
2026-01-03T06:14:30.116Z,-15.3435,-174.7099,279.225,4.7,mb,33,80,3.172,0.69,us,us7000rm7y,2026-01-25T10:34:20.040Z,"119 km NW of Hihifo, Tonga",earthquake,6.57,9.508,0.11,25,reviewed,us,us
2026-01-03T05:48:20.284Z,60.5345,-140.0797,5,3.5,ml,34,58,0.448,0.76,us,us7000rm7t,2026-01-25T10:38:51.151Z,"111 km N of Yakutat, Alaska",earthquake,1.52,1.956,0.042,74,reviewed,us,us
2026-01-03T04:42:22.059Z,16.6586,-99.5234,10,4,mb,31,193,0.38,0.94,us,us6000s6ps,2026-02-24T23:54:40.040Z,"9 km S of Llano de la Puerta, Mexico",earthquake,2.88,1.953,0.173,9,reviewed,us,us
2026-01-03T02:12:25.606Z,-5.8198,112.4497,10,4.6,mb,34,64,1.608,0.77,us,us7000rm7c,2026-01-24T00:05:03.040Z,"117 km N of Paciran, Indonesia",earthquake,7.33,1.874,0.105,32,reviewed,us,us
2026-01-03T01:26:39.462Z,-6.4312,143.6617,10,5,mb,47,39,4.115,0.61,us,us7000rm78,2026-01-23T23:23:09.040Z,"31 km S of Mendi, Papua New Guinea",earthquake,8.3,1.831,0.073,60,reviewed,us,us
2026-01-03T00:38:56.537Z,-6.7069,103.5921,10,4.3,mb,19,179,1.884,1.03,us,us7000rrkq,2026-01-27T03:56:18.040Z,"232 km SW of Bandar Lampung, Indonesia",earthquake,3.84,1.945,0.177,9,reviewed,us,us
2026-01-03T00:00:52.252Z,-24.2501,-66.943,165.28,4.2,mb,26,61,1.719,0.61,us,us7000rm71,2026-02-24T02:25:49.040Z,"63 km W of San Antonio de los Cobres, Argentina",earthquake,9.58,10.379,0.216,6,reviewed,us,us
2026-01-02T23:43:58.506Z,-22.6606,-177.0097,195.871,4.1,mb,18,168,6.738,0.63,us,us7000rrf9,2026-01-27T03:30:15.040Z,"241 km SW of Houma, Tonga",earthquake,15.86,10.429,0.145,14,reviewed,us,us
2026-01-02T23:09:22.638Z,43.6418,148.0595,36.819,4.4,mb,23,157,3.955,0.58,us,us7000rrf8,2026-01-27T03:00:43.040Z,"109 km E of Shikotan, Russia",earthquake,12.87,9.879,0.143,14,reviewed,us,us
2026-01-02T23:02:59.985Z,38.4695,69.4342,10,4.1,mb,23,170,0.286,1.27,us,us7000rrfb,2026-01-26T23:04:35.040Z,"13 km NE of Norak, Tajikistan",earthquake,5.88,1.942,0.261,4,reviewed,us,us
2026-01-02T22:56:38.081Z,39.4947,40.6237,10,4.1,mb,22,72,0.531,0.96,us,us7000rrf7,2026-02-01T23:14:43.040Z,"10 km NE of Yedisu, Turkey",earthquake,1.97,1.927,0.301,4,reviewed,us,us
2026-01-02T22:25:32.874Z,-5.3395,131.9503,39.407,4.2,mb,17,83,2.194,0.94,us,us7000rrfa,2026-01-26T02:58:44.040Z,"94 km WNW of Tual, Indonesia",earthquake,7.05,11.316,0.264,4,reviewed,us,us
2026-01-02T22:18:54.970Z,53.021,159.5882,70.067,4.6,mb,93,124,0.567,0.67,us,us7000rm6x,2026-01-30T06:16:42.040Z,"64 km E of Petropavlovsk-Kamchatsky, Russia",earthquake,11.25,6.245,0.052,112,reviewed,us,us
2026-01-02T22:03:12.827Z,-22.2694,-65.997,271.439,4.4,mb,55,46,2.127,0.95,us,us7000rm6n,2026-01-30T06:00:36.040Z,"45 km WSW of La Quiaca, Argentina",earthquake,8.21,9.128,0.093,33,reviewed,us,us
2026-01-02T21:48:26.006Z,15.0594,-60.5358,49.79,5.1,mww,100,60,0.67,0.96,us,us7000rm6i,2026-01-30T05:49:30.106Z,"57 km ENE of Sainte-Marie, Martinique",earthquake,5.31,4.751,0.089,12,reviewed,us,us
2026-01-02T20:59:15.179Z,-1.7724,-77.9219,165.074,4.1,mb,25,88,0.296,0.97,us,us7000rm62,2026-01-23T20:38:05.040Z,"9 km SSE of Palora, Ecuador",earthquake,5.75,4.637,0.131,18,reviewed,us,us
2026-01-02T20:29:37.480Z,18.6635,-68.18,85,3.61,md,24,152,0.2509,0.37,pr,pr2026002000,2026-01-03T19:24:27.040Z,"25 km ENE of Punta Cana, Dominican Republic",earthquake,2.55,1.71,0.25,20,reviewed,pr,pr
2026-01-02T20:24:34.034Z,0.5275,125.9465,51.231,4.4,mb,18,110,4.203,0.74,us,us7000rrfi,2026-01-23T20:16:55.040Z,"135 km SE of Bitung, Indonesia",earthquake,10.52,7.32,0.155,14,reviewed,us,us
2026-01-02T20:03:27.032Z,2.9178,128.7332,25.496,4.7,mb,77,71,3.714,0.78,us,us7000rm5c,2026-01-23T18:00:10.040Z,"154 km NNE of Tobelo, Indonesia",earthquake,7.09,2.268,0.068,71,reviewed,us,us
2026-01-02T20:00:36.533Z,51.9261,158.4773,77.518,4.3,mb,120,134,1.104,0.53,us,us7000rm5g,2026-01-23T17:56:12.040Z,"111 km S of Vilyuchinsk, Russia",earthquake,9.23,6.548,0.052,113,reviewed,us,us
2026-01-02T19:45:20.881Z,53.0746,-168.0505,61.842,3.9,mb,50,164,0.29,0.91,us,us7000rm5k,2026-01-23T17:50:11.040Z,"56 km ENE of Nikolski, Alaska",earthquake,6.53,5.873,0.097,28,reviewed,us,us
2026-01-02T19:43:44.040Z,-19.8773,-176.1241,291.287,4.4,mb,10,111,5.9,0.74,us,us7000rrf6,2026-01-23T17:44:22.040Z,"166 km NNW of Houma, Tonga",earthquake,17.33,18.552,0.126,18,reviewed,us,us
2026-01-02T19:30:35.921Z,-26.5343,-70.1436,75.211,4.1,mwr,33,86,0.561,0.66,us,us7000rm51,2026-02-25T17:37:55.040Z,"18 km SSW of Diego de Almagro, Chile",earthquake,4.71,6.229,0.073,18,reviewed,us,us
2026-01-02T18:49:36.910Z,-19.5644,-69.3055,105.017,4,mb,29,92,0.147,0.75,us,us7000rm4m,2026-02-25T17:40:48.040Z,"30 km SSE of Camiña, Chile",earthquake,5.05,3.43,0.13,16,reviewed,us,us
2026-01-02T18:29:55.668Z,-5.1937,131.6878,51.464,4.9,mb,104,22,1.898,0.66,us,us7000rm4l,2026-01-22T21:50:21.040Z,"127 km WNW of Tual, Indonesia",earthquake,5.89,6.692,0.06,92,reviewed,us,us
2026-01-02T18:29:07.922Z,41.0191,83.4482,10.196,4.3,mb,30,83,3.202,0.65,us,us7000rrez,2026-01-22T20:31:49.040Z,"88 km SSE of Kuqa, China",earthquake,7.45,4.863,0.125,21,reviewed,us,us
2026-01-02T17:00:34.044Z,16.823,-99.387,10,4.5,mb,151,173,1.075,0.64,us,us7000rm45,2026-01-22T19:43:04.649Z,"2 km N of San Marcos, Mexico",earthquake,6.81,1.92,0.037,213,reviewed,us,us
2026-01-02T16:01:03.533Z,-21.9869,-179.412,590.717,4.2,mb,35,106,5.6,0.48,us,us7000rrf3,2026-01-30T20:48:11.040Z,"Fiji region",earthquake,14.94,14.208,0.104,28,reviewed,us,us
2026-01-02T15:37:04.206Z,16.7519,-99.3249,10,4.6,mb,57,184,0.411,0.92,us,us7000rm3u,2026-02-28T16:07:10.040Z,"8 km SE of San Marcos, Mexico",earthquake,8.17,1.945,0.038,205,reviewed,us,us
2026-01-02T15:34:13.352Z,16.712,-99.4321,10,4.3,mb,26,197,0.289,0.68,us,us7000rm3y,2026-02-28T16:08:49.040Z,"10 km SSW of San Marcos, Mexico",earthquake,3.22,1.928,0.063,71,reviewed,us,us
2026-01-02T15:17:43.966Z,50.3422,156.5459,79.853,4.4,mb,36,138,2.861,0.46,us,us7000rreu,2026-01-30T20:28:51.040Z,"47 km SE of Severo-Kuril’sk, Russia",earthquake,11.24,8.126,0.096,31,reviewed,us,us
2026-01-02T14:34:19.682Z,52.869,-168.2694,44.441,3.9,mb,55,169,0.369,1.06,us,us7000rm5b,2026-01-25T12:42:43.040Z,"40 km ESE of Nikolski, Alaska",earthquake,4.4,9.038,0.194,7,reviewed,us,us
2026-01-02T14:17:32.384Z,16.8335,-99.4636,10,4.3,mb,88,209,0.259,1.02,us,us7000rrer,2026-02-27T14:59:44.040Z,"7 km NE of El Cortés, Mexico",earthquake,5.71,2.249,0.06,77,reviewed,us,us
2026-01-02T13:58:15.741Z,16.798,-99.3939,18,6.5,mww,122,44,1.097,1.11,us,us7000rm3k,2026-04-06T19:31:07.851Z,"0 km W of San Marcos, Mexico",earthquake,8.72,1.72,0.027,135,reviewed,us,us
2026-01-02T08:45:51.292Z,-5.9747,150.0567,45.786,4.2,mb,24,130,2.746,0.92,us,us7000rrel,2026-01-28T06:41:58.040Z,"47 km S of Kimbe, Papua New Guinea",earthquake,6.32,8.951,0.115,21,reviewed,us,us
2026-01-02T07:56:43.963Z,-53.8657,-121.4003,10,4.6,mb,30,158,35.563,0.88,us,us7000rrej,2026-01-28T06:29:14.040Z,"southern East Pacific Rise",earthquake,15.83,1.915,0.103,28,reviewed,us,us
2026-01-02T07:52:04.773Z,-53.9644,-120.8236,10,5,mb,71,85,32.011,0.94,us,us7000rm2l,2026-01-23T08:11:06.040Z,"southern East Pacific Rise",earthquake,14.51,1.856,0.069,68,reviewed,us,us
2026-01-02T07:45:58.776Z,-16.604,67.3516,10,4.4,mb,22,101,36.604,0.58,us,us7000rrei,2026-01-23T07:43:29.040Z,"Mid-Indian Ridge",earthquake,15.81,1.9,0.134,17,reviewed,us,us
2026-01-02T06:28:07.684Z,13.2801,-88.3283,83.046,4.1,mb,40,177,0.188,1.02,us,us7000rreh,2026-01-23T07:33:31.040Z,"8 km SSE of El Tránsito, El Salvador",earthquake,8.61,4.273,0.087,36,reviewed,us,us
2026-01-02T06:05:26.703Z,-21.056,-11.5077,10,4.6,mb,34,87,27.36,0.73,us,us7000rm1k,2026-01-23T07:13:44.040Z,"southern Mid-Atlantic Ridge",earthquake,13.95,1.908,0.098,31,reviewed,us,us
2026-01-02T05:01:20.706Z,-57.327,-25.4193,39.44,4.3,mb,24,182,6.943,0.97,us,us7000rren,2026-01-23T07:06:50.040Z,"South Sandwich Islands region",earthquake,15,9.52,0.111,23,reviewed,us,us
2026-01-02T01:35:55.337Z,60.5148,-139.937,5,3.7,ml,38,58,0.449,1.12,us,us7000rm0l,2026-01-30T23:17:44.432Z,"108 km N of Yakutat, Alaska",earthquake,2.73,1.953,0.035,108,reviewed,us,us
2026-01-02T01:30:40.898Z,11.3371,-86.8199,54.146,4.5,mb,73,149,1.365,0.81,us,us7000rm0m,2026-01-22T23:54:14.040Z,"59 km SW of Masachapa, Nicaragua",earthquake,8.26,8.89,0.039,198,reviewed,us,us
2026-01-02T00:53:45.782Z,-42.6978,-74.4089,35,3.9,mwr,20,179,2.161,0.9,us,us7000rm0i,2026-02-23T22:53:22.040Z,"52 km W of Chonchi, Chile",earthquake,4.68,1.953,0.093,11,reviewed,us,us
2026-01-02T00:28:57.050Z,-42.646,-73.9813,47.703,4.5,mb,18,176,1.912,1.37,us,us7000rm0e,2026-02-02T00:09:01.040Z,"17 km W of Chonchi, Chile",earthquake,9.39,8.661,0.204,7,reviewed,us,us
2026-01-02T00:20:56.017Z,-57.2667,-25.4724,40,5,mb,52,82,6.894,0.7,us,us7000rm0b,2026-01-30T04:58:14.040Z,"South Sandwich Islands region",earthquake,11.84,6.17,0.071,65,reviewed,us,us
2026-01-02T00:17:46.617Z,51.4855,-176.5579,37.606,3.6,mb,25,218,0.389,0.86,us,us7000rm0q,2026-01-26T05:46:36.040Z,"43 km S of Adak, Alaska",earthquake,4.5,13.39,0.288,3,reviewed,us,us
2026-01-02T00:02:41.223Z,-21.1873,-178.2067,491.276,4,mb,18,136,4.917,0.53,us,us7000rred,2026-03-14T23:23:55.040Z,"Fiji region",earthquake,17.86,10.021,0.164,11,reviewed,us,us
2026-01-01T23:30:51.522Z,-15.4795,-76.3908,10,4.2,mb,18,172,3.499,0.64,us,us7000rm06,2026-01-26T06:12:53.040Z,"132 km W of San Juan, Peru",earthquake,11.61,1.974,0.236,5,reviewed,us,us
2026-01-01T23:27:18.120Z,13.2479,146.0834,10,4.8,mb,39,82,1.994,0.84,us,us7000rre2,2026-02-03T00:39:35.040Z,"133 km ESE of Yigo Village, Guam",earthquake,11.21,1.885,0.094,37,reviewed,us,us
2026-01-01T22:49:46.878Z,-21.6906,-68.5036,131.526,4.7,mb,45,40,0.694,1.02,us,us7000rlzy,2026-01-26T06:05:50.040Z,"57 km SSW of Ollagüe, Chile",earthquake,6.48,5.516,0.097,33,reviewed,us,us
2026-01-01T22:13:04.383Z,17.7176,145.9978,120.325,4.5,mb,48,83,2.471,0.83,us,us7000rre0,2026-02-02T02:07:32.040Z,"278 km N of Saipan, Northern Mariana Islands",earthquake,11.6,7.549,0.077,53,reviewed,us,us
2026-01-01T21:35:02.491Z,-18.6924,168.6565,139.06,5.2,mb,42,79,3.514,0.92,us,us7000rlzn,2026-01-26T05:00:17.040Z,"111 km SSE of Port-Vila, Vanuatu",earthquake,8.25,5.759,0.067,73,reviewed,us,us
2026-01-01T20:09:26.540Z,51.607,159.5277,35,4.5,mb,67,135,1.518,0.86,us,us7000rlz9,2026-01-24T18:24:48.040Z,"166 km SSE of Vilyuchinsk, Russia",earthquake,5.85,1.897,0.068,64,reviewed,us,us
2026-01-01T19:35:10.165Z,2.2262,127.4086,106.385,4.4,mb,73,74,3.148,0.74,us,us7000rlyz,2026-01-24T18:09:35.040Z,"86 km NW of Tobelo, Indonesia",earthquake,5.17,7.196,0.069,61,reviewed,us,us
2026-01-01T19:26:55.657Z,45.3919,118.4334,9.401,4.7,mb,69,63,3.981,0.61,us,us7000rlz4,2026-01-24T18:16:34.040Z,"247 km NE of Xilin Hot, China",earthquake,7.91,2.732,0.051,118,reviewed,us,us
2026-01-01T16:50:20.975Z,51.0674,158.1111,56.272,4.2,mb,39,127,2.06,0.66,us,us7000rrdw,2026-01-30T20:21:08.040Z,"122 km ESE of Ozernovskiy, Russia",earthquake,4.58,8.966,0.101,27,reviewed,us,us
2026-01-01T16:21:28.336Z,56.1601,164.6588,37.782,4.5,mb,21,115,5.068,0.46,us,us7000rrdv,2026-01-30T20:16:22.040Z,"135 km E of Ust’-Kamchatsk Staryy, Russia",earthquake,11.91,9.232,0.113,23,reviewed,us,us
2026-01-01T16:11:06.020Z,10.5874,-62.6707,29.894,4.1,mb,21,172,4.439,0.71,us,us7000rrdt,2026-03-15T18:45:45.040Z,"17 km E of Yaguaraparo, Venezuela",earthquake,11.57,7.35,0.198,7,reviewed,us,us
2026-01-01T15:56:10.776Z,43.9415,142.2978,190.084,4.2,mb,53,111,0.277,0.82,us,us7000rlxx,2026-01-30T16:58:28.040Z,"13 km SW of Wassamu, Japan",earthquake,10.14,8.101,0.085,38,reviewed,us,us
2026-01-01T15:30:25.540Z,-16.2386,168.0771,185.005,4.6,mb,31,189,1.152,0.93,us,us7000rrds,2026-01-30T16:31:59.040Z,"72 km ESE of Lakatoro, Vanuatu",earthquake,11.59,7.577,0.116,22,reviewed,us,us
2026-01-01T15:16:38.289Z,51.8815,159.4502,82.215,4.4,mb,35,131,1.63,1.38,us,us7000rlxt,2026-02-28T17:07:19.040Z,"136 km SSE of Vilyuchinsk, Russia",earthquake,12.44,8.568,0.092,34,reviewed,us,us
2026-01-01T14:16:38.715Z,14.1802,51.9094,10,4.7,mb,44,133,7.299,0.7,us,us7000rlzs,2026-01-30T16:18:34.040Z,"223 km N of Kilmia, Yemen",earthquake,6.89,1.905,0.084,43,reviewed,us,us
2026-01-01T14:02:50.757Z,13.994,52.279,10,4.7,mb,46,70,7.671,0.7,us,us7000rlxk,2026-02-28T17:14:32.040Z,"194 km NW of Qalansīyah, Yemen",earthquake,10.01,1.89,0.086,41,reviewed,us,us
2026-01-01T13:35:34.520Z,19.2151,-68.9508,37,3.99,md,24,189,0.9033,0.7,pr,pr2026001000,2026-01-30T15:49:38.040Z,"27 km NNE of Miches, Dominican Republic",earthquake,3.55,10.19,0.06,22,reviewed,pr,pr
2026-01-01T13:25:40.156Z,-37.1241,-72.962,42.135,4,mwr,29,144,1.843,0.55,us,us7000rlx9,2026-02-28T17:17:27.040Z,"17 km ESE of Lota, Chile",earthquake,8.32,6.793,0.068,21,reviewed,us,us
2026-01-01T13:18:59.369Z,22.8108,95.9011,10,5,mb,70,52,1.84,0.76,us,us7000rlx8,2026-01-30T15:45:49.223Z,"33 km NE of Shwebo, Burma (Myanmar)",earthquake,6.93,1.823,0.071,64,reviewed,us,us
2026-01-01T12:52:15.835Z,60.5848,-139.9587,5,3.7,ml,41,55,0.512,1.25,us,us7000rlwz,2026-01-28T10:38:28.116Z,"116 km N of Yakutat, Alaska",earthquake,2.58,1.895,0.036,100,reviewed,us,us
2026-01-01T12:46:23.890Z,39.6934,143.2198,44.371,4.3,mb,25,139,1.98,0.51,us,us7000rrdp,2026-02-02T14:26:48.040Z,"109 km E of Miyako, Japan",earthquake,6.97,8.635,0.218,10,reviewed,us,us
2026-01-01T12:37:06.282Z,10.4676,-72.1167,25.47,4.6,mb,40,59,2.148,1.15,us,us7000rlwx,2026-02-27T15:16:23.040Z,"26 km NE of La Villa del Rosario, Venezuela",earthquake,8.72,5.153,0.092,35,reviewed,us,us
2026-01-01T12:06:44.087Z,56.1138,163.9457,62.335,4,mb,38,134,4.717,0.83,us,us7000rrdn,2026-01-29T08:41:55.040Z,"92 km E of Ust’-Kamchatsk Staryy, Russia",earthquake,10.43,7.662,0.113,25,reviewed,us,us
2026-01-01T12:00:36.566Z,60.4976,-140.0576,5,3.7,ml,40,58,0.415,1.11,us,us7000rlwk,2026-01-28T10:29:21.552Z,"107 km N of Yakutat, Alaska",earthquake,1.9,1.893,0.037,96,reviewed,us,us
2026-01-01T11:42:55.097Z,53.3485,153.6511,480.466,4,mb,59,104,2.445,0.85,us,us7000rrdl,2026-02-03T06:48:33.040Z,"282 km NW of Ozernovskiy, Russia",earthquake,12.47,8.556,0.086,39,reviewed,us,us
2026-01-01T10:46:13.510Z,7.7463,126.7833,57.731,5,mb,87,43,1.37,0.95,us,us7000rlvw,2026-01-28T10:04:13.498Z,"26 km ENE of Kinablangan, Philippines",earthquake,8.12,1.311,0.046,149,reviewed,us,us
2026-01-01T10:16:04.997Z,34.2167,70.9642,10,4.1,mb,35,226,4.664,1.27,us,us7000rrdh,2026-02-02T07:49:47.040Z,"9 km ESE of Bāsawul, Afghanistan",earthquake,10.5,1.978,0.15,15,reviewed,us,us
2026-01-01T10:04:09.666Z,51.4301,159.4129,58.854,4.2,mb,21,138,1.984,0.4,us,us7000rrdi,2026-02-27T14:22:12.040Z,"180 km SSE of Vilyuchinsk, Russia",earthquake,11.98,8.087,0.124,22,reviewed,us,us
2026-01-01T09:51:18.340Z,51.4489,159.6481,10,4.3,mb,23,127,2.048,1.24,us,us7000rrdr,2026-02-27T15:33:10.040Z,"185 km SSE of Vilyuchinsk, Russia",earthquake,8.59,1.882,0.122,21,reviewed,us,us
2026-01-01T08:52:29.645Z,64.5562,-17.623,10,4.4,mb,38,107,1.606,0.59,us,us7000rlvd,2026-01-25T10:27:13.040Z,"121 km WNW of Höfn, Iceland",earthquake,8.49,1.911,0.107,25,reviewed,us,us
2026-01-01T07:29:38.399Z,14.1096,52.0177,10,4.3,mb,20,91,9.304,0.45,us,us7000rrda,2026-01-25T09:27:06.040Z,"214 km N of Kilmia, Yemen",earthquake,12.41,1.956,0.133,16,reviewed,us,us
2026-01-01T07:25:02.069Z,60.5299,-140.0943,5,3.5,ml,37,79,0.442,0.64,us,us7000rlut,2026-01-25T09:22:59.756Z,"111 km N of Yakutat, Alaska",earthquake,2.63,1.974,0.036,102,reviewed,us,us
2026-01-01T07:02:50.855Z,60.5522,-140.017,5,3.5,ml,27,97,0.473,0.35,us,us7000rlw0,2026-01-25T08:31:24.118Z,"113 km N of Yakutat, Alaska",earthquake,5.39,2.003,0.045,64,reviewed,us,us
2026-01-01T06:54:58.529Z,60.5426,-140.1891,5,5.3,mww,248,29,0.449,0.59,us,us7000rlum,2026-01-25T08:35:56.111Z,"113 km NNW of Yakutat, Alaska",earthquake,4.47,1.85,0.033,86,reviewed,us,us
2026-01-01T06:54:14.435Z,60.5503,-140.0238,5,4.2,mb,44,64,0.47,0.69,us,us7000rluu,2026-01-25T08:08:01.849Z,"113 km N of Yakutat, Alaska",earthquake,2.63,1.928,0.167,10,reviewed,us,us
2026-01-01T06:51:00.994Z,60.5098,-140.0887,5,4.9,mb,56,59,0.423,0.76,us,us7000rlus,2026-01-25T08:04:43.440Z,"109 km N of Yakutat, Alaska",earthquake,4.22,1.88,0.104,29,reviewed,us,us
2026-01-01T06:49:06.280Z,60.5558,-140.001,5,4.7,mb,30,98,0.478,0.82,us,us7000rluq,2026-03-12T08:49:19.340Z,"113 km N of Yakutat, Alaska",earthquake,3.16,1.923,0.195,11,reviewed,us,us
2026-01-01T06:46:54.742Z,60.5362,-140.0494,5,5.7,mww,516,42,0.453,0.6,us,us7000rluk,2026-01-25T08:00:10.807Z,"111 km N of Yakutat, Alaska",earthquake,4.13,1.754,0.029,114,reviewed,us,us
2026-01-01T06:13:58.023Z,36.8714,71.2337,108.673,4.3,mb,43,196,1.749,0.44,us,us7000rlui,2026-03-12T08:39:32.040Z,"33 km NW of Ashkāsham, Afghanistan",earthquake,11.88,8.996,0.089,36,reviewed,us,us
2026-01-01T06:01:59.223Z,-4.2358,138.4044,136.59,4.9,mb,47,64,2.861,0.68,us,us7000rlug,2026-01-25T07:03:58.040Z,"147 km NNE of Agats, Indonesia",earthquake,8.19,7.497,0.087,41,reviewed,us,us
2026-01-01T05:47:16.321Z,51.3733,159.5163,29.435,4.9,mb,87,128,2.066,0.96,us,us7000rlue,2026-01-25T07:01:37.040Z,"189 km SSE of Vilyuchinsk, Russia",earthquake,10.1,5.755,0.061,84,reviewed,us,us
2026-01-01T05:00:37.532Z,-9.0882,123.9896,88.753,4.2,mb,12,122,0.717,0.49,us,us7000rrdf,2026-01-25T06:56:45.040Z,"45 km WNW of Pante Makasar, Timor Leste",earthquake,13.37,8.137,0.216,6,reviewed,us,us
2026-01-01T04:26:24.045Z,-24.2251,-66.7939,181.147,5.3,mww,65,46,1.795,0.97,us,us7000rlu1,2026-01-24T03:23:43.356Z,"48 km W of San Antonio de los Cobres, Argentina",earthquake,8.62,6.538,0.052,35,reviewed,us,us
2026-01-01T03:05:26.650Z,-6.52,129.939,180.511,5,mww,78,48,1.985,0.57,us,us7000rltq,2026-02-25T02:52:19.040Z,"Banda Sea",earthquake,9.64,6.971,0.086,13,reviewed,us,us
2026-01-01T02:56:20.920Z,4.9101,127.4925,107.314,4.9,mb,92,47,2.014,0.72,us,us7000rltp,2026-01-24T02:27:10.040Z,"216 km SE of Pondaguitan, Philippines",earthquake,4.84,5.857,0.061,85,reviewed,us,us
2026-01-01T02:52:37.859Z,-45.8324,96.1993,10,4.5,mb,16,134,27.841,0.88,us,us7000rrd4,2026-01-24T02:00:05.040Z,"southeast Indian Ridge",earthquake,16.37,1.936,0.15,13,reviewed,us,us
2026-01-01T02:35:04.713Z,-31.9426,-179.5301,203.795,4.4,mb,22,233,5.882,0.74,us,us7000rrde,2026-01-24T01:40:48.040Z,"Kermadec Islands region",earthquake,13.83,10.955,0.13,17,reviewed,us,us
2026-01-01T02:12:59.818Z,51.5185,159.3017,46.115,4.6,mb,40,137,1.872,0.88,us,us7000rltk,2026-01-24T00:11:05.040Z,"168 km SSE of Vilyuchinsk, Russia",earthquake,6.75,7.492,0.09,37,reviewed,us,us
2026-01-01T01:53:01.809Z,-45.6117,96.3592,10,6,mww,67,45,17.24,0.66,us,us7000rltg,2026-01-24T00:05:12.232Z,"southeast Indian Ridge",earthquake,10.14,1.839,0.052,35,reviewed,us,us
2026-01-01T01:25:20.926Z,-56.177,-28.1811,118.207,4.5,mb,22,178,5.119,1,us,us7000rrd6,2026-01-23T23:39:34.040Z,"South Sandwich Islands region",earthquake,14.01,10.633,0.118,21,reviewed,us,us
2026-01-01T00:46:26.988Z,56.3007,-148.7003,10,3.9,mb,44,144,2.59,0.57,us,us7000rlt9,2026-01-30T06:04:28.040Z,"262 km SE of Chiniak, Alaska",earthquake,6.92,1.939,0.137,14,reviewed,us,us
